language_pair,n_annotations,n_documents,n_systems,n_evaluators,score_mean,score_sd,no_error_pct,mean_major_errors,mean_minor_errors
cs-de_DE,8655,128,21,12,83.92905834777585,19.890997280218453,27.579433853264007,1.255690352397458,1.5525129982668977
cs-uk_UA,8425,131,19,7,87.33044510385757,15.972644144671957,45.317507418397625,0.5366172106824926,0.9585756676557864
en-ar_EG,7332,51,19,3,30.307283142389526,37.48508672873059,13.297872340425531,0.43835242771412986,1.2750954719039826
en-bho_IN,6698,50,19,4,71.36891609435652,30.783001191581157,17.841146610928636,1.6386981188414451,1.4286354135562855
en-cs_CZ,7545,60,20,17,78.57654075546719,19.1981492669185,37.97216699801193,0.6307488402915838,1.7008614976805831
en-et_EE,6860,52,19,8,58.123177842565596,25.11439613525523,15.043731778425656,0.9658892128279883,2.910058309037901
en-is_IS,6978,53,19,5,45.79664660361135,28.741568278400894,9.716251074806536,1.540556033247349,3.033677271424477
en-it_IT,7249,54,18,7,69.79914470961512,26.829667616088535,30.693888812249963,0.5523520485584219,1.3647399641329838
en-ja_JP,6691,51,19,40,80.87939022567627,19.889950095087464,57.46525183081752,0.1989239276640263,0.8027200717381557
en-mas_KE,6120,49,19,3,0.8650326797385621,3.998539466021022,0.049019607843137254,1.0395424836601308,0.041176470588235294
en-ru_RU,6659,52,19,6,72.04775491815587,24.931389221410566,30.289833308304548,0.7863042498873705,1.444961705961856
en-sr_Cyrl_RS,7061,50,19,4,79.39668602180994,24.07284119224367,20.337062738988813,1.4591417646225746,1.5431242033706274
en-uk_UA,6784,52,19,2,87.10259433962264,10.191477986533437,62.382075471698116,0.2028301886792453,0.4951356132075472
en-zh_CN,6741,51,19,39,84.51120011867675,18.441842198603613,51.891410769915446,0.2545616377392078,1.170894526034713
