language_pair,evaluator_key,annotator_id,heldout_evaluator_fold,n_annotations,n_documents
cs-de_DE,cs-de_DE::cs-de_#_annotator10,cs-de_#_annotator10,4,58,34
cs-de_DE,cs-de_DE::cs-de_#_annotator11,cs-de_#_annotator11,4,462,95
cs-de_DE,cs-de_DE::cs-de_#_annotator12,cs-de_#_annotator12,4,83,26
cs-de_DE,cs-de_DE::cs-de_#_annotator13,cs-de_#_annotator13,5,508,86
cs-de_DE,cs-de_DE::cs-de_#_annotator2,cs-de_#_annotator2,3,1213,126
cs-de_DE,cs-de_DE::cs-de_#_annotator3,cs-de_#_annotator3,4,934,104
cs-de_DE,cs-de_DE::cs-de_#_annotator4,cs-de_#_annotator4,1,2068,122
cs-de_DE,cs-de_DE::cs-de_#_annotator5,cs-de_#_annotator5,3,127,28
cs-de_DE,cs-de_DE::cs-de_#_annotator6,cs-de_#_annotator6,2,1920,112
cs-de_DE,cs-de_DE::cs-de_#_annotator7,cs-de_#_annotator7,3,168,60
cs-de_DE,cs-de_DE::cs-de_#_annotator8,cs-de_#_annotator8,5,461,83
cs-de_DE,cs-de_DE::cs-de_#_annotator9,cs-de_#_annotator9,5,653,59
cs-uk_UA,cs-uk_UA::cs-uk_#_annotator1,cs-uk_#_annotator1,4,1022,108
cs-uk_UA,cs-uk_UA::cs-uk_#_annotator2,cs-uk_#_annotator2,2,2127,127
cs-uk_UA,cs-uk_UA::cs-uk_#_annotator3,cs-uk_#_annotator3,1,2302,120
cs-uk_UA,cs-uk_UA::cs-uk_#_annotator4,cs-uk_#_annotator4,5,916,94
cs-uk_UA,cs-uk_UA::cs-uk_#_annotator5,cs-uk_#_annotator5,3,1633,131
cs-uk_UA,cs-uk_UA::cs-uk_#_annotator7,cs-uk_#_annotator7,5,388,67
cs-uk_UA,cs-uk_UA::cs-uk_#_annotator8,cs-uk_#_annotator8,4,37,20
en-ar_EG,en-ar_EG::en-ar_#_annotator1,en-ar_#_annotator1,3,333,46
en-ar_EG,en-ar_EG::en-ar_#_annotator2,en-ar_#_annotator2,2,1424,50
en-ar_EG,en-ar_EG::en-ar_#_annotator3,en-ar_#_annotator3,1,5575,51
en-bho_IN,en-bho_IN::en-bho_#_annotator1,en-bho_#_annotator1,3,1422,50
en-bho_IN,en-bho_IN::en-bho_#_annotator2,en-bho_#_annotator2,2,1918,50
en-bho_IN,en-bho_IN::en-bho_#_annotator3,en-bho_#_annotator3,1,2991,50
en-bho_IN,en-bho_IN::en-bho_#_annotator4,en-bho_#_annotator4,4,367,47
en-cs_CZ,en-cs_CZ::en-cs_#_annotator10,en-cs_#_annotator10,5,46,8
en-cs_CZ,en-cs_CZ::en-cs_#_annotator11,en-cs_#_annotator11,4,72,5
en-cs_CZ,en-cs_CZ::en-cs_#_annotator12,en-cs_#_annotator12,3,801,22
en-cs_CZ,en-cs_CZ::en-cs_#_annotator13,en-cs_#_annotator13,4,16,7
en-cs_CZ,en-cs_CZ::en-cs_#_annotator14,en-cs_#_annotator14,5,130,35
en-cs_CZ,en-cs_CZ::en-cs_#_annotator16,en-cs_#_annotator16,2,860,27
en-cs_CZ,en-cs_CZ::en-cs_#_annotator17,en-cs_#_annotator17,2,44,5
en-cs_CZ,en-cs_CZ::en-cs_#_annotator19,en-cs_#_annotator19,5,31,19
en-cs_CZ,en-cs_CZ::en-cs_#_annotator2,en-cs_#_annotator2,5,480,13
en-cs_CZ,en-cs_CZ::en-cs_#_annotator20,en-cs_#_annotator20,4,626,51
en-cs_CZ,en-cs_CZ::en-cs_#_annotator3,en-cs_#_annotator3,4,50,28
en-cs_CZ,en-cs_CZ::en-cs_#_annotator4,en-cs_#_annotator4,3,417,43
en-cs_CZ,en-cs_CZ::en-cs_#_annotator5,en-cs_#_annotator5,4,434,14
en-cs_CZ,en-cs_CZ::en-cs_#_annotator6,en-cs_#_annotator6,2,319,7
en-cs_CZ,en-cs_CZ::en-cs_#_annotator7,en-cs_#_annotator7,5,541,49
en-cs_CZ,en-cs_CZ::en-cs_#_annotator8,en-cs_#_annotator8,1,2647,59
en-cs_CZ,en-cs_CZ::en-cs_#_annotator9,en-cs_#_annotator9,4,31,5
en-et_EE,en-et_EE::en-et_#_annotator1,en-et_#_annotator1,2,1218,51
en-et_EE,en-et_EE::en-et_#_annotator2,en-et_#_annotator2,5,884,52
en-et_EE,en-et_EE::en-et_#_annotator3,en-et_#_annotator3,4,1010,51
en-et_EE,en-et_EE::en-et_#_annotator4,en-et_#_annotator4,3,254,43
en-et_EE,en-et_EE::en-et_#_annotator5,en-et_#_annotator5,3,1174,52
en-et_EE,en-et_EE::en-et_#_annotator6,en-et_#_annotator6,1,1375,52
en-et_EE,en-et_EE::en-et_#_annotator7,en-et_#_annotator7,5,482,44
en-et_EE,en-et_EE::en-et_#_annotator8,en-et_#_annotator8,4,463,45
en-is_IS,en-is_IS::en-is_#_annotator1,en-is_#_annotator1,2,1812,53
en-is_IS,en-is_IS::en-is_#_annotator2,en-is_#_annotator2,4,1553,53
en-is_IS,en-is_IS::en-is_#_annotator3,en-is_#_annotator3,1,1842,53
en-is_IS,en-is_IS::en-is_#_annotator4,en-is_#_annotator4,3,1582,52
en-is_IS,en-is_IS::en-is_#_annotator5,en-is_#_annotator5,5,189,34
en-it_IT,en-it_IT::en-it_#_annotator1,en-it_#_annotator1,5,631,47
en-it_IT,en-it_IT::en-it_#_annotator2,en-it_#_annotator2,2,1478,53
en-it_IT,en-it_IT::en-it_#_annotator3,en-it_#_annotator3,3,1181,42
en-it_IT,en-it_IT::en-it_#_annotator4,en-it_#_annotator4,4,1154,53
en-it_IT,en-it_IT::en-it_#_annotator5,en-it_#_annotator5,5,1023,51
en-it_IT,en-it_IT::en-it_#_annotator6,en-it_#_annotator6,1,1499,54
en-it_IT,en-it_IT::en-it_#_annotator7,en-it_#_annotator7,4,283,15
en-ja_JP,en-ja_JP::en-ja_#_annotator1,en-ja_#_annotator1,4,32,21
en-ja_JP,en-ja_JP::en-ja_#_annotator10,en-ja_#_annotator10,5,237,37
en-ja_JP,en-ja_JP::en-ja_#_annotator11,en-ja_#_annotator11,1,31,24
en-ja_JP,en-ja_JP::en-ja_#_annotator12,en-ja_#_annotator12,4,216,35
en-ja_JP,en-ja_JP::en-ja_#_annotator13,en-ja_#_annotator13,1,295,47
en-ja_JP,en-ja_JP::en-ja_#_annotator14,en-ja_#_annotator14,5,34,21
en-ja_JP,en-ja_JP::en-ja_#_annotator15,en-ja_#_annotator15,4,46,5
en-ja_JP,en-ja_JP::en-ja_#_annotator16,en-ja_#_annotator16,4,40,1
en-ja_JP,en-ja_JP::en-ja_#_annotator17,en-ja_#_annotator17,3,374,42
en-ja_JP,en-ja_JP::en-ja_#_annotator18,en-ja_#_annotator18,3,102,25
en-ja_JP,en-ja_JP::en-ja_#_annotator19,en-ja_#_annotator19,5,357,42
en-ja_JP,en-ja_JP::en-ja_#_annotator2,en-ja_#_annotator2,5,76,25
en-ja_JP,en-ja_JP::en-ja_#_annotator20,en-ja_#_annotator20,5,25,15
en-ja_JP,en-ja_JP::en-ja_#_annotator21,en-ja_#_annotator21,5,221,43
en-ja_JP,en-ja_JP::en-ja_#_annotator22,en-ja_#_annotator22,2,30,3
en-ja_JP,en-ja_JP::en-ja_#_annotator23,en-ja_#_annotator23,4,47,26
en-ja_JP,en-ja_JP::en-ja_#_annotator24,en-ja_#_annotator24,1,228,9
en-ja_JP,en-ja_JP::en-ja_#_annotator25,en-ja_#_annotator25,3,44,5
en-ja_JP,en-ja_JP::en-ja_#_annotator26,en-ja_#_annotator26,3,291,43
en-ja_JP,en-ja_JP::en-ja_#_annotator27,en-ja_#_annotator27,3,30,21
en-ja_JP,en-ja_JP::en-ja_#_annotator28,en-ja_#_annotator28,1,35,18
en-ja_JP,en-ja_JP::en-ja_#_annotator29,en-ja_#_annotator29,2,395,40
en-ja_JP,en-ja_JP::en-ja_#_annotator3,en-ja_#_annotator3,5,352,31
en-ja_JP,en-ja_JP::en-ja_#_annotator30,en-ja_#_annotator30,2,303,36
en-ja_JP,en-ja_JP::en-ja_#_annotator31,en-ja_#_annotator31,4,316,34
en-ja_JP,en-ja_JP::en-ja_#_annotator32,en-ja_#_annotator32,2,41,4
en-ja_JP,en-ja_JP::en-ja_#_annotator33,en-ja_#_annotator33,1,452,13
en-ja_JP,en-ja_JP::en-ja_#_annotator34,en-ja_#_annotator34,2,198,24
en-ja_JP,en-ja_JP::en-ja_#_annotator35,en-ja_#_annotator35,4,266,42
en-ja_JP,en-ja_JP::en-ja_#_annotator36,en-ja_#_annotator36,3,306,35
en-ja_JP,en-ja_JP::en-ja_#_annotator37,en-ja_#_annotator37,3,152,34
en-ja_JP,en-ja_JP::en-ja_#_annotator38,en-ja_#_annotator38,2,262,27
en-ja_JP,en-ja_JP::en-ja_#_annotator39,en-ja_#_annotator39,1,112,28
en-ja_JP,en-ja_JP::en-ja_#_annotator4,en-ja_#_annotator4,4,372,32
en-ja_JP,en-ja_JP::en-ja_#_annotator40,en-ja_#_annotator40,2,34,3
en-ja_JP,en-ja_JP::en-ja_#_annotator5,en-ja_#_annotator5,3,39,6
en-ja_JP,en-ja_JP::en-ja_#_annotator6,en-ja_#_annotator6,2,76,6
en-ja_JP,en-ja_JP::en-ja_#_annotator7,en-ja_#_annotator7,1,41,6
en-ja_JP,en-ja_JP::en-ja_#_annotator8,en-ja_#_annotator8,1,143,27
en-ja_JP,en-ja_JP::en-ja_#_annotator9,en-ja_#_annotator9,5,40,5
en-mas_KE,en-mas_KE::en-mas_#_annotator1,en-mas_#_annotator1,3,35,25
en-mas_KE,en-mas_KE::en-mas_#_annotator2,en-mas_#_annotator2,1,5362,49
en-mas_KE,en-mas_KE::en-mas_#_annotator3,en-mas_#_annotator3,2,723,45
en-ru_RU,en-ru_RU::en-ru_#_annotator1,en-ru_#_annotator1,2,2103,51
en-ru_RU,en-ru_RU::en-ru_#_annotator2,en-ru_#_annotator2,5,168,36
en-ru_RU,en-ru_RU::en-ru_#_annotator3,en-ru_#_annotator3,1,2956,51
en-ru_RU,en-ru_RU::en-ru_#_annotator4,en-ru_#_annotator4,5,218,23
en-ru_RU,en-ru_RU::en-ru_#_annotator5,en-ru_#_annotator5,3,852,44
en-ru_RU,en-ru_RU::en-ru_#_annotator6,en-ru_#_annotator6,4,362,47
en-sr_Cyrl_RS,en-sr_Cyrl_RS::en-sr_#_annotator1,en-sr_#_annotator1,1,3319,50
en-sr_Cyrl_RS,en-sr_Cyrl_RS::en-sr_#_annotator2,en-sr_#_annotator2,2,3108,50
en-sr_Cyrl_RS,en-sr_Cyrl_RS::en-sr_#_annotator3,en-sr_#_annotator3,4,154,13
en-sr_Cyrl_RS,en-sr_Cyrl_RS::en-sr_#_annotator4,en-sr_#_annotator4,3,480,48
en-uk_UA,en-uk_UA::en-uk_#_annotator1,en-uk_#_annotator1,1,3448,52
en-uk_UA,en-uk_UA::en-uk_#_annotator2,en-uk_#_annotator2,2,3336,52
en-zh_CN,en-zh_CN::en-zh_#_annotator1,en-zh_#_annotator1,4,344,35
en-zh_CN,en-zh_CN::en-zh_#_annotator10,en-zh_#_annotator10,1,283,12
en-zh_CN,en-zh_CN::en-zh_#_annotator11,en-zh_#_annotator11,5,83,24
en-zh_CN,en-zh_CN::en-zh_#_annotator12,en-zh_#_annotator12,5,197,38
en-zh_CN,en-zh_CN::en-zh_#_annotator13,en-zh_#_annotator13,2,214,12
en-zh_CN,en-zh_CN::en-zh_#_annotator14,en-zh_#_annotator14,4,201,28
en-zh_CN,en-zh_CN::en-zh_#_annotator15,en-zh_#_annotator15,5,223,30
en-zh_CN,en-zh_CN::en-zh_#_annotator16,en-zh_#_annotator16,3,219,31
en-zh_CN,en-zh_CN::en-zh_#_annotator17,en-zh_#_annotator17,3,85,5
en-zh_CN,en-zh_CN::en-zh_#_annotator18,en-zh_#_annotator18,2,139,25
en-zh_CN,en-zh_CN::en-zh_#_annotator19,en-zh_#_annotator19,5,109,27
en-zh_CN,en-zh_CN::en-zh_#_annotator2,en-zh_#_annotator2,2,167,11
en-zh_CN,en-zh_CN::en-zh_#_annotator20,en-zh_#_annotator20,5,19,13
en-zh_CN,en-zh_CN::en-zh_#_annotator21,en-zh_#_annotator21,2,43,3
en-zh_CN,en-zh_CN::en-zh_#_annotator22,en-zh_#_annotator22,2,30,21
en-zh_CN,en-zh_CN::en-zh_#_annotator23,en-zh_#_annotator23,5,298,42
en-zh_CN,en-zh_CN::en-zh_#_annotator24,en-zh_#_annotator24,1,209,31
en-zh_CN,en-zh_CN::en-zh_#_annotator25,en-zh_#_annotator25,4,75,27
en-zh_CN,en-zh_CN::en-zh_#_annotator26,en-zh_#_annotator26,1,41,3
en-zh_CN,en-zh_CN::en-zh_#_annotator27,en-zh_#_annotator27,1,27,20
en-zh_CN,en-zh_CN::en-zh_#_annotator28,en-zh_#_annotator28,1,390,14
en-zh_CN,en-zh_CN::en-zh_#_annotator29,en-zh_#_annotator29,3,295,32
en-zh_CN,en-zh_CN::en-zh_#_annotator3,en-zh_#_annotator3,3,112,8
en-zh_CN,en-zh_CN::en-zh_#_annotator30,en-zh_#_annotator30,1,114,35
en-zh_CN,en-zh_CN::en-zh_#_annotator31,en-zh_#_annotator31,2,379,42
en-zh_CN,en-zh_CN::en-zh_#_annotator32,en-zh_#_annotator32,3,366,45
en-zh_CN,en-zh_CN::en-zh_#_annotator33,en-zh_#_annotator33,1,184,36
en-zh_CN,en-zh_CN::en-zh_#_annotator34,en-zh_#_annotator34,3,47,4
en-zh_CN,en-zh_CN::en-zh_#_annotator35,en-zh_#_annotator35,4,152,31
en-zh_CN,en-zh_CN::en-zh_#_annotator36,en-zh_#_annotator36,3,31,3
en-zh_CN,en-zh_CN::en-zh_#_annotator37,en-zh_#_annotator37,3,191,7
en-zh_CN,en-zh_CN::en-zh_#_annotator38,en-zh_#_annotator38,2,82,1
en-zh_CN,en-zh_CN::en-zh_#_annotator39,en-zh_#_annotator39,5,68,23
en-zh_CN,en-zh_CN::en-zh_#_annotator4,en-zh_#_annotator4,4,137,34
en-zh_CN,en-zh_CN::en-zh_#_annotator5,en-zh_#_annotator5,4,75,7
en-zh_CN,en-zh_CN::en-zh_#_annotator6,en-zh_#_annotator6,5,357,44
en-zh_CN,en-zh_CN::en-zh_#_annotator7,en-zh_#_annotator7,2,292,14
en-zh_CN,en-zh_CN::en-zh_#_annotator8,en-zh_#_annotator8,4,357,37
en-zh_CN,en-zh_CN::en-zh_#_annotator9,en-zh_#_annotator9,1,106,7
