language_pair,heldout_evaluator_fold,heldout_document_fold,n_train_annotations,n_validation_annotations,n_test_annotations,n_train_documents,n_validation_documents,n_test_documents,n_train_evaluators,n_heldout_evaluators,n_validation_evaluators,test_evaluators_not_in_train_or_validation,source_groups_disjoint,ridge_alpha_selected_on_validation,ridge_validation_weighted_mae,catboost_best_iteration,catboost_validation_best_rmse
cs-de_DE,1,1,4018,1208,391,82,20,24,11,1,11,True,True,0.1,10.355521760072163,229,13.453811829884158
cs-de_DE,1,2,4217,797,445,83,19,25,11,1,11,True,True,10.0,9.583234069651686,275,12.35237326737725
cs-de_DE,1,3,4205,1040,495,82,20,25,11,1,11,True,True,10.0,10.514934799053739,137,14.056816890928381
cs-de_DE,1,4,4365,1002,333,84,19,23,11,1,11,True,True,0.1,10.245017753054821,127,13.279564844160234
cs-de_DE,1,5,4235,1261,404,83,20,25,11,1,11,True,True,1.0,10.790692065304293,204,14.09298451297214
cs-de_DE,2,1,4250,1170,437,82,20,23,11,1,11,True,True,0.1,9.666320698526839,146,12.568663538935533
cs-de_DE,2,2,4245,944,472,83,19,26,11,1,11,True,True,10.0,8.823227698726795,267,11.45033974381239
cs-de_DE,2,3,4285,955,342,82,20,22,11,1,11,True,True,10.0,9.950540641226926,204,13.218627410266706
cs-de_DE,2,4,4468,1083,369,84,19,21,11,1,11,True,True,0.1,9.866812772181639,116,12.550198650715862
cs-de_DE,2,5,4392,1148,300,83,20,20,11,1,11,True,True,10.0,10.12243946196873,133,13.242463843326536
cs-de_DE,3,1,4437,1272,314,82,20,26,9,3,9,True,True,1.0,10.341023265281834,222,13.432042745515812
cs-de_DE,3,2,4534,965,370,83,19,26,9,3,9,True,True,10.0,10.34946103384039,239,12.845020386044286
cs-de_DE,3,3,4616,1043,349,82,20,26,9,3,9,True,True,10.0,11.684750467863463,112,15.368761815100262
cs-de_DE,3,4,4702,1163,271,84,19,25,9,3,9,True,True,0.1,10.771094387216422,113,13.652640202998375
cs-de_DE,3,5,4632,1224,204,83,20,25,9,3,9,True,True,10.0,11.200135125114286,192,14.254097653092229
cs-de_DE,4,1,4416,1254,304,82,20,26,8,4,8,True,True,10.0,9.812685410858847,179,14.327199101993525
cs-de_DE,4,2,4414,971,285,83,19,26,8,4,8,True,True,100.0,7.593166625614375,153,10.936051869480952
cs-de_DE,4,3,4613,1002,334,82,20,25,8,4,8,True,True,100.0,8.898710385277619,146,12.793024208688166
cs-de_DE,4,4,4641,1254,330,84,19,25,8,4,8,True,True,100.0,8.35395309986035,122,12.422327550441107
cs-de_DE,4,5,4569,1338,284,83,20,25,8,4,8,True,True,100.0,9.279420137429362,218,13.799491791155925
cs-de_DE,5,1,4387,1200,306,82,20,25,9,3,9,True,True,100.0,9.387935989323484,176,12.093432324639737
cs-de_DE,5,2,4506,955,446,83,19,25,9,3,9,True,True,0.1,9.114903980344215,244,12.12956029551327
cs-de_DE,5,3,4401,1112,317,82,20,25,9,3,9,True,True,10.0,9.455506680440552,143,12.74602917701899
cs-de_DE,5,4,4548,1182,250,84,19,23,9,3,9,True,True,0.1,9.10194647943039,361,11.712594060849833
cs-de_DE,5,5,4588,1253,303,83,20,24,9,3,9,True,True,10.0,10.082683416066848,135,13.355009992910908
cs-uk_UA,1,1,3787,949,558,84,20,25,6,1,6,True,True,1.0,9.309669368880282,204,14.26666710176043
cs-uk_UA,1,2,3958,959,632,85,20,25,6,1,6,True,True,10.0,8.062532158473832,146,10.710975922573486
cs-uk_UA,1,3,3920,1005,447,85,20,25,6,1,6,True,True,100.0,7.353005191555802,265,9.01695953443357
cs-uk_UA,1,4,4034,982,358,84,21,23,6,1,6,True,True,10.0,9.87896891096948,139,14.759367845482842
cs-uk_UA,1,5,4022,876,307,85,20,22,6,1,6,True,True,100.0,10.69764246156194,44,12.958072712059655
cs-uk_UA,2,1,3895,956,498,84,20,27,6,1,6,True,True,0.1,8.543408736083364,198,13.965625706539113
cs-uk_UA,2,2,3999,815,354,85,20,26,6,1,6,True,True,10.0,7.62106435940192,100,10.422409710018067
cs-uk_UA,2,3,4089,960,396,85,20,25,6,1,6,True,True,100.0,7.444162923766424,499,8.891687968095459
cs-uk_UA,2,4,4262,937,366,84,21,24,6,1,6,True,True,100.0,9.674132833353974,121,14.954880621963387
cs-uk_UA,2,5,4199,1080,513,85,20,25,6,1,6,True,True,100.0,9.055920449501258,36,11.548819838118941
cs-uk_UA,3,1,4217,1006,376,84,20,27,6,1,6,True,True,10.0,9.62005131673839,123,14.386062626586963
cs-uk_UA,3,2,4373,957,376,85,20,26,6,1,6,True,True,10.0,8.277344375697254,80,11.063567910985743
cs-uk_UA,3,3,4441,1011,305,85,20,26,6,1,6,True,True,0.1,7.645405926135597,229,9.19120150195411
cs-uk_UA,3,4,4513,1101,287,84,21,26,6,1,6,True,True,100.0,10.214759088230416,134,14.75700844767834
cs-uk_UA,3,5,4455,1094,289,85,20,26,6,1,6,True,True,100.0,10.750605854730086,36,13.090649135138422
cs-uk_UA,4,1,4513,1139,231,84,20,25,5,2,5,True,True,100.0,4.961234540946199,312,7.898596705751629
cs-uk_UA,4,2,4752,1015,239,85,20,25,5,2,5,True,True,10.0,5.103074512799293,296,8.082080477468566
cs-uk_UA,4,3,4883,1075,237,85,20,23,5,2,5,True,True,10.0,4.353088669756647,114,7.1677092950671435
cs-uk_UA,4,4,4864,1208,171,84,21,21,5,2,5,True,True,100.0,4.849557839544634,251,7.527992777169633
cs-uk_UA,4,5,4858,1157,181,85,20,22,5,2,5,True,True,10.0,5.607497019693339,311,8.386413722989046
cs-uk_UA,5,1,4380,1078,282,84,20,27,5,2,5,True,True,0.1,9.974303255211517,179,14.512968171123468
cs-uk_UA,5,2,4514,1006,237,85,20,24,5,2,5,True,True,100.0,9.131158212241468,79,11.691670244294741
cs-uk_UA,5,3,4659,1077,260,85,20,25,5,2,5,True,True,100.0,8.191568378314509,252,9.161427648012559
cs-uk_UA,5,4,4751,1188,283,84,21,26,5,2,5,True,True,100.0,11.085992475292938,234,15.655542968528023
cs-uk_UA,5,5,4666,1165,242,85,20,23,5,2,5,True,True,100.0,10.83820186983012,49,13.894370278902763
en-ar_EG,1,1,823,322,1911,32,8,11,2,1,2,True,True,10.0,5.315756683148862,316,8.87227763769264
en-ar_EG,1,2,1280,140,1229,33,8,10,2,1,2,True,True,10.0,4.502433382488611,147,8.168467885110216
en-ar_EG,1,3,1193,235,927,33,8,10,2,1,2,True,True,0.1,3.857240481206219,114,8.655424243378075
en-ar_EG,1,4,1286,214,792,33,8,10,2,1,2,True,True,1.0,6.792144737881598,113,12.807869130828713
en-ar_EG,1,5,1333,202,716,33,8,10,2,1,2,True,True,10.0,5.2943911335048535,82,11.263964771089412
en-ar_EG,2,1,2460,1457,532,32,8,11,2,1,2,True,True,10.0,5.106417835919853,488,8.489257382589088
en-ar_EG,2,2,4210,365,233,33,8,9,2,1,2,True,True,10.0,5.104851865019265,138,7.764574869162363
en-ar_EG,2,3,4227,704,279,33,8,10,2,1,2,True,True,0.1,4.074356006958455,120,8.51660442014674
en-ar_EG,2,4,4308,763,212,33,8,10,2,1,2,True,True,10.0,7.18130907887393,99,12.960166676265718
en-ar_EG,2,5,4558,580,168,33,8,10,2,1,2,True,True,100.0,6.804763944259151,184,12.07091052776895
en-ar_EG,3,1,2975,1581,80,32,8,11,2,1,2,True,True,10.0,4.5013357809468575,244,7.865943646859239
en-ar_EG,3,2,5062,475,104,33,8,8,2,1,2,True,True,0.1,3.8713827652713713,373,6.665870351262127
en-ar_EG,3,3,4920,873,50,33,8,7,2,1,2,True,True,0.1,2.95591520036772,261,6.340559700898584
en-ar_EG,3,4,5112,883,45,33,8,10,2,1,2,True,True,0.1,5.401615656331494,362,8.304976102909231
en-ar_EG,3,5,5417,698,54,33,8,10,2,1,2,True,True,0.1,3.26268762550294,106,6.51804836586819
en-bho_IN,1,1,2226,818,389,32,8,10,3,1,3,True,True,0.1,10.117796981392718,490,13.424638160213512
en-bho_IN,1,2,2730,428,481,32,8,10,3,1,3,True,True,0.1,10.07474264171337,373,13.661503439396366
en-bho_IN,1,3,2602,637,557,32,8,10,3,1,3,True,True,0.1,9.663743200781155,183,12.254307694918168
en-bho_IN,1,4,2611,304,427,32,8,10,3,1,3,True,True,0.1,10.07987458441598,270,14.03093100239624
en-bho_IN,1,5,1991,481,1137,32,8,10,3,1,3,True,True,0.1,8.934178113782533,499,10.710939034061429
en-bho_IN,2,1,3162,842,276,32,8,10,3,1,3,True,True,0.1,11.712889661507502,454,15.149582272905409
en-bho_IN,2,2,3376,636,262,32,8,10,3,1,3,True,True,1.0,10.950927724976667,113,14.209213210158692
en-bho_IN,2,3,3089,850,184,32,8,10,3,1,3,True,True,0.1,10.703371683517263,298,13.742878089402083
en-bho_IN,2,4,3552,414,405,32,8,10,3,1,3,True,True,0.1,10.534464009555867,307,13.940020086295098
en-bho_IN,2,5,2570,629,791,32,8,10,3,1,3,True,True,10.0,10.718211137247586,486,12.407807633774642
en-bho_IN,3,1,3608,903,287,32,8,10,3,1,3,True,True,10.0,6.6936442764724555,133,10.56438695385058
en-bho_IN,3,2,3780,693,227,32,8,10,3,1,3,True,True,0.1,6.172389708963713,170,9.500185896846405
en-bho_IN,3,3,3485,998,232,32,8,10,3,1,3,True,True,0.1,6.455798932137056,283,10.139912583285644
en-bho_IN,3,4,3986,412,341,32,8,10,3,1,3,True,True,10.0,6.37212092697475,370,9.3065123875686
en-bho_IN,3,5,2658,581,335,32,8,10,3,1,3,True,True,0.1,5.212642668831112,139,8.755284816572761
en-bho_IN,4,1,4159,1220,100,32,8,10,3,1,3,True,True,1.0,12.535079930009566,380,15.663569929504598
en-bho_IN,4,2,4565,796,60,32,8,9,3,1,3,True,True,0.1,11.09045248688226,148,13.563253411041972
en-bho_IN,4,3,4207,1151,52,32,8,9,3,1,3,True,True,0.1,11.419532732187234,192,14.29076820885836
en-bho_IN,4,4,4674,484,46,32,8,9,3,1,3,True,True,0.1,11.003298919299143,298,14.716289201132973
en-bho_IN,4,5,3299,769,109,32,8,10,3,1,3,True,True,0.1,11.345465647447874,330,12.893778731993809
en-cs_CZ,1,1,4046,279,362,39,9,11,16,1,13,True,True,100.0,9.961507854356723,114,12.591720161426105
en-cs_CZ,1,2,3620,453,439,39,9,12,16,1,13,True,True,100.0,9.037424705612063,250,11.1487393483384
en-cs_CZ,1,3,3292,758,451,39,9,12,16,1,16,True,True,100.0,10.48858527758527,185,12.1321467149454
en-cs_CZ,1,4,3769,347,455,39,9,12,16,1,12,True,True,100.0,8.945903904286943,139,10.869767823022437
en-cs_CZ,1,5,2587,441,940,39,9,12,16,1,13,True,True,100.0,10.234833478668875,486,11.864691008327592
en-cs_CZ,2,1,5005,484,102,39,9,4,14,3,11,True,True,100.0,11.073436466227475,443,13.24635279641484
en-cs_CZ,2,2,4535,708,185,39,9,5,14,3,13,True,True,100.0,9.423905620387004,192,11.395193340663099
en-cs_CZ,2,3,4271,970,218,39,9,6,14,3,14,True,True,100.0,10.582432778005087,153,12.62950865092921
en-cs_CZ,2,4,4750,527,192,39,9,6,14,3,11,True,True,100.0,9.586325267829906,117,11.554426700217046
en-cs_CZ,2,5,3340,698,526,39,9,6,14,3,13,True,True,100.0,10.308295096809656,355,11.965013065760724
en-cs_CZ,3,1,5029,460,97,39,9,11,15,2,12,True,True,100.0,9.979863847514938,227,12.583308566654223
en-cs_CZ,3,2,4600,730,267,39,9,12,15,2,12,True,True,100.0,9.389374329046056,244,11.61659448191536
en-cs_CZ,3,3,4449,876,297,39,9,12,15,2,15,True,True,100.0,10.734355230750632,223,12.52013139634711
en-cs_CZ,3,4,4912,441,263,39,9,11,15,2,11,True,True,100.0,9.298411721409245,147,11.646805980594248
en-cs_CZ,3,5,3086,725,294,39,9,12,15,2,12,True,True,100.0,10.246201419007276,497,12.054468742118306
en-cs_CZ,4,1,5102,443,164,39,9,11,11,6,10,True,True,0.1,9.588020228468924,86,12.026365348052764
en-cs_CZ,4,2,4557,651,156,39,9,12,11,6,9,True,True,100.0,8.527070292567753,158,11.165095988953613
en-cs_CZ,4,3,4190,1017,190,39,9,12,11,6,11,True,True,0.1,9.168283822907597,147,11.177816719264284
en-cs_CZ,4,4,4675,523,119,39,9,12,11,6,9,True,True,100.0,7.84869534258319,198,10.578464996525259
en-cs_CZ,4,5,3470,636,600,39,9,12,11,6,9,True,True,100.0,9.783223925486878,225,12.198779160128801
en-cs_CZ,5,1,5222,370,210,39,9,12,12,5,10,True,True,0.1,9.922673508077052,195,12.310857383549713
en-cs_CZ,5,2,4696,574,217,39,9,12,12,5,9,True,True,100.0,9.543933892931555,418,10.979457806043655
en-cs_CZ,5,3,4190,971,143,39,9,11,12,5,12,True,True,0.1,10.626060469815243,292,13.033746850118941
en-cs_CZ,5,4,4742,546,208,39,9,12,12,5,9,True,True,100.0,9.083419146590005,380,10.960488820220121
en-cs_CZ,5,5,3397,560,450,39,9,11,12,5,9,True,True,100.0,10.159496259067902,335,12.306183914243926
en-et_EE,1,1,4516,308,200,33,8,11,7,1,7,True,True,0.1,13.194001148047027,253,15.354633810616276
en-et_EE,1,2,2232,833,596,33,8,11,7,1,7,True,True,100.0,13.006806582271878,265,16.00587792226574
en-et_EE,1,3,3799,764,276,34,8,10,7,1,7,True,True,0.1,13.368190837909133,453,16.046306046256568
en-et_EE,1,4,4181,565,168,34,8,10,7,1,7,True,True,0.1,12.82580887435774,271,15.43117536390434
en-et_EE,1,5,4107,635,135,34,8,10,7,1,7,True,True,0.1,13.6068929048254,499,15.997791572475744
en-et_EE,2,1,4543,350,112,33,8,10,7,1,7,True,True,0.1,14.857005729939857,497,17.594689258722624
en-et_EE,2,2,2296,908,578,33,8,11,7,1,7,True,True,100.0,14.614359712969332,202,18.127901728390725
en-et_EE,2,3,3827,812,195,34,8,10,7,1,7,True,True,0.1,14.570542731281332,422,17.952677482742804
en-et_EE,2,4,4267,639,171,34,8,10,7,1,7,True,True,100.0,14.664531138313798,162,18.22723933987478
en-et_EE,2,5,4211,715,162,34,8,10,7,1,7,True,True,0.1,15.046738991811766,499,18.750292992576863
en-et_EE,3,1,4407,296,132,33,8,11,6,2,6,True,True,100.0,11.162519983053988,496,13.652727631331638
en-et_EE,3,2,2385,722,691,33,8,11,6,2,6,True,True,10.0,11.171514465083137,185,13.430269004128078
en-et_EE,3,3,3743,736,245,34,8,10,6,2,6,True,True,0.1,11.096542957704797,220,13.414233298704536
en-et_EE,3,4,4216,500,191,34,8,10,6,2,6,True,True,10.0,11.196932767608942,141,13.431555557281712
en-et_EE,3,5,3953,770,169,34,8,10,6,2,6,True,True,100.0,11.052814147793248,314,14.063246487016341
en-et_EE,4,1,4417,306,197,33,8,11,6,2,6,True,True,0.1,14.037456442479748,256,17.603149588034906
en-et_EE,4,2,2276,749,654,33,8,11,6,2,6,True,True,0.1,14.912593523003988,186,18.850560016729528
en-et_EE,4,3,3766,658,235,34,8,10,6,2,6,True,True,0.1,15.457758808395257,457,18.886971470081875
en-et_EE,4,4,4149,526,195,34,8,9,6,2,6,True,True,0.1,14.50479455029913,205,18.805747942645986
en-et_EE,4,5,4025,676,192,34,8,10,6,2,6,True,True,0.1,15.286112966128242,498,18.946004474751707
en-et_EE,5,1,4541,312,220,33,8,11,6,2,6,True,True,0.1,14.679540786539674,286,17.399383889603087
en-et_EE,5,2,2259,716,497,33,8,11,6,2,6,True,True,100.0,13.84701366789307,200,17.828341375569
en-et_EE,5,3,3913,630,247,34,8,10,6,2,6,True,True,10.0,14.105707522352624,221,18.170436886878974
en-et_EE,5,4,4271,498,182,34,8,10,6,2,6,True,True,100.0,14.118650808788143,108,18.13385294651074
en-et_EE,5,5,4148,688,220,34,8,10,6,2,6,True,True,0.1,13.70457412768164,370,17.741417072172393
en-is_IS,1,1,3747,752,250,34,8,11,4,1,4,True,True,0.1,13.176534433305399,494,14.96581841665424
en-is_IS,1,2,3452,497,287,34,8,11,4,1,4,True,True,10.0,13.07580154933057,371,14.68995479733336
en-is_IS,1,3,2194,643,790,34,8,11,4,1,4,True,True,1.0,11.9752444984617,364,15.151862216103433
en-is_IS,1,4,4168,426,282,34,9,10,4,1,4,True,True,0.1,12.533731933993232,487,14.53885203000317
en-is_IS,1,5,3880,785,233,34,9,10,4,1,4,True,True,0.1,13.335403483916794,320,14.954804969760879
en-is_IS,2,1,3876,654,251,34,8,11,4,1,4,True,True,100.0,11.648599888977564,398,13.130088813363173
en-is_IS,2,2,3644,484,436,34,8,11,4,1,4,True,True,1.0,11.256217242154909,226,12.25568430809188
en-is_IS,2,3,2194,659,776,34,8,11,4,1,4,True,True,10.0,10.237525396842893,382,12.83815788911249
en-is_IS,2,4,4112,402,172,34,9,10,4,1,4,True,True,0.1,10.419612448769337,359,12.090169075823049
en-is_IS,2,5,3882,757,177,34,9,10,4,1,4,True,True,1.0,11.18916758915731,236,12.87788858650514
en-is_IS,3,1,3977,717,185,34,8,11,4,1,4,True,True,100.0,13.144710864458494,499,14.548118497771329
en-is_IS,3,2,3740,559,377,34,8,11,4,1,4,True,True,0.1,13.093990022810685,212,14.217659940485008
en-is_IS,3,3,2330,706,729,34,8,11,4,1,4,True,True,0.1,11.483394581375983,291,13.845371158185749
en-is_IS,3,4,4303,412,143,34,9,9,4,1,4,True,True,0.1,12.548911014061954,423,14.312658429330952
en-is_IS,3,5,4037,803,148,34,9,10,4,1,4,True,True,0.1,13.211951043390757,206,14.865969626620474
en-is_IS,4,1,3966,753,181,34,8,11,4,1,4,True,True,0.1,13.307453390601472,276,15.422698835425836
en-is_IS,4,2,3691,580,320,34,8,11,4,1,4,True,True,1.0,13.434218814039898,185,15.30324080051177
en-is_IS,4,3,2315,716,695,34,8,11,4,1,4,True,True,1.0,12.305901079737577,228,15.485299999012133
en-is_IS,4,4,4324,493,216,34,9,10,4,1,4,True,True,0.1,12.456962210247012,417,15.422639875354069
en-is_IS,4,5,4046,816,141,34,9,10,4,1,4,True,True,10.0,12.637480587929158,499,15.032702969319027
en-is_IS,5,1,5022,900,20,34,8,9,4,1,4,True,True,0.1,11.7374502886203,475,13.897142113707327
en-is_IS,5,2,4677,692,54,34,8,10,4,1,4,True,True,10.0,10.587512038676163,461,12.566791707032012
en-is_IS,5,3,2911,888,99,34,8,6,4,1,4,True,True,1.0,11.152487532196371,499,14.018965446607234
en-is_IS,5,4,5413,563,11,34,9,5,4,1,4,True,True,0.1,10.539623729489147,306,12.777135741781622
en-is_IS,5,5,5055,1035,5,34,9,4,4,1,4,True,True,0.1,10.801927264988413,286,12.942156536536201
en-it_IT,1,1,3481,1262,377,34,9,11,6,1,6,True,True,100.0,11.548870507166773,336,14.612904952039031
en-it_IT,1,2,4434,328,240,34,9,11,6,1,6,True,True,0.1,11.979617438747605,112,14.375439890131156
en-it_IT,1,3,3709,809,336,34,9,11,6,1,6,True,True,0.1,11.009261781138301,205,13.58345684316226
en-it_IT,1,4,3485,458,417,34,9,11,6,1,6,True,True,0.1,11.35235132018939,175,13.67732018150392
en-it_IT,1,5,4563,471,129,35,9,10,6,1,6,True,True,0.1,11.374597947972726,137,14.07060467805238
en-it_IT,2,1,3513,1213,339,34,9,11,6,1,6,True,True,10.0,10.637564496591171,107,13.651093337789954
en-it_IT,2,2,4408,331,196,34,9,11,6,1,6,True,True,0.1,11.07674178437679,178,13.207490903715666
en-it_IT,2,3,3797,807,401,34,9,11,6,1,6,True,True,0.1,9.992362237684079,134,12.123360978747707
en-it_IT,2,4,3468,437,358,34,9,10,6,1,6,True,True,0.1,10.43116720882547,277,12.629518313936252
en-it_IT,2,5,4606,504,184,35,9,10,6,1,6,True,True,10.0,10.588480937398225,126,12.962691823792445
en-it_IT,3,1,3634,1244,194,34,9,8,6,1,6,True,True,100.0,10.95925811389124,340,14.118653951122393
en-it_IT,3,2,4760,367,287,34,9,9,6,1,6,True,True,0.1,11.8150739214247,133,13.955620646895872
en-it_IT,3,3,3938,792,230,34,9,10,6,1,6,True,True,10.0,10.408477435147994,117,12.748013845654647
en-it_IT,3,4,3652,504,312,34,9,7,6,1,6,True,True,100.0,10.895069227735169,232,13.344901002359801
en-it_IT,3,5,4868,513,158,35,9,8,6,1,6,True,True,0.1,10.991241522992349,121,13.441014551599611
en-it_IT,4,1,3387,1250,209,34,9,10,5,2,5,True,True,10.0,9.6313038147539,248,12.672452089644317
en-it_IT,4,2,4502,387,305,34,9,11,5,2,5,True,True,0.1,9.988157688767298,120,12.589695069718895
en-it_IT,4,3,3753,775,284,34,9,11,5,2,5,True,True,0.1,10.192288133094038,283,12.954318850411894
en-it_IT,4,4,3603,458,473,34,9,11,5,2,5,True,True,10.0,9.985501567154556,201,12.628792718402064
en-it_IT,4,5,4565,568,166,35,9,10,5,2,5,True,True,100.0,8.712675774426177,328,11.17333722900195
en-it_IT,5,1,3189,1287,265,34,9,10,5,2,5,True,True,0.1,11.549113690817247,237,15.135106009241746
en-it_IT,5,2,4228,339,200,34,9,11,5,2,5,True,True,10.0,11.54169567307774,113,14.009762825127273
en-it_IT,5,3,3483,861,317,34,9,11,5,2,5,True,True,0.1,10.724865386905632,164,13.579961594728942
en-it_IT,5,4,3612,423,664,34,9,10,5,2,5,True,True,0.1,10.003950426736235,172,13.041056799964027
en-it_IT,5,5,4430,528,208,35,9,10,5,2,5,True,True,100.0,11.796394564499224,98,14.499316740541007
en-ja_JP,1,1,4187,515,202,32,8,11,32,8,27,True,True,100.0,11.045710702978614,209,13.40526225709675
en-ja_JP,1,2,2460,825,626,33,8,10,31,8,27,True,True,0.1,11.77142069727374,241,13.865821728992502
en-ja_JP,1,3,3253,905,212,33,8,10,32,8,29,True,True,0.1,10.607537072101355,270,12.574104898551589
en-ja_JP,1,4,4294,322,156,33,8,10,32,8,27,True,True,100.0,11.03380150062986,254,13.13060726018611
en-ja_JP,1,5,3670,945,141,33,8,10,31,8,28,True,True,0.1,10.64278696754735,269,12.894581300145978
en-ja_JP,2,1,4154,490,146,32,8,10,32,8,30,True,True,100.0,10.570201768268122,140,13.297301742423183
en-ja_JP,2,2,2356,714,413,33,8,10,31,8,30,True,True,0.1,12.200823525748216,93,14.44366898381043
en-ja_JP,2,3,3537,767,360,33,8,9,32,8,30,True,True,10.0,10.436530993408143,294,12.890897181529848
en-ja_JP,2,4,4364,336,242,33,8,9,32,8,30,True,True,10.0,10.431344868288829,297,13.34525161935609
en-ja_JP,2,5,3696,954,178,33,8,10,31,8,28,True,True,0.1,10.3715021005576,148,12.547521424440783
en-ja_JP,3,1,4178,504,183,32,8,11,32,8,27,True,True,100.0,11.618227376227134,176,14.025224726093423
en-ja_JP,3,2,2415,786,543,33,8,10,31,8,26,True,True,0.1,12.750956017672229,94,14.582456880573767
en-ja_JP,3,3,3341,912,308,33,8,10,32,8,29,True,True,100.0,11.005548856620557,197,13.142801372394509
en-ja_JP,3,4,4300,327,168,33,8,10,32,8,28,True,True,100.0,11.374754080272963,150,13.77535471933534
en-ja_JP,3,5,3509,1100,136,33,8,10,31,8,28,True,True,100.0,11.113598343211955,143,13.03508193216055
en-ja_JP,4,1,4181,497,176,32,8,11,32,8,28,True,True,100.0,11.884874323621519,95,14.575740630392914
en-ja_JP,4,2,2477,793,609,33,8,10,32,8,27,True,True,0.1,12.828149126952445,87,14.926656219927349
en-ja_JP,4,3,3308,910,270,33,8,10,32,8,30,True,True,0.1,11.03509679070961,149,13.093217539502387
en-ja_JP,4,4,4244,331,113,33,8,10,32,8,28,True,True,100.0,11.399957422635996,209,13.877083336496542
en-ja_JP,4,5,3672,1011,167,33,8,10,32,8,29,True,True,0.1,10.910241871032353,142,13.379258383628503
en-ja_JP,5,1,4112,530,147,32,8,11,32,8,28,True,True,0.1,11.192534194107711,112,13.696357460295344
en-ja_JP,5,2,2436,722,504,33,8,10,31,8,26,True,True,0.1,11.75331365679793,90,13.830727804163182
en-ja_JP,5,3,3385,814,258,33,8,10,32,8,30,True,True,10.0,10.606312561255175,473,12.09047824628109
en-ja_JP,5,4,4370,300,215,33,8,10,32,8,27,True,True,10.0,10.669682306650003,217,13.411313784630726
en-ja_JP,5,5,3693,994,218,33,8,10,31,8,27,True,True,0.1,10.489508644443815,200,12.373838874242761
en-mas_KE,1,1,506,64,942,30,8,10,2,1,2,True,True,0.1,19.361760236277753,21,20.2314368262205
en-mas_KE,1,2,567,81,1025,29,8,10,2,1,2,True,True,1.0,8.276335308591115,104,9.312529951405283
en-mas_KE,1,3,439,139,920,29,8,10,2,1,2,True,True,100.0,7.43522554001335,24,13.008830230613913
en-mas_KE,1,4,452,156,1697,31,7,10,2,1,2,True,True,100.0,15.108403539907004,88,13.396867927206245
en-mas_KE,1,5,575,53,778,30,8,9,2,1,2,True,True,100.0,6.9271240937656176,81,9.532169957311346
en-mas_KE,2,1,4130,313,176,31,8,9,2,1,2,True,True,0.1,17.67428303282069,61,19.382163356240625
en-mas_KE,2,2,3723,644,105,31,8,10,2,1,2,True,True,0.1,9.817530428743877,108,8.811647999542583
en-mas_KE,2,3,3476,996,175,31,8,10,2,1,2,True,True,10.0,7.62947245474676,33,11.567953106920193
en-mas_KE,2,4,3083,609,142,31,8,7,2,1,2,True,True,100.0,14.623297467006013,75,13.763878859497062
en-mas_KE,2,5,3843,771,125,32,8,9,2,1,2,True,True,10.0,5.780554633785059,59,7.98439029972439
en-mas_KE,3,1,4600,367,12,31,8,7,2,1,2,True,True,0.1,2.9248184351267246,126,8.353297199701045
en-mas_KE,3,2,4246,709,5,31,8,4,2,1,2,True,True,0.1,1.3126136726925386,43,2.610769217200981
en-mas_KE,3,3,3867,1123,5,31,8,5,2,1,2,True,True,100.0,1.7409909606062182,54,3.2014091739954047
en-mas_KE,3,4,3487,759,8,31,8,5,2,1,2,True,True,0.1,1.7752860240855615,18,2.644154523108098
en-mas_KE,3,5,4372,810,5,32,8,4,2,1,2,True,True,0.1,1.5193413855491975,32,5.226477226488267
en-ru_RU,1,1,2671,194,913,33,8,11,5,1,5,True,True,0.1,12.71320803683033,335,15.678578271457615
en-ru_RU,1,2,1645,451,1017,33,8,11,5,1,5,True,True,10.0,12.579662020944031,313,19.859233439932286
en-ru_RU,1,3,2894,400,290,34,8,9,5,1,5,True,True,100.0,12.246274832998445,352,16.267472421586408
en-ru_RU,1,4,3166,203,288,34,8,10,5,1,5,True,True,0.1,12.993261571488418,52,17.733095750847006
en-ru_RU,1,5,2778,410,448,34,8,10,5,1,5,True,True,100.0,14.85149031076994,55,19.142916518654143
en-ru_RU,2,1,3154,192,541,33,8,11,5,1,5,True,True,0.1,12.46646861840353,497,15.08327233799853
en-ru_RU,2,2,2105,631,804,33,8,10,5,1,5,True,True,10.0,12.592061846840977,321,19.925853642792138
en-ru_RU,2,3,3385,707,235,34,8,10,5,1,5,True,True,100.0,12.522342593943211,449,16.479060590032784
en-ru_RU,2,4,3987,135,188,34,8,10,5,1,5,True,True,0.1,13.212374944551337,64,17.804663162189136
en-ru_RU,2,5,3325,603,335,34,8,10,5,1,5,True,True,0.1,15.521613303579125,60,19.69743321841939
en-ru_RU,3,1,3944,277,165,33,8,11,5,1,5,True,True,0.1,12.330705789611358,134,16.02787409229645
en-ru_RU,3,2,2783,851,451,33,8,9,5,1,5,True,True,100.0,12.813386230261306,412,19.364292813956304
en-ru_RU,3,3,4283,902,77,34,8,9,5,1,5,True,True,10.0,11.245856494344224,375,15.513888906067155
en-ru_RU,3,4,5023,238,76,34,8,7,5,1,5,True,True,0.1,11.521255154053568,205,15.555307756244817
en-ru_RU,3,5,4162,765,83,34,8,8,5,1,5,True,True,0.1,14.099516506837096,85,18.30716666080765
en-ru_RU,4,1,4363,276,93,33,8,10,5,1,5,True,True,100.0,8.360509002854373,201,10.349418041852179
en-ru_RU,4,2,2968,843,138,33,8,11,5,1,5,True,True,1.0,6.634890365751236,498,9.628924098261786
en-ru_RU,4,3,4748,894,44,34,8,8,5,1,5,True,True,1.0,6.6737002650669695,460,8.629407600436027
en-ru_RU,4,4,5456,243,24,34,8,8,5,1,5,True,True,0.1,8.234536042497986,482,10.843539915308043
en-ru_RU,4,5,4590,807,63,34,8,10,5,1,5,True,True,0.1,8.949814077846236,384,12.249321709683244
en-ru_RU,5,1,4304,257,39,33,8,6,4,2,4,True,True,100.0,12.485155063439654,400,14.504362337167112
en-ru_RU,5,2,2979,884,214,33,8,9,4,2,4,True,True,100.0,14.210180587140643,280,18.86912879129498
en-ru_RU,5,3,4702,925,53,34,8,9,4,2,4,True,True,100.0,13.675404551940263,103,17.91801185131516
en-ru_RU,5,4,5484,213,46,34,8,8,4,2,4,True,True,0.1,13.40777413368684,70,17.146737674906223
en-ru_RU,5,5,4521,823,34,34,8,7,4,2,4,True,True,100.0,13.392916869012618,499,15.314419958103489
en-sr_Cyrl_RS,1,1,2804,262,697,32,8,10,3,1,3,True,True,0.1,10.972752926302041,136,12.34186087625797
en-sr_Cyrl_RS,1,2,2621,322,768,32,8,10,3,1,3,True,True,0.1,11.215180276859769,89,16.218563830536976
en-sr_Cyrl_RS,1,3,2509,825,659,32,8,10,3,1,3,True,True,0.1,10.000880455954965,336,12.97544380233469
en-sr_Cyrl_RS,1,4,3050,350,340,32,8,10,3,1,2,True,True,100.0,8.665344213752787,86,15.1577348537926
en-sr_Cyrl_RS,1,5,1865,360,855,32,8,10,3,1,3,True,True,10.0,11.417876834795207,144,15.55817426777264
en-sr_Cyrl_RS,2,1,2826,344,590,32,8,10,3,1,3,True,True,0.1,12.235652604712776,106,13.347369392483442
en-sr_Cyrl_RS,2,2,2617,428,659,32,8,10,3,1,3,True,True,0.1,13.16929804367925,119,17.301610606294435
en-sr_Cyrl_RS,2,3,2455,771,340,32,8,10,3,1,3,True,True,0.1,11.458838327995087,422,14.228399508861019
en-sr_Cyrl_RS,2,4,3213,342,284,32,8,10,3,1,2,True,True,0.1,10.286855346546309,175,14.139855737755743
en-sr_Cyrl_RS,2,5,2183,633,1235,32,8,10,3,1,3,True,True,10.0,12.97168719362905,79,16.48078181157371
en-sr_Cyrl_RS,3,1,4734,536,62,32,8,8,3,1,3,True,True,100.0,9.665693338880708,494,12.722516070867508
en-sr_Cyrl_RS,3,2,4466,647,99,32,8,10,3,1,3,True,True,0.1,10.444120403540426,265,14.951389689873876
en-sr_Cyrl_RS,3,3,4193,1382,61,32,8,10,3,1,3,True,True,0.1,10.11101498055663,98,14.162713666046951
en-sr_Cyrl_RS,3,4,5345,598,44,32,8,10,3,1,2,True,True,0.1,9.68514613295313,143,16.725284633365362
en-sr_Cyrl_RS,3,5,3534,889,214,32,8,10,3,1,3,True,True,100.0,12.161304280109176,87,16.937156860547027
en-sr_Cyrl_RS,4,1,5002,556,24,32,8,1,3,1,3,True,True,0.1,9.638684676100882,102,12.847749163079172
en-sr_Cyrl_RS,4,2,4693,688,41,32,8,4,3,1,3,True,True,0.1,9.222071134471017,164,13.456308420687678
en-sr_Cyrl_RS,4,3,4412,1435,7,32,8,3,3,1,3,True,True,0.1,9.193360269359726,146,12.865369335573275
en-sr_Cyrl_RS,4,4,5594,645,14,32,8,1,3,1,3,True,True,10.0,9.45526776533687,468,14.989165121431183
en-sr_Cyrl_RS,4,5,3698,905,68,32,8,4,3,1,3,True,True,0.1,11.48564083698375,466,15.855987866303236
en-uk_UA,1,1,1897,159,1263,33,8,11,1,1,1,True,True,1.0,5.60706221057806,215,6.613034483012225
en-uk_UA,1,2,2289,245,977,33,8,11,1,1,1,True,True,100.0,4.9023593840835815,102,5.968372395812924
en-uk_UA,1,3,2337,404,555,34,8,10,1,1,1,True,True,100.0,5.063233731971423,499,6.260328523094135
en-uk_UA,1,4,2744,274,335,34,8,10,1,1,1,True,True,0.1,5.232198178426263,495,6.487142264477833
en-uk_UA,1,5,2381,614,318,34,8,10,1,1,1,True,True,0.1,5.454401303010852,293,6.4396414808070634
en-uk_UA,2,1,2005,180,1280,33,8,11,1,1,1,True,True,100.0,4.768264594917577,147,6.431890127054324
en-uk_UA,2,2,2260,211,802,33,8,11,1,1,1,True,True,100.0,3.7284249596001855,167,5.675757368107805
en-uk_UA,2,3,2429,464,595,34,8,10,1,1,1,True,True,100.0,3.03606736311881,315,4.794119958748657
en-uk_UA,2,4,2885,228,318,34,8,10,1,1,1,True,True,100.0,3.3575498062208093,41,3.8927090777174147
en-uk_UA,2,5,2490,640,341,34,8,10,1,1,1,True,True,100.0,3.7314294595121367,327,5.641370129586674
en-zh_CN,1,1,3058,678,462,32,8,11,30,8,26,True,True,100.0,11.220127525717,158,13.906333979574306
en-zh_CN,1,2,3973,530,156,33,8,10,31,8,25,True,True,1.0,9.11106778980546,51,11.937091857413021
en-zh_CN,1,3,3141,1048,362,33,8,9,30,8,28,True,True,100.0,8.930754880667243,92,11.740073727707017
en-zh_CN,1,4,4096,333,237,33,8,10,31,8,24,True,True,100.0,10.991644641167081,59,15.674595098811832
en-zh_CN,1,5,4260,405,137,33,8,10,31,8,24,True,True,0.1,9.583208811204708,283,13.326841413886111
en-zh_CN,2,1,3010,688,416,32,8,11,31,8,27,True,True,100.0,10.968260899509364,152,14.11849653672584
en-zh_CN,2,2,4080,534,259,33,8,9,31,8,25,True,True,1.0,10.33340274751915,74,13.815701550501451
en-zh_CN,2,3,3097,994,256,33,8,10,30,8,29,True,True,100.0,8.812636645342028,170,11.818706333697648
en-zh_CN,2,4,4101,323,224,33,8,9,31,8,25,True,True,100.0,10.40295055152728,53,13.176187788278916
en-zh_CN,2,5,4291,436,191,33,8,10,31,8,25,True,True,10.0,9.387041927979903,145,12.613029914235854
en-zh_CN,3,1,3020,736,474,32,8,11,30,8,28,True,True,100.0,11.27392626134298,202,13.356184183165443
en-zh_CN,3,2,4050,552,247,33,8,10,31,8,26,True,True,0.1,10.366635410540004,77,13.475667315310217
en-zh_CN,3,3,2995,1078,212,33,8,10,31,8,30,True,True,100.0,9.583043788215889,131,12.28028030643803
en-zh_CN,3,4,4091,330,221,33,8,10,31,8,25,True,True,100.0,10.89411671542348,71,15.121726591155586
en-zh_CN,3,5,4260,468,192,33,8,10,31,8,28,True,True,0.1,9.874063203294192,390,12.958338907735456
en-zh_CN,4,1,3077,596,386,32,8,11,31,7,26,True,True,100.0,11.585484038664237,152,13.96235110535707
en-zh_CN,4,2,3991,504,135,33,8,10,32,7,25,True,True,1.0,10.468228279349638,83,13.801744616532753
en-zh_CN,4,3,3269,929,358,33,8,10,31,7,29,True,True,100.0,9.242322601575468,107,12.341855508049719
en-zh_CN,4,4,4137,335,267,33,8,10,32,7,24,True,True,100.0,11.231767833974875,47,15.38504455912766
en-zh_CN,4,5,4366,370,195,33,8,10,32,7,24,True,True,0.1,9.704526871688913,321,13.11532145719369
en-zh_CN,5,1,3007,642,375,32,8,11,30,8,25,True,True,100.0,11.293491353231593,153,14.197791781300182
en-zh_CN,5,2,3994,596,243,33,8,10,31,8,23,True,True,0.1,9.452781218984684,99,12.685842376986084
en-zh_CN,5,3,3058,1115,346,33,8,10,30,8,28,True,True,100.0,9.214607663010902,101,12.447208621044652
en-zh_CN,5,4,4155,283,246,33,8,10,31,8,22,True,True,100.0,10.838866101975636,53,15.693613829819201
en-zh_CN,5,5,4247,425,144,33,8,10,31,8,23,True,True,10.0,9.406734173897416,142,13.245010483804599
