language_pair,translations_with_multiple_evaluators,evaluator_pairs,mean_abs_score_difference,median_abs_score_difference,p90_abs_score_difference
cs-de_DE,3181,3181,17.396730587865452,12.0,40.0
cs-uk_UA,2798,2798,13.175482487491065,10.0,32.0
en-ar_EG,1478,1478,8.765899864682003,1.0,25.0
en-bho_IN,2300,2300,22.70391304347826,18.0,51.0
en-cs_CZ,2864,2864,17.642807262569832,14.0,39.0
en-et_EE,2867,2867,21.179979072200908,17.0,45.0
en-is_IS,2451,2451,19.229294165646674,16.0,40.0
en-it_IT,2893,2893,26.214656066367095,23.0,57.0
en-ja_JP,3018,3018,19.652750165672632,15.0,40.0
en-mas_KE,683,683,3.1537335285505126,0.0,7.0
en-ru_RU,1942,1942,22.578784757981463,18.0,51.0
en-sr_Cyrl_RS,2068,2068,22.86460348162476,15.0,56.0
en-uk_UA,1541,1541,8.689811810512655,6.0,19.0
en-zh_CN,2939,2939,16.46716570261994,10.0,40.0
