scope,language_pair,model,n_annotations,n_documents,n_unseen_evaluators,mae,rmse,pearson,spearman,macro_evaluator_mae
ALL_ESA,ALL_ESA,mean,99798,884,157,19.60840816371379,24.38338864569455,0.676771029893011,0.49220280046759113,17.627869099608837
per_language_pair,cs-de_DE,mean,8655,128,12,17.26865096281172,21.00826576888764,-0.3542990141184847,-0.4055178730950942,17.652332836509412
per_language_pair,cs-uk_UA,mean,8425,131,7,13.392022765392893,16.619543506478834,-0.33111951007150103,-0.33981429003713537,13.8561673865718
per_language_pair,en-ar_EG,mean,7332,51,3,35.38070300669822,37.57656761743746,-0.014455674008988865,0.0453272160683451,35.03371223072686
per_language_pair,en-bho_IN,mean,6698,50,4,26.606929565067073,32.28281357535087,-0.3401190702111949,-0.40293087678490674,28.045868859177784
per_language_pair,en-cs_CZ,mean,7545,60,17,15.548733773418464,19.25662669551488,-0.020939465238404946,-0.03125030961682944,16.339542561298753
per_language_pair,en-et_EE,mean,6860,52,8,20.73280619080008,25.257512499719265,-0.005153623133218903,-0.012518113794723779,22.427333653844247
per_language_pair,en-is_IS,mean,6978,53,5,25.86232730121054,30.007629379976184,-0.16409944542456828,-0.16450305376095445,27.069019158560433
per_language_pair,en-it_IT,mean,7249,54,7,22.863082142118,27.490810335077438,-0.30874867623885255,-0.27799422733609486,22.029441152706305
per_language_pair,en-ja_JP,mean,6691,51,40,15.660380982631153,19.994164993939677,-0.08747226674793343,-0.10640903674917346,15.166860490105341
per_language_pair,en-mas_KE,mean,6120,49,3,15.407520140319976,15.617537622954627,-0.40443456203346256,-0.055738938403969165,19.14649711819403
per_language_pair,en-ru_RU,mean,6659,52,6,20.908003977111452,25.60515209111556,-0.2916575858078507,-0.27210225696918366,22.794166575029617
per_language_pair,en-sr_Cyrl_RS,mean,7061,50,4,23.455735107762695,27.564199234719535,-0.4701517697200514,-0.5696124416114859,22.352524837601592
per_language_pair,en-uk_UA,mean,6784,52,2,7.70166376995203,10.236243239770793,-0.08374503476061523,-0.178986281308214,7.68778655234072
per_language_pair,en-zh_CN,mean,6741,51,39,14.100327950603857,18.510524914776784,-0.05247004017066931,-0.015806518471931506,15.104179776075375
ALL_ESA,ALL_ESA,fixed_penalty,99798,884,157,27.730696005931982,41.5193124181196,0.30745238870523034,0.6461283220551391,20.106604124919023
per_language_pair,cs-de_DE,fixed_penalty,8655,128,12,10.406239168110918,18.331122181662874,0.579508300533458,0.8368230565473583,14.748867705722118
per_language_pair,cs-uk_UA,fixed_penalty,8425,131,7,9.423382789317508,16.068739580047797,0.5705735985091919,0.7751422126276422,10.07754484455756
per_language_pair,en-ar_EG,fixed_penalty,7332,51,3,66.24031642116749,76.32767747064811,0.005714943580223342,0.11370527082143514,63.116193128181344
per_language_pair,en-bho_IN,fixed_penalty,6698,50,4,21.83995222454464,35.72145566385418,0.2593478475413949,0.5532321504877779,20.738211531703797
per_language_pair,en-cs_CZ,fixed_penalty,7545,60,17,16.898740888005303,22.570179191452183,0.6339812609305697,0.6629334924561391,16.67451527029201
per_language_pair,en-et_EE,fixed_penalty,6860,52,8,34.24344023323615,41.45191108917183,0.35110788143534705,0.48916507193387504,35.93984418507583
per_language_pair,en-is_IS,fixed_penalty,6978,53,5,43.817999426769845,51.041488921140434,0.38660308711999375,0.538939041529345,43.384007136037255
per_language_pair,en-it_IT,fixed_penalty,7249,54,7,26.139743412884535,34.73179860277934,0.7182017586004191,0.8600422205597877,24.562567786662008
per_language_pair,en-ja_JP,fixed_penalty,6691,51,40,17.376475863099685,24.89046396780614,0.5836555581929171,0.6562884231730508,16.036412427863194
per_language_pair,en-mas_KE,fixed_penalty,6120,49,3,93.89607843137254,94.0074552042918,0.0030654601041578667,0.04759318147285894,83.07242573587438
per_language_pair,en-ru_RU,fixed_penalty,6659,52,6,22.595284577263854,30.200287514705327,0.7177080646872807,0.8882716453526956,21.92315286197811
per_language_pair,en-sr_Cyrl_RS,fixed_penalty,7061,50,4,14.158334513524997,25.465122311243327,0.39228043345026153,0.737286251456257,17.537570335017797
per_language_pair,en-uk_UA,fixed_penalty,6784,52,2,11.407281839622641,14.124389492566957,0.6389947428159675,0.7300834502131633,11.41654808403857
per_language_pair,en-zh_CN,fixed_penalty,6741,51,39,13.300845571873609,20.74339733164812,0.5346588963658155,0.6894082727840768,14.406835986046172
ALL_ESA,ALL_ESA,ridge_f3,99798,884,157,10.72500767291964,14.756673897877812,0.8949188927110056,0.8385918754549868,11.312863048758214
per_language_pair,cs-de_DE,ridge_f3,8655,128,12,10.50746810905756,14.003246226566237,0.7583126537428273,0.8128872378791688,11.051307209050066
per_language_pair,cs-uk_UA,ridge_f3,8425,131,7,8.579807108477727,12.368370640684438,0.6352021739064097,0.6643623285277862,10.966996253509942
per_language_pair,en-ar_EG,ridge_f3,7332,51,3,9.93209145091951,12.50469846878108,0.960531416262875,0.8266439538331268,7.530076787605417
per_language_pair,en-bho_IN,ridge_f3,6698,50,4,16.353075425182134,21.227130979268047,0.7381740005769162,0.6508361073769785,15.047927292030916
per_language_pair,en-cs_CZ,ridge_f3,7545,60,17,10.462325413931925,13.615003669304361,0.7255392063427636,0.6213855448670925,10.816743153279393
per_language_pair,en-et_EE,ridge_f3,6860,52,8,15.438010879663578,19.426497530918116,0.6903705121781482,0.6945144323599087,16.81980892767893
per_language_pair,en-is_IS,ridge_f3,6978,53,5,13.204861393551377,16.66595455897322,0.8234387055663598,0.8216877012206287,14.127920267841267
per_language_pair,en-it_IT,ridge_f3,7249,54,7,11.257867643337395,14.699256767530192,0.8386690380702784,0.8192669472884039,11.38517454868215
per_language_pair,en-ja_JP,ridge_f3,6691,51,40,11.25982990158866,14.252120535813201,0.6998883374770416,0.5566310638823211,11.020961667570857
per_language_pair,en-mas_KE,ridge_f3,6120,49,3,4.799529575675386,6.651813632445031,0.3535720948270492,0.11291909177004011,10.21678641852702
per_language_pair,en-ru_RU,ridge_f3,6659,52,6,11.328883614292693,16.0232774362596,0.7708838196272415,0.8390579785702187,14.968266687149688
per_language_pair,en-sr_Cyrl_RS,ridge_f3,7061,50,4,12.045559752677937,17.761498007535454,0.7263572658923456,0.752368934491552,12.815871705844001
per_language_pair,en-uk_UA,ridge_f3,6784,52,2,5.143063337622053,6.730564515891585,0.7510452671227132,0.6027276861203286,5.144006868692353
per_language_pair,en-zh_CN,ridge_f3,6741,51,39,9.799968470778298,13.425733252774357,0.7043104017114412,0.62533498225597,10.059590871581856
ALL_ESA,ALL_ESA,catboost_f3,99798,884,157,11.463515752149345,15.710274474393314,0.8801941797393591,0.8330607169569599,11.351841931307654
per_language_pair,cs-de_DE,catboost_f3,8655,128,12,10.638981886576072,14.098871751471531,0.7561075168393623,0.8121617984251764,11.12251719490465
per_language_pair,cs-uk_UA,catboost_f3,8425,131,7,8.5373336188721,11.990252083867114,0.6611276243332871,0.6752724689696725,10.410207375858054
per_language_pair,en-ar_EG,catboost_f3,7332,51,3,17.23324721650647,22.58050053699756,0.8802724682583942,0.8070292369281413,10.927917825174449
per_language_pair,en-bho_IN,catboost_f3,6698,50,4,18.618053428953658,24.113596981297942,0.677459354691625,0.6292842988600102,16.909097232055988
per_language_pair,en-cs_CZ,catboost_f3,7545,60,17,10.46246047545144,13.668098763177104,0.7204182993907443,0.6207543661630652,10.732308045079462
per_language_pair,en-et_EE,catboost_f3,6860,52,8,15.458407827520954,19.424886097259,0.6829997828524418,0.673794396090505,16.702917705856905
per_language_pair,en-is_IS,catboost_f3,6978,53,5,13.008793815525642,16.318248673999783,0.8290657353106385,0.828745360831384,13.50880022104396
per_language_pair,en-it_IT,catboost_f3,7249,54,7,10.981785581782619,14.177185019096703,0.8521153343807091,0.8344171495631959,11.18344757665311
per_language_pair,en-ja_JP,catboost_f3,6691,51,40,11.268361939949797,14.188050150437173,0.7051997528743215,0.536808469584425,10.916127086932411
per_language_pair,en-mas_KE,catboost_f3,6120,49,3,6.388727673826566,7.891669653209158,0.17933145739302928,0.10399731351983714,12.048695416041086
per_language_pair,en-ru_RU,catboost_f3,6659,52,6,11.102507221435927,15.89806153522398,0.7721591706829247,0.8395886420894942,14.622206332659225
per_language_pair,en-sr_Cyrl_RS,catboost_f3,7061,50,4,11.925974829050036,16.446054554863988,0.762867881712018,0.7752024240832649,12.093081901373253
per_language_pair,en-uk_UA,catboost_f3,6784,52,2,5.215854589983435,6.921048715298145,0.7341532719209845,0.6068825244914812,5.216477022188618
per_language_pair,en-zh_CN,catboost_f3,6741,51,39,9.729042753010019,12.818733277463421,0.7217342947913027,0.6469093628704259,10.10889694654998
