language_pair,evaluator_key,annotator_id,model,n_test_annotations,n_test_documents,human_score_mean,mae
cs-de_DE,cs-de_DE::cs-de_#_annotator10,cs-de_#_annotator10,mean,58,34,73.25862068965517,12.740876205088751
cs-de_DE,cs-de_DE::cs-de_#_annotator10,cs-de_#_annotator10,fixed_penalty,58,34,73.25862068965517,21.5
cs-de_DE,cs-de_DE::cs-de_#_annotator10,cs-de_#_annotator10,ridge_f3,58,34,73.25862068965517,13.533495867600715
cs-de_DE,cs-de_DE::cs-de_#_annotator10,cs-de_#_annotator10,catboost_f3,58,34,73.25862068965517,14.026015050659085
cs-de_DE,cs-de_DE::cs-de_#_annotator11,cs-de_#_annotator11,mean,462,95,72.14935064935065,12.338683958039253
cs-de_DE,cs-de_DE::cs-de_#_annotator11,cs-de_#_annotator11,fixed_penalty,462,95,72.14935064935065,21.57792207792208
cs-de_DE,cs-de_DE::cs-de_#_annotator11,cs-de_#_annotator11,ridge_f3,462,95,72.14935064935065,13.107028652730907
cs-de_DE,cs-de_DE::cs-de_#_annotator11,cs-de_#_annotator11,catboost_f3,462,95,72.14935064935065,13.237940011029124
cs-de_DE,cs-de_DE::cs-de_#_annotator12,cs-de_#_annotator12,mean,83,26,72.32530120481928,21.998133935209477
cs-de_DE,cs-de_DE::cs-de_#_annotator12,cs-de_#_annotator12,fixed_penalty,83,26,72.32530120481928,19.03614457831325
cs-de_DE,cs-de_DE::cs-de_#_annotator12,cs-de_#_annotator12,ridge_f3,83,26,72.32530120481928,14.697076254169325
cs-de_DE,cs-de_DE::cs-de_#_annotator12,cs-de_#_annotator12,catboost_f3,83,26,72.32530120481928,15.574280932084346
cs-de_DE,cs-de_DE::cs-de_#_annotator13,cs-de_#_annotator13,mean,508,86,71.46850393700787,15.044445072497949
cs-de_DE,cs-de_DE::cs-de_#_annotator13,cs-de_#_annotator13,fixed_penalty,508,86,71.46850393700787,18.30708661417323
cs-de_DE,cs-de_DE::cs-de_#_annotator13,cs-de_#_annotator13,ridge_f3,508,86,71.46850393700787,8.529203245541266
cs-de_DE,cs-de_DE::cs-de_#_annotator13,cs-de_#_annotator13,catboost_f3,508,86,71.46850393700787,8.633436793684432
cs-de_DE,cs-de_DE::cs-de_#_annotator2,cs-de_#_annotator2,mean,1213,126,91.84501236603462,17.54817259820946
cs-de_DE,cs-de_DE::cs-de_#_annotator2,cs-de_#_annotator2,fixed_penalty,1213,126,91.84501236603462,4.92085737840066
cs-de_DE,cs-de_DE::cs-de_#_annotator2,cs-de_#_annotator2,ridge_f3,1213,126,91.84501236603462,6.82348699128013
cs-de_DE,cs-de_DE::cs-de_#_annotator2,cs-de_#_annotator2,catboost_f3,1213,126,91.84501236603462,6.733934276563026
cs-de_DE,cs-de_DE::cs-de_#_annotator3,cs-de_#_annotator3,mean,934,104,81.88436830835117,13.331639548101615
cs-de_DE,cs-de_DE::cs-de_#_annotator3,cs-de_#_annotator3,fixed_penalty,934,104,81.88436830835117,12.836188436830835
cs-de_DE,cs-de_DE::cs-de_#_annotator3,cs-de_#_annotator3,ridge_f3,934,104,81.88436830835117,6.970903993371479
cs-de_DE,cs-de_DE::cs-de_#_annotator3,cs-de_#_annotator3,catboost_f3,934,104,81.88436830835117,6.4484777923009515
cs-de_DE,cs-de_DE::cs-de_#_annotator4,cs-de_#_annotator4,mean,2068,122,95.74129593810444,19.839556123965448
cs-de_DE,cs-de_DE::cs-de_#_annotator4,cs-de_#_annotator4,fixed_penalty,2068,122,95.74129593810444,2.4482591876208897
cs-de_DE,cs-de_DE::cs-de_#_annotator4,cs-de_#_annotator4,ridge_f3,2068,122,95.74129593810444,8.2866820519312
cs-de_DE,cs-de_DE::cs-de_#_annotator4,cs-de_#_annotator4,catboost_f3,2068,122,95.74129593810444,8.335183540907831
cs-de_DE,cs-de_DE::cs-de_#_annotator5,cs-de_#_annotator5,mean,127,28,77.37007874015748,20.46999278738234
cs-de_DE,cs-de_DE::cs-de_#_annotator5,cs-de_#_annotator5,fixed_penalty,127,28,77.37007874015748,17.944881889763778
cs-de_DE,cs-de_DE::cs-de_#_annotator5,cs-de_#_annotator5,ridge_f3,127,28,77.37007874015748,11.633353241851077
cs-de_DE,cs-de_DE::cs-de_#_annotator5,cs-de_#_annotator5,catboost_f3,127,28,77.37007874015748,11.122183827487035
cs-de_DE,cs-de_DE::cs-de_#_annotator6,cs-de_#_annotator6,mean,1920,112,78.54635416666666,15.308423197762279
cs-de_DE,cs-de_DE::cs-de_#_annotator6,cs-de_#_annotator6,fixed_penalty,1920,112,78.54635416666666,11.203645833333333
cs-de_DE,cs-de_DE::cs-de_#_annotator6,cs-de_#_annotator6,ridge_f3,1920,112,78.54635416666666,15.861195912835365
cs-de_DE,cs-de_DE::cs-de_#_annotator6,cs-de_#_annotator6,catboost_f3,1920,112,78.54635416666666,16.784943567478667
cs-de_DE,cs-de_DE::cs-de_#_annotator7,cs-de_#_annotator7,mean,168,60,87.61309523809524,18.39219530630863
cs-de_DE,cs-de_DE::cs-de_#_annotator7,cs-de_#_annotator7,fixed_penalty,168,60,87.61309523809524,9.202380952380953
cs-de_DE,cs-de_DE::cs-de_#_annotator7,cs-de_#_annotator7,ridge_f3,168,60,87.61309523809524,7.327720581870938
cs-de_DE,cs-de_DE::cs-de_#_annotator7,cs-de_#_annotator7,catboost_f3,168,60,87.61309523809524,7.385437514553736
cs-de_DE,cs-de_DE::cs-de_#_annotator8,cs-de_#_annotator8,mean,461,83,63.66160520607375,28.95883183554381
cs-de_DE,cs-de_DE::cs-de_#_annotator8,cs-de_#_annotator8,fixed_penalty,461,83,63.66160520607375,27.119305856832973
cs-de_DE,cs-de_DE::cs-de_#_annotator8,cs-de_#_annotator8,ridge_f3,461,83,63.66160520607375,17.784610061079807
cs-de_DE,cs-de_DE::cs-de_#_annotator8,cs-de_#_annotator8,catboost_f3,461,83,63.66160520607375,17.105053772974287
cs-de_DE,cs-de_DE::cs-de_#_annotator9,cs-de_#_annotator9,mean,653,59,85.65390505359878,15.85704347000394
cs-de_DE,cs-de_DE::cs-de_#_annotator9,cs-de_#_annotator9,fixed_penalty,653,59,85.65390505359878,10.889739663093415
cs-de_DE,cs-de_DE::cs-de_#_annotator9,cs-de_#_annotator9,ridge_f3,653,59,85.65390505359878,8.060929654338572
cs-de_DE,cs-de_DE::cs-de_#_annotator9,cs-de_#_annotator9,catboost_f3,653,59,85.65390505359878,8.083319259133274
cs-uk_UA,cs-uk_UA::cs-uk_#_annotator1,cs-uk_#_annotator1,mean,1022,108,74.85420743639922,16.191350278079216
cs-uk_UA,cs-uk_UA::cs-uk_#_annotator1,cs-uk_#_annotator1,fixed_penalty,1022,108,74.85420743639922,23.586105675146772
cs-uk_UA,cs-uk_UA::cs-uk_#_annotator1,cs-uk_#_annotator1,ridge_f3,1022,108,74.85420743639922,16.63183813425944
cs-uk_UA,cs-uk_UA::cs-uk_#_annotator1,cs-uk_#_annotator1,catboost_f3,1022,108,74.85420743639922,16.233792789354055
cs-uk_UA,cs-uk_UA::cs-uk_#_annotator2,cs-uk_#_annotator2,mean,2127,127,83.97649271274095,14.9107665704928
cs-uk_UA,cs-uk_UA::cs-uk_#_annotator2,cs-uk_#_annotator2,fixed_penalty,2127,127,83.97649271274095,13.00893276915844
cs-uk_UA,cs-uk_UA::cs-uk_#_annotator2,cs-uk_#_annotator2,ridge_f3,2127,127,83.97649271274095,8.91371233152622
cs-uk_UA,cs-uk_UA::cs-uk_#_annotator2,cs-uk_#_annotator2,catboost_f3,2127,127,83.97649271274095,8.609845060092447
cs-uk_UA,cs-uk_UA::cs-uk_#_annotator3,cs-uk_#_annotator3,mean,2302,120,88.45699391833189,11.236771189903967
cs-uk_UA,cs-uk_UA::cs-uk_#_annotator3,cs-uk_#_annotator3,fixed_penalty,2302,120,88.45699391833189,6.491746307558644
cs-uk_UA,cs-uk_UA::cs-uk_#_annotator3,cs-uk_#_annotator3,ridge_f3,2302,120,88.45699391833189,6.852617861567363
cs-uk_UA,cs-uk_UA::cs-uk_#_annotator3,cs-uk_#_annotator3,catboost_f3,2302,120,88.45699391833189,6.934153570201231
cs-uk_UA,cs-uk_UA::cs-uk_#_annotator4,cs-uk_#_annotator4,mean,916,94,90.62554585152839,11.866218449712354
cs-uk_UA,cs-uk_UA::cs-uk_#_annotator4,cs-uk_#_annotator4,fixed_penalty,916,94,90.62554585152839,5.426855895196507
cs-uk_UA,cs-uk_UA::cs-uk_#_annotator4,cs-uk_#_annotator4,ridge_f3,916,94,90.62554585152839,7.797653363476204
cs-uk_UA,cs-uk_UA::cs-uk_#_annotator4,cs-uk_#_annotator4,catboost_f3,916,94,90.62554585152839,7.811998924878768
cs-uk_UA,cs-uk_UA::cs-uk_#_annotator5,cs-uk_#_annotator5,mean,1633,131,95.14390691977955,13.902269742631193
cs-uk_UA,cs-uk_UA::cs-uk_#_annotator5,cs-uk_#_annotator5,fixed_penalty,1633,131,95.14390691977955,3.2908756889161053
cs-uk_UA,cs-uk_UA::cs-uk_#_annotator5,cs-uk_#_annotator5,ridge_f3,1633,131,95.14390691977955,5.4957155164843305
cs-uk_UA,cs-uk_UA::cs-uk_#_annotator5,cs-uk_#_annotator5,catboost_f3,1633,131,95.14390691977955,6.079953856265368
cs-uk_UA,cs-uk_UA::cs-uk_#_annotator7,cs-uk_#_annotator7,mean,388,67,91.97938144329896,11.559393211982957
cs-uk_UA,cs-uk_UA::cs-uk_#_annotator7,cs-uk_#_annotator7,fixed_penalty,388,67,91.97938144329896,4.657216494845361
cs-uk_UA,cs-uk_UA::cs-uk_#_annotator7,cs-uk_#_annotator7,ridge_f3,388,67,91.97938144329896,9.361609107908226
cs-uk_UA,cs-uk_UA::cs-uk_#_annotator7,cs-uk_#_annotator7,catboost_f3,388,67,91.97938144329896,8.460737064015653
cs-uk_UA,cs-uk_UA::cs-uk_#_annotator8,cs-uk_#_annotator8,mean,37,20,79.48648648648648,17.326402263200112
cs-uk_UA,cs-uk_UA::cs-uk_#_annotator8,cs-uk_#_annotator8,fixed_penalty,37,20,79.48648648648648,14.08108108108108
cs-uk_UA,cs-uk_UA::cs-uk_#_annotator8,cs-uk_#_annotator8,ridge_f3,37,20,79.48648648648648,21.715827459347807
cs-uk_UA,cs-uk_UA::cs-uk_#_annotator8,cs-uk_#_annotator8,catboost_f3,37,20,79.48648648648648,18.740970366198848
en-ar_EG,en-ar_EG::en-ar_#_annotator1,en-ar_#_annotator1,mean,333,46,24.393393393393392,32.60912137617957
en-ar_EG,en-ar_EG::en-ar_#_annotator1,en-ar_#_annotator1,fixed_penalty,333,46,24.393393393393392,61.22522522522522
en-ar_EG,en-ar_EG::en-ar_#_annotator1,en-ar_#_annotator1,ridge_f3,333,46,24.393393393393392,6.50804027687923
en-ar_EG,en-ar_EG::en-ar_#_annotator1,en-ar_#_annotator1,catboost_f3,333,46,24.393393393393392,6.806212788921475
en-ar_EG,en-ar_EG::en-ar_#_annotator2,en-ar_#_annotator2,mean,1424,50,34.021067415730336,37.48265679591957
en-ar_EG,en-ar_EG::en-ar_#_annotator2,en-ar_#_annotator2,fixed_penalty,1424,50,34.021067415730336,59.985955056179776
en-ar_EG,en-ar_EG::en-ar_#_annotator2,en-ar_#_annotator2,ridge_f3,1424,50,34.021067415730336,4.578003522803617
en-ar_EG,en-ar_EG::en-ar_#_annotator2,en-ar_#_annotator2,catboost_f3,1424,50,34.021067415730336,4.995685279472626
en-ar_EG,en-ar_EG::en-ar_#_annotator3,en-ar_#_annotator3,mean,5575,51,29.711928251121076,35.00935852008144
en-ar_EG,en-ar_EG::en-ar_#_annotator3,en-ar_#_annotator3,fixed_penalty,5575,51,29.711928251121076,68.13739910313902
en-ar_EG,en-ar_EG::en-ar_#_annotator3,en-ar_#_annotator3,ridge_f3,5575,51,29.711928251121076,11.504186563133404
en-ar_EG,en-ar_EG::en-ar_#_annotator3,en-ar_#_annotator3,catboost_f3,5575,51,29.711928251121076,20.981855407129245
en-bho_IN,en-bho_IN::en-bho_#_annotator1,en-bho_#_annotator1,mean,1422,50,55.40084388185654,28.823767048378514
en-bho_IN,en-bho_IN::en-bho_#_annotator1,en-bho_#_annotator1,fixed_penalty,1422,50,55.40084388185654,31.355133614627285
en-bho_IN,en-bho_IN::en-bho_#_annotator1,en-bho_#_annotator1,ridge_f3,1422,50,55.40084388185654,23.091369167275108
en-bho_IN,en-bho_IN::en-bho_#_annotator1,en-bho_#_annotator1,catboost_f3,1422,50,55.40084388185654,24.54425139868648
en-bho_IN,en-bho_IN::en-bho_#_annotator2,en-bho_#_annotator2,mean,1918,50,66.34306569343066,25.370859537521575
en-bho_IN,en-bho_IN::en-bho_#_annotator2,en-bho_#_annotator2,fixed_penalty,1918,50,66.34306569343066,28.680917622523463
en-bho_IN,en-bho_IN::en-bho_#_annotator2,en-bho_#_annotator2,ridge_f3,1918,50,66.34306569343066,11.487333158043889
en-bho_IN,en-bho_IN::en-bho_#_annotator2,en-bho_#_annotator2,catboost_f3,1918,50,66.34306569343066,12.80019261222848
en-bho_IN,en-bho_IN::en-bho_#_annotator3,en-bho_#_annotator3,mean,2991,50,79.88298228017385,25.641235275461504
en-bho_IN,en-bho_IN::en-bho_#_annotator3,en-bho_#_annotator3,fixed_penalty,2991,50,79.88298228017385,14.587094617184889
en-bho_IN,en-bho_IN::en-bho_#_annotator3,en-bho_#_annotator3,ridge_f3,2991,50,79.88298228017385,17.25011194114605
en-bho_IN,en-bho_IN::en-bho_#_annotator3,en-bho_#_annotator3,catboost_f3,2991,50,79.88298228017385,20.630290839669513
en-bho_IN,en-bho_IN::en-bho_#_annotator4,en-bho_#_annotator4,mean,367,47,90.11716621253406,32.34761357534954
en-bho_IN,en-bho_IN::en-bho_#_annotator4,en-bho_#_annotator4,fixed_penalty,367,47,90.11716621253406,8.329700272479563
en-bho_IN,en-bho_IN::en-bho_#_annotator4,en-bho_#_annotator4,ridge_f3,367,47,90.11716621253406,8.362894901658622
en-bho_IN,en-bho_IN::en-bho_#_annotator4,en-bho_#_annotator4,catboost_f3,367,47,90.11716621253406,9.661654077639486
en-cs_CZ,en-cs_CZ::en-cs_#_annotator10,en-cs_#_annotator10,mean,46,8,82.6304347826087,15.284352757496624
en-cs_CZ,en-cs_CZ::en-cs_#_annotator10,en-cs_#_annotator10,fixed_penalty,46,8,82.6304347826087,11.326086956521738
en-cs_CZ,en-cs_CZ::en-cs_#_annotator10,en-cs_#_annotator10,ridge_f3,46,8,82.6304347826087,8.995718098674725
en-cs_CZ,en-cs_CZ::en-cs_#_annotator10,en-cs_#_annotator10,catboost_f3,46,8,82.6304347826087,9.469046126779658
en-cs_CZ,en-cs_CZ::en-cs_#_annotator11,en-cs_#_annotator11,mean,72,5,78.19444444444444,16.392025649981594
en-cs_CZ,en-cs_CZ::en-cs_#_annotator11,en-cs_#_annotator11,fixed_penalty,72,5,78.19444444444444,16.72222222222222
en-cs_CZ,en-cs_CZ::en-cs_#_annotator11,en-cs_#_annotator11,ridge_f3,72,5,78.19444444444444,10.304578536111997
en-cs_CZ,en-cs_CZ::en-cs_#_annotator11,en-cs_#_annotator11,catboost_f3,72,5,78.19444444444444,10.380893864354476
en-cs_CZ,en-cs_CZ::en-cs_#_annotator12,en-cs_#_annotator12,mean,801,22,86.03870162297129,13.823647984791503
en-cs_CZ,en-cs_CZ::en-cs_#_annotator12,en-cs_#_annotator12,fixed_penalty,801,22,86.03870162297129,12.88514357053683
en-cs_CZ,en-cs_CZ::en-cs_#_annotator12,en-cs_#_annotator12,ridge_f3,801,22,86.03870162297129,7.964146137584174
en-cs_CZ,en-cs_CZ::en-cs_#_annotator12,en-cs_#_annotator12,catboost_f3,801,22,86.03870162297129,7.951377566786565
en-cs_CZ,en-cs_CZ::en-cs_#_annotator13,en-cs_#_annotator13,mean,16,7,82.5625,11.302383404742535
en-cs_CZ,en-cs_CZ::en-cs_#_annotator13,en-cs_#_annotator13,fixed_penalty,16,7,82.5625,13.1875
en-cs_CZ,en-cs_CZ::en-cs_#_annotator13,en-cs_#_annotator13,ridge_f3,16,7,82.5625,13.79280232033825
en-cs_CZ,en-cs_CZ::en-cs_#_annotator13,en-cs_#_annotator13,catboost_f3,16,7,82.5625,10.956062044904012
en-cs_CZ,en-cs_CZ::en-cs_#_annotator14,en-cs_#_annotator14,mean,130,35,85.86923076923077,14.324088385091251
en-cs_CZ,en-cs_CZ::en-cs_#_annotator14,en-cs_#_annotator14,fixed_penalty,130,35,85.86923076923077,9.261538461538462
en-cs_CZ,en-cs_CZ::en-cs_#_annotator14,en-cs_#_annotator14,ridge_f3,130,35,85.86923076923077,9.22070217814021
en-cs_CZ,en-cs_CZ::en-cs_#_annotator14,en-cs_#_annotator14,catboost_f3,130,35,85.86923076923077,9.025369925356605
en-cs_CZ,en-cs_CZ::en-cs_#_annotator16,en-cs_#_annotator16,mean,860,27,85.99767441860465,10.967759249701107
en-cs_CZ,en-cs_CZ::en-cs_#_annotator16,en-cs_#_annotator16,fixed_penalty,860,27,85.99767441860465,13.053488372093023
en-cs_CZ,en-cs_CZ::en-cs_#_annotator16,en-cs_#_annotator16,ridge_f3,860,27,85.99767441860465,6.187233516076454
en-cs_CZ,en-cs_CZ::en-cs_#_annotator16,en-cs_#_annotator16,catboost_f3,860,27,85.99767441860465,5.9803763070850104
en-cs_CZ,en-cs_CZ::en-cs_#_annotator17,en-cs_#_annotator17,mean,44,5,65.70454545454545,24.607651540067703
en-cs_CZ,en-cs_CZ::en-cs_#_annotator17,en-cs_#_annotator17,fixed_penalty,44,5,65.70454545454545,24.09090909090909
en-cs_CZ,en-cs_CZ::en-cs_#_annotator17,en-cs_#_annotator17,ridge_f3,44,5,65.70454545454545,10.126987600031855
en-cs_CZ,en-cs_CZ::en-cs_#_annotator17,en-cs_#_annotator17,catboost_f3,44,5,65.70454545454545,10.371492488173319
en-cs_CZ,en-cs_CZ::en-cs_#_annotator19,en-cs_#_annotator19,mean,31,19,82.12903225806451,12.353764063017188
en-cs_CZ,en-cs_CZ::en-cs_#_annotator19,en-cs_#_annotator19,fixed_penalty,31,19,82.12903225806451,12.387096774193548
en-cs_CZ,en-cs_CZ::en-cs_#_annotator19,en-cs_#_annotator19,ridge_f3,31,19,82.12903225806451,10.014462746351697
en-cs_CZ,en-cs_CZ::en-cs_#_annotator19,en-cs_#_annotator19,catboost_f3,31,19,82.12903225806451,9.79897872167724
en-cs_CZ,en-cs_CZ::en-cs_#_annotator2,en-cs_#_annotator2,mean,480,13,61.72083333333333,26.069711781792012
en-cs_CZ,en-cs_CZ::en-cs_#_annotator2,en-cs_#_annotator2,fixed_penalty,480,13,61.72083333333333,27.254166666666666
en-cs_CZ,en-cs_CZ::en-cs_#_annotator2,en-cs_#_annotator2,ridge_f3,480,13,61.72083333333333,12.746600937859474
en-cs_CZ,en-cs_CZ::en-cs_#_annotator2,en-cs_#_annotator2,catboost_f3,480,13,61.72083333333333,11.375533605768299
en-cs_CZ,en-cs_CZ::en-cs_#_annotator20,en-cs_#_annotator20,mean,626,51,58.605431309904155,23.86199869644351
en-cs_CZ,en-cs_CZ::en-cs_#_annotator20,en-cs_#_annotator20,fixed_penalty,626,51,58.605431309904155,25.768370607028753
en-cs_CZ,en-cs_CZ::en-cs_#_annotator20,en-cs_#_annotator20,ridge_f3,626,51,58.605431309904155,11.480048985452003
en-cs_CZ,en-cs_CZ::en-cs_#_annotator20,en-cs_#_annotator20,catboost_f3,626,51,58.605431309904155,12.146601024233357
en-cs_CZ,en-cs_CZ::en-cs_#_annotator3,en-cs_#_annotator3,mean,50,28,63.52,17.476269162895328
en-cs_CZ,en-cs_CZ::en-cs_#_annotator3,en-cs_#_annotator3,fixed_penalty,50,28,63.52,30.58
en-cs_CZ,en-cs_CZ::en-cs_#_annotator3,en-cs_#_annotator3,ridge_f3,50,28,63.52,16.23609541506811
en-cs_CZ,en-cs_CZ::en-cs_#_annotator3,en-cs_#_annotator3,catboost_f3,50,28,63.52,16.417112697670152
en-cs_CZ,en-cs_CZ::en-cs_#_annotator4,en-cs_#_annotator4,mean,417,43,67.66187050359713,11.716047556023414
en-cs_CZ,en-cs_CZ::en-cs_#_annotator4,en-cs_#_annotator4,fixed_penalty,417,43,67.66187050359713,23.904076738609113
en-cs_CZ,en-cs_CZ::en-cs_#_annotator4,en-cs_#_annotator4,ridge_f3,417,43,67.66187050359713,11.379527707023014
en-cs_CZ,en-cs_CZ::en-cs_#_annotator4,en-cs_#_annotator4,catboost_f3,417,43,67.66187050359713,10.63602720438359
en-cs_CZ,en-cs_CZ::en-cs_#_annotator5,en-cs_#_annotator5,mean,434,14,93.98387096774194,16.589827227028692
en-cs_CZ,en-cs_CZ::en-cs_#_annotator5,en-cs_#_annotator5,fixed_penalty,434,14,93.98387096774194,4.525345622119816
en-cs_CZ,en-cs_CZ::en-cs_#_annotator5,en-cs_#_annotator5,ridge_f3,434,14,93.98387096774194,6.337575216336994
en-cs_CZ,en-cs_CZ::en-cs_#_annotator5,en-cs_#_annotator5,catboost_f3,434,14,93.98387096774194,6.361704856396796
en-cs_CZ,en-cs_CZ::en-cs_#_annotator6,en-cs_#_annotator6,mean,319,7,86.8025078369906,14.808406263004827
en-cs_CZ,en-cs_CZ::en-cs_#_annotator6,en-cs_#_annotator6,fixed_penalty,319,7,86.8025078369906,6.476489028213166
en-cs_CZ,en-cs_CZ::en-cs_#_annotator6,en-cs_#_annotator6,ridge_f3,319,7,86.8025078369906,13.455519262748966
en-cs_CZ,en-cs_CZ::en-cs_#_annotator6,en-cs_#_annotator6,catboost_f3,319,7,86.8025078369906,15.400102467657852
en-cs_CZ,en-cs_CZ::en-cs_#_annotator7,en-cs_#_annotator7,mean,541,49,85.29759704251386,15.918033132117333
en-cs_CZ,en-cs_CZ::en-cs_#_annotator7,en-cs_#_annotator7,fixed_penalty,541,49,85.29759704251386,9.353049907578558
en-cs_CZ,en-cs_CZ::en-cs_#_annotator7,en-cs_#_annotator7,ridge_f3,541,49,85.29759704251386,12.611750462367796
en-cs_CZ,en-cs_CZ::en-cs_#_annotator7,en-cs_#_annotator7,catboost_f3,541,49,85.29759704251386,12.829086652758644
en-cs_CZ,en-cs_CZ::en-cs_#_annotator8,en-cs_#_annotator8,mean,2647,59,78.61352474499434,14.018210112199691
en-cs_CZ,en-cs_CZ::en-cs_#_annotator8,en-cs_#_annotator8,fixed_penalty,2647,59,78.61352474499434,19.20740460899131
en-cs_CZ,en-cs_CZ::en-cs_#_annotator8,en-cs_#_annotator8,ridge_f3,2647,59,78.61352474499434,11.645687734547366
en-cs_CZ,en-cs_CZ::en-cs_#_annotator8,en-cs_#_annotator8,catboost_f3,2647,59,78.61352474499434,11.650339536171638
en-cs_CZ,en-cs_CZ::en-cs_#_annotator9,en-cs_#_annotator9,mean,31,5,71.41935483870968,18.258046575684478
en-cs_CZ,en-cs_CZ::en-cs_#_annotator9,en-cs_#_annotator9,fixed_penalty,31,5,71.41935483870968,23.483870967741936
en-cs_CZ,en-cs_CZ::en-cs_#_annotator9,en-cs_#_annotator9,ridge_f3,31,5,71.41935483870968,11.38519675103663
en-cs_CZ,en-cs_CZ::en-cs_#_annotator9,en-cs_#_annotator9,catboost_f3,31,5,71.41935483870968,11.699131676193641
en-et_EE,en-et_EE::en-et_#_annotator1,en-et_#_annotator1,mean,1218,51,56.920361247947454,16.30556269351997
en-et_EE,en-et_EE::en-et_#_annotator1,en-et_#_annotator1,fixed_penalty,1218,51,56.920361247947454,29.173234811165845
en-et_EE,en-et_EE::en-et_#_annotator1,en-et_#_annotator1,ridge_f3,1218,51,56.920361247947454,9.814805753608402
en-et_EE,en-et_EE::en-et_#_annotator1,en-et_#_annotator1,catboost_f3,1218,51,56.920361247947454,9.410323181011032
en-et_EE,en-et_EE::en-et_#_annotator2,en-et_#_annotator2,mean,884,52,44.029411764705884,15.61720184726045
en-et_EE,en-et_EE::en-et_#_annotator2,en-et_#_annotator2,fixed_penalty,884,52,44.029411764705884,50.776018099547514
en-et_EE,en-et_EE::en-et_#_annotator2,en-et_#_annotator2,ridge_f3,884,52,44.029411764705884,12.207051047810243
en-et_EE,en-et_EE::en-et_#_annotator2,en-et_#_annotator2,catboost_f3,884,52,44.029411764705884,11.775987310884734
en-et_EE,en-et_EE::en-et_#_annotator3,en-et_#_annotator3,mean,1010,51,52.394059405940595,25.802746074583254
en-et_EE,en-et_EE::en-et_#_annotator3,en-et_#_annotator3,fixed_penalty,1010,51,52.394059405940595,44.96336633663366
en-et_EE,en-et_EE::en-et_#_annotator3,en-et_#_annotator3,ridge_f3,1010,51,52.394059405940595,13.298687755606243
en-et_EE,en-et_EE::en-et_#_annotator3,en-et_#_annotator3,catboost_f3,1010,51,52.394059405940595,13.079132173000904
en-et_EE,en-et_EE::en-et_#_annotator4,en-et_#_annotator4,mean,254,43,28.893700787401574,34.73972222709021
en-et_EE,en-et_EE::en-et_#_annotator4,en-et_#_annotator4,fixed_penalty,254,43,28.893700787401574,63.653543307086615
en-et_EE,en-et_EE::en-et_#_annotator4,en-et_#_annotator4,ridge_f3,254,43,28.893700787401574,34.59748473562336
en-et_EE,en-et_EE::en-et_#_annotator4,en-et_#_annotator4,catboost_f3,254,43,28.893700787401574,34.04009662440957
en-et_EE,en-et_EE::en-et_#_annotator5,en-et_#_annotator5,mean,1174,52,64.79557069846678,17.6444084917769
en-et_EE,en-et_EE::en-et_#_annotator5,en-et_#_annotator5,fixed_penalty,1174,52,64.79557069846678,29.325383304940374
en-et_EE,en-et_EE::en-et_#_annotator5,en-et_#_annotator5,ridge_f3,1174,52,64.79557069846678,14.286935778328768
en-et_EE,en-et_EE::en-et_#_annotator5,en-et_#_annotator5,catboost_f3,1174,52,64.79557069846678,14.215365843381715
en-et_EE,en-et_EE::en-et_#_annotator6,en-et_#_annotator6,mean,1375,52,62.44,22.310608017607386
en-et_EE,en-et_EE::en-et_#_annotator6,en-et_#_annotator6,fixed_penalty,1375,52,62.44,28.376
en-et_EE,en-et_EE::en-et_#_annotator6,en-et_#_annotator6,ridge_f3,1375,52,62.44,22.488239782279003
en-et_EE,en-et_EE::en-et_#_annotator6,en-et_#_annotator6,catboost_f3,1375,52,62.44,23.727914277750507
en-et_EE,en-et_EE::en-et_#_annotator7,en-et_#_annotator7,mean,482,44,72.84439834024896,27.61661561572314
en-et_EE,en-et_EE::en-et_#_annotator7,en-et_#_annotator7,fixed_penalty,482,44,72.84439834024896,19.24688796680498
en-et_EE,en-et_EE::en-et_#_annotator7,en-et_#_annotator7,ridge_f3,482,44,72.84439834024896,18.107453624494646
en-et_EE,en-et_EE::en-et_#_annotator7,en-et_#_annotator7,catboost_f3,482,44,72.84439834024896,17.24725340374869
en-et_EE,en-et_EE::en-et_#_annotator8,en-et_#_annotator8,mean,463,45,71.66522678185746,19.38180426319267
en-et_EE,en-et_EE::en-et_#_annotator8,en-et_#_annotator8,fixed_penalty,463,45,71.66522678185746,22.004319654427647
en-et_EE,en-et_EE::en-et_#_annotator8,en-et_#_annotator8,ridge_f3,463,45,71.66522678185746,9.757812943680772
en-et_EE,en-et_EE::en-et_#_annotator8,en-et_#_annotator8,catboost_f3,463,45,71.66522678185746,10.127268832668078
en-is_IS,en-is_IS::en-is_#_annotator1,en-is_#_annotator1,mean,1812,53,46.35706401766004,23.497396679052603
en-is_IS,en-is_IS::en-is_#_annotator1,en-is_#_annotator1,fixed_penalty,1812,53,46.35706401766004,47.473509933774835
en-is_IS,en-is_IS::en-is_#_annotator1,en-is_#_annotator1,ridge_f3,1812,53,46.35706401766004,16.031722535394202
en-is_IS,en-is_IS::en-is_#_annotator1,en-is_#_annotator1,catboost_f3,1812,53,46.35706401766004,17.22127196133741
en-is_IS,en-is_IS::en-is_#_annotator2,en-is_#_annotator2,mean,1553,53,59.76819059884095,26.536736889037815
en-is_IS,en-is_IS::en-is_#_annotator2,en-is_#_annotator2,fixed_penalty,1553,53,59.76819059884095,24.097231165486157
en-is_IS,en-is_IS::en-is_#_annotator2,en-is_#_annotator2,ridge_f3,1553,53,59.76819059884095,13.538856145994968
en-is_IS,en-is_IS::en-is_#_annotator2,en-is_#_annotator2,catboost_f3,1553,53,59.76819059884095,11.31301768849057
en-is_IS,en-is_IS::en-is_#_annotator3,en-is_#_annotator3,mean,1842,53,41.455483170466884,23.789688553796026
en-is_IS,en-is_IS::en-is_#_annotator3,en-is_#_annotator3,fixed_penalty,1842,53,41.455483170466884,48.19761129207383
en-is_IS,en-is_IS::en-is_#_annotator3,en-is_#_annotator3,ridge_f3,1842,53,41.455483170466884,10.227573236989025
en-is_IS,en-is_IS::en-is_#_annotator3,en-is_#_annotator3,catboost_f3,1842,53,41.455483170466884,9.748706978261543
en-is_IS,en-is_IS::en-is_#_annotator4,en-is_#_annotator4,mean,1582,52,37.692793931731984,29.59824673139466
en-is_IS,en-is_IS::en-is_#_annotator4,en-is_#_annotator4,fixed_penalty,1582,52,37.692793931731984,53.96649810366625
en-is_IS,en-is_IS::en-is_#_annotator4,en-is_#_annotator4,ridge_f3,1582,52,37.692793931731984,12.49100799157698
en-is_IS,en-is_IS::en-is_#_annotator4,en-is_#_annotator4,catboost_f3,1582,52,37.692793931731984,13.290634515745372
en-is_IS,en-is_IS::en-is_#_annotator5,en-is_#_annotator5,mean,189,34,35.76190476190476,31.923026939521066
en-is_IS,en-is_IS::en-is_#_annotator5,en-is_#_annotator5,fixed_penalty,189,34,35.76190476190476,43.18518518518518
en-is_IS,en-is_IS::en-is_#_annotator5,en-is_#_annotator5,ridge_f3,189,34,35.76190476190476,18.35044142925116
en-is_IS,en-is_IS::en-is_#_annotator5,en-is_#_annotator5,catboost_f3,189,34,35.76190476190476,15.970369961384913
en-it_IT,en-it_IT::en-it_#_annotator1,en-it_#_annotator1,mean,631,47,68.1283676703645,22.10661042336013
en-it_IT,en-it_IT::en-it_#_annotator1,en-it_#_annotator1,fixed_penalty,631,47,68.1283676703645,27.131537242472266
en-it_IT,en-it_IT::en-it_#_annotator1,en-it_#_annotator1,ridge_f3,631,47,68.1283676703645,11.000104178697583
en-it_IT,en-it_IT::en-it_#_annotator1,en-it_#_annotator1,catboost_f3,631,47,68.1283676703645,10.540257135421362
en-it_IT,en-it_IT::en-it_#_annotator2,en-it_#_annotator2,mean,1478,53,61.21109607577808,26.705675295817812
en-it_IT,en-it_IT::en-it_#_annotator2,en-it_#_annotator2,fixed_penalty,1478,53,61.21109607577808,34.51082543978349
en-it_IT,en-it_IT::en-it_#_annotator2,en-it_#_annotator2,ridge_f3,1478,53,61.21109607577808,13.42319330678715
en-it_IT,en-it_IT::en-it_#_annotator2,en-it_#_annotator2,catboost_f3,1478,53,61.21109607577808,13.09596742399942
en-it_IT,en-it_IT::en-it_#_annotator3,en-it_#_annotator3,mean,1181,42,90.0770533446232,24.148682335753428
en-it_IT,en-it_IT::en-it_#_annotator3,en-it_#_annotator3,fixed_penalty,1181,42,90.0770533446232,8.102455546147333
en-it_IT,en-it_IT::en-it_#_annotator3,en-it_#_annotator3,ridge_f3,1181,42,90.0770533446232,12.190467209004732
en-it_IT,en-it_IT::en-it_#_annotator3,en-it_#_annotator3,catboost_f3,1181,42,90.0770533446232,12.021554189677785
en-it_IT,en-it_IT::en-it_#_annotator4,en-it_#_annotator4,mean,1154,53,57.93414211438475,17.751077431658242
en-it_IT,en-it_IT::en-it_#_annotator4,en-it_#_annotator4,fixed_penalty,1154,53,57.93414211438475,37.11178509532063
en-it_IT,en-it_IT::en-it_#_annotator4,en-it_#_annotator4,ridge_f3,1154,53,57.93414211438475,11.238756676913223
en-it_IT,en-it_IT::en-it_#_annotator4,en-it_#_annotator4,catboost_f3,1154,53,57.93414211438475,10.855190636887057
en-it_IT,en-it_IT::en-it_#_annotator5,en-it_#_annotator5,mean,1023,51,68.12805474095796,15.267534900651997
en-it_IT,en-it_IT::en-it_#_annotator5,en-it_#_annotator5,fixed_penalty,1023,51,68.12805474095796,28.438905180840663
en-it_IT,en-it_IT::en-it_#_annotator5,en-it_#_annotator5,ridge_f3,1023,51,68.12805474095796,9.82948738400715
en-it_IT,en-it_IT::en-it_#_annotator5,en-it_#_annotator5,catboost_f3,1023,51,68.12805474095796,9.400036957156004
en-it_IT,en-it_IT::en-it_#_annotator6,en-it_#_annotator6,mean,1499,54,70.51501000667112,27.99596719729209
en-it_IT,en-it_IT::en-it_#_annotator6,en-it_#_annotator6,fixed_penalty,1499,54,70.51501000667112,24.260840560373584
en-it_IT,en-it_IT::en-it_#_annotator6,en-it_#_annotator6,ridge_f3,1499,54,70.51501000667112,9.190528146688385
en-it_IT,en-it_IT::en-it_#_annotator6,en-it_#_annotator6,catboost_f3,1499,54,70.51501000667112,8.98734327535504
en-it_IT,en-it_IT::en-it_#_annotator7,en-it_#_annotator7,mean,283,15,84.3851590106007,20.230540484410405
en-it_IT,en-it_IT::en-it_#_annotator7,en-it_#_annotator7,fixed_penalty,283,15,84.3851590106007,12.381625441696112
en-it_IT,en-it_IT::en-it_#_annotator7,en-it_#_annotator7,ridge_f3,283,15,84.3851590106007,12.82368493867684
en-it_IT,en-it_IT::en-it_#_annotator7,en-it_#_annotator7,catboost_f3,283,15,84.3851590106007,13.383783418075112
en-ja_JP,en-ja_JP::en-ja_#_annotator1,en-ja_#_annotator1,mean,32,21,76.46875,12.74684155796005
en-ja_JP,en-ja_JP::en-ja_#_annotator1,en-ja_#_annotator1,fixed_penalty,32,21,76.46875,21.09375
en-ja_JP,en-ja_JP::en-ja_#_annotator1,en-ja_#_annotator1,ridge_f3,32,21,76.46875,7.669795873317098
en-ja_JP,en-ja_JP::en-ja_#_annotator1,en-ja_#_annotator1,catboost_f3,32,21,76.46875,7.207026787905347
en-ja_JP,en-ja_JP::en-ja_#_annotator10,en-ja_#_annotator10,mean,237,37,83.90295358649789,11.266508173810072
en-ja_JP,en-ja_JP::en-ja_#_annotator10,en-ja_#_annotator10,fixed_penalty,237,37,83.90295358649789,14.89451476793249
en-ja_JP,en-ja_JP::en-ja_#_annotator10,en-ja_#_annotator10,ridge_f3,237,37,83.90295358649789,8.649389375923642
en-ja_JP,en-ja_JP::en-ja_#_annotator10,en-ja_#_annotator10,catboost_f3,237,37,83.90295358649789,9.282313038130074
en-ja_JP,en-ja_JP::en-ja_#_annotator11,en-ja_#_annotator11,mean,31,24,91.61290322580645,13.025229539841833
en-ja_JP,en-ja_JP::en-ja_#_annotator11,en-ja_#_annotator11,fixed_penalty,31,24,91.61290322580645,8.290322580645162
en-ja_JP,en-ja_JP::en-ja_#_annotator11,en-ja_#_annotator11,ridge_f3,31,24,91.61290322580645,7.667866309931166
en-ja_JP,en-ja_JP::en-ja_#_annotator11,en-ja_#_annotator11,catboost_f3,31,24,91.61290322580645,7.645274836794494
en-ja_JP,en-ja_JP::en-ja_#_annotator12,en-ja_#_annotator12,mean,216,35,92.08796296296296,13.985129546840476
en-ja_JP,en-ja_JP::en-ja_#_annotator12,en-ja_#_annotator12,fixed_penalty,216,35,92.08796296296296,6.916666666666667
en-ja_JP,en-ja_JP::en-ja_#_annotator12,en-ja_#_annotator12,ridge_f3,216,35,92.08796296296296,10.327240604755044
en-ja_JP,en-ja_JP::en-ja_#_annotator12,en-ja_#_annotator12,catboost_f3,216,35,92.08796296296296,9.893369125033667
en-ja_JP,en-ja_JP::en-ja_#_annotator13,en-ja_#_annotator13,mean,295,47,88.3864406779661,15.741601101385033
en-ja_JP,en-ja_JP::en-ja_#_annotator13,en-ja_#_annotator13,fixed_penalty,295,47,88.3864406779661,8.789830508474576
en-ja_JP,en-ja_JP::en-ja_#_annotator13,en-ja_#_annotator13,ridge_f3,295,47,88.3864406779661,11.664401106150068
en-ja_JP,en-ja_JP::en-ja_#_annotator13,en-ja_#_annotator13,catboost_f3,295,47,88.3864406779661,11.86405275372801
en-ja_JP,en-ja_JP::en-ja_#_annotator14,en-ja_#_annotator14,mean,34,21,76.17647058823529,17.6410246483538
en-ja_JP,en-ja_JP::en-ja_#_annotator14,en-ja_#_annotator14,fixed_penalty,34,21,76.17647058823529,21.147058823529413
en-ja_JP,en-ja_JP::en-ja_#_annotator14,en-ja_#_annotator14,ridge_f3,34,21,76.17647058823529,15.453401915261649
en-ja_JP,en-ja_JP::en-ja_#_annotator14,en-ja_#_annotator14,catboost_f3,34,21,76.17647058823529,15.203296601110276
en-ja_JP,en-ja_JP::en-ja_#_annotator15,en-ja_#_annotator15,mean,46,5,73.02173913043478,12.155223319238585
en-ja_JP,en-ja_JP::en-ja_#_annotator15,en-ja_#_annotator15,fixed_penalty,46,5,73.02173913043478,24.304347826086957
en-ja_JP,en-ja_JP::en-ja_#_annotator15,en-ja_#_annotator15,ridge_f3,46,5,73.02173913043478,11.880890319863214
en-ja_JP,en-ja_JP::en-ja_#_annotator15,en-ja_#_annotator15,catboost_f3,46,5,73.02173913043478,11.911058869176296
en-ja_JP,en-ja_JP::en-ja_#_annotator16,en-ja_#_annotator16,mean,40,1,91.125,13.391425829297933
en-ja_JP,en-ja_JP::en-ja_#_annotator16,en-ja_#_annotator16,fixed_penalty,40,1,91.125,6.7
en-ja_JP,en-ja_JP::en-ja_#_annotator16,en-ja_#_annotator16,ridge_f3,40,1,91.125,10.49302840521986
en-ja_JP,en-ja_JP::en-ja_#_annotator16,en-ja_#_annotator16,catboost_f3,40,1,91.125,10.12858293270008
en-ja_JP,en-ja_JP::en-ja_#_annotator17,en-ja_#_annotator17,mean,374,42,76.58021390374331,21.197513709607495
en-ja_JP,en-ja_JP::en-ja_#_annotator17,en-ja_#_annotator17,fixed_penalty,374,42,76.58021390374331,21.09090909090909
en-ja_JP,en-ja_JP::en-ja_#_annotator17,en-ja_#_annotator17,ridge_f3,374,42,76.58021390374331,13.93555948514742
en-ja_JP,en-ja_JP::en-ja_#_annotator17,en-ja_#_annotator17,catboost_f3,374,42,76.58021390374331,14.015821947119797
en-ja_JP,en-ja_JP::en-ja_#_annotator18,en-ja_#_annotator18,mean,102,25,94.17647058823529,15.93107175775553
en-ja_JP,en-ja_JP::en-ja_#_annotator18,en-ja_#_annotator18,fixed_penalty,102,25,94.17647058823529,5.382352941176471
en-ja_JP,en-ja_JP::en-ja_#_annotator18,en-ja_#_annotator18,ridge_f3,102,25,94.17647058823529,10.097859007034783
en-ja_JP,en-ja_JP::en-ja_#_annotator18,en-ja_#_annotator18,catboost_f3,102,25,94.17647058823529,9.698372545456202
en-ja_JP,en-ja_JP::en-ja_#_annotator19,en-ja_#_annotator19,mean,357,42,72.95798319327731,17.113047391146313
en-ja_JP,en-ja_JP::en-ja_#_annotator19,en-ja_#_annotator19,fixed_penalty,357,42,72.95798319327731,25.607843137254903
en-ja_JP,en-ja_JP::en-ja_#_annotator19,en-ja_#_annotator19,ridge_f3,357,42,72.95798319327731,14.672956941801043
en-ja_JP,en-ja_JP::en-ja_#_annotator19,en-ja_#_annotator19,catboost_f3,357,42,72.95798319327731,15.02890488484735
en-ja_JP,en-ja_JP::en-ja_#_annotator2,en-ja_#_annotator2,mean,76,25,79.5657894736842,10.3385683107887
en-ja_JP,en-ja_JP::en-ja_#_annotator2,en-ja_#_annotator2,fixed_penalty,76,25,79.5657894736842,19.92105263157895
en-ja_JP,en-ja_JP::en-ja_#_annotator2,en-ja_#_annotator2,ridge_f3,76,25,79.5657894736842,11.216613784935063
en-ja_JP,en-ja_JP::en-ja_#_annotator2,en-ja_#_annotator2,catboost_f3,76,25,79.5657894736842,10.85682831765606
en-ja_JP,en-ja_JP::en-ja_#_annotator20,en-ja_#_annotator20,mean,25,15,75.48,20.532926939893585
en-ja_JP,en-ja_JP::en-ja_#_annotator20,en-ja_#_annotator20,fixed_penalty,25,15,75.48,20.24
en-ja_JP,en-ja_JP::en-ja_#_annotator20,en-ja_#_annotator20,ridge_f3,25,15,75.48,10.44868163947162
en-ja_JP,en-ja_JP::en-ja_#_annotator20,en-ja_#_annotator20,catboost_f3,25,15,75.48,9.922951225425763
en-ja_JP,en-ja_JP::en-ja_#_annotator21,en-ja_#_annotator21,mean,221,43,98.04072398190046,16.355805144602776
en-ja_JP,en-ja_JP::en-ja_#_annotator21,en-ja_#_annotator21,fixed_penalty,221,43,98.04072398190046,1.7194570135746607
en-ja_JP,en-ja_JP::en-ja_#_annotator21,en-ja_#_annotator21,ridge_f3,221,43,98.04072398190046,8.411884192673355
en-ja_JP,en-ja_JP::en-ja_#_annotator21,en-ja_#_annotator21,catboost_f3,221,43,98.04072398190046,8.704857596525502
en-ja_JP,en-ja_JP::en-ja_#_annotator22,en-ja_#_annotator22,mean,30,3,89.16666666666667,9.813536770367783
en-ja_JP,en-ja_JP::en-ja_#_annotator22,en-ja_#_annotator22,fixed_penalty,30,3,89.16666666666667,8.866666666666667
en-ja_JP,en-ja_JP::en-ja_#_annotator22,en-ja_#_annotator22,ridge_f3,30,3,89.16666666666667,12.077785705660908
en-ja_JP,en-ja_JP::en-ja_#_annotator22,en-ja_#_annotator22,catboost_f3,30,3,89.16666666666667,12.082846981426858
en-ja_JP,en-ja_JP::en-ja_#_annotator23,en-ja_#_annotator23,mean,47,26,82.65957446808511,18.127383121518275
en-ja_JP,en-ja_JP::en-ja_#_annotator23,en-ja_#_annotator23,fixed_penalty,47,26,82.65957446808511,13.404255319148936
en-ja_JP,en-ja_JP::en-ja_#_annotator23,en-ja_#_annotator23,ridge_f3,47,26,82.65957446808511,8.983877566004535
en-ja_JP,en-ja_JP::en-ja_#_annotator23,en-ja_#_annotator23,catboost_f3,47,26,82.65957446808511,9.33224377605639
en-ja_JP,en-ja_JP::en-ja_#_annotator24,en-ja_#_annotator24,mean,228,9,61.021929824561404,24.9379805086387
en-ja_JP,en-ja_JP::en-ja_#_annotator24,en-ja_#_annotator24,fixed_penalty,228,9,61.021929824561404,34.58771929824562
en-ja_JP,en-ja_JP::en-ja_#_annotator24,en-ja_#_annotator24,ridge_f3,228,9,61.021929824561404,12.469425758042629
en-ja_JP,en-ja_JP::en-ja_#_annotator24,en-ja_#_annotator24,catboost_f3,228,9,61.021929824561404,12.579400995044576
en-ja_JP,en-ja_JP::en-ja_#_annotator25,en-ja_#_annotator25,mean,44,5,81.13636363636364,16.638939419264478
en-ja_JP,en-ja_JP::en-ja_#_annotator25,en-ja_#_annotator25,fixed_penalty,44,5,81.13636363636364,16.386363636363637
en-ja_JP,en-ja_JP::en-ja_#_annotator25,en-ja_#_annotator25,ridge_f3,44,5,81.13636363636364,12.00640461768329
en-ja_JP,en-ja_JP::en-ja_#_annotator25,en-ja_#_annotator25,catboost_f3,44,5,81.13636363636364,11.675955660064488
en-ja_JP,en-ja_JP::en-ja_#_annotator26,en-ja_#_annotator26,mean,291,43,88.45017182130584,13.718734504048857
en-ja_JP,en-ja_JP::en-ja_#_annotator26,en-ja_#_annotator26,fixed_penalty,291,43,88.45017182130584,10.993127147766323
en-ja_JP,en-ja_JP::en-ja_#_annotator26,en-ja_#_annotator26,ridge_f3,291,43,88.45017182130584,8.959425460539329
en-ja_JP,en-ja_JP::en-ja_#_annotator26,en-ja_#_annotator26,catboost_f3,291,43,88.45017182130584,9.106959657525785
en-ja_JP,en-ja_JP::en-ja_#_annotator27,en-ja_#_annotator27,mean,30,21,66.06666666666666,23.86047994813668
en-ja_JP,en-ja_JP::en-ja_#_annotator27,en-ja_#_annotator27,fixed_penalty,30,21,66.06666666666666,29.466666666666665
en-ja_JP,en-ja_JP::en-ja_#_annotator27,en-ja_#_annotator27,ridge_f3,30,21,66.06666666666666,14.227944760182693
en-ja_JP,en-ja_JP::en-ja_#_annotator27,en-ja_#_annotator27,catboost_f3,30,21,66.06666666666666,13.047280758470192
en-ja_JP,en-ja_JP::en-ja_#_annotator28,en-ja_#_annotator28,mean,35,18,92.42857142857143,14.470907396408
en-ja_JP,en-ja_JP::en-ja_#_annotator28,en-ja_#_annotator28,fixed_penalty,35,18,92.42857142857143,4.942857142857143
en-ja_JP,en-ja_JP::en-ja_#_annotator28,en-ja_#_annotator28,ridge_f3,35,18,92.42857142857143,12.735873142018336
en-ja_JP,en-ja_JP::en-ja_#_annotator28,en-ja_#_annotator28,catboost_f3,35,18,92.42857142857143,12.670728268600156
en-ja_JP,en-ja_JP::en-ja_#_annotator29,en-ja_#_annotator29,mean,395,40,91.3240506329114,15.790437895441361
en-ja_JP,en-ja_JP::en-ja_#_annotator29,en-ja_#_annotator29,fixed_penalty,395,40,91.3240506329114,7.124050632911392
en-ja_JP,en-ja_JP::en-ja_#_annotator29,en-ja_#_annotator29,ridge_f3,395,40,91.3240506329114,9.336279959305193
en-ja_JP,en-ja_JP::en-ja_#_annotator29,en-ja_#_annotator29,catboost_f3,395,40,91.3240506329114,8.883546340888849
en-ja_JP,en-ja_JP::en-ja_#_annotator3,en-ja_#_annotator3,mean,352,31,81.00568181818181,16.85139566966748
en-ja_JP,en-ja_JP::en-ja_#_annotator3,en-ja_#_annotator3,fixed_penalty,352,31,81.00568181818181,17.696022727272727
en-ja_JP,en-ja_JP::en-ja_#_annotator3,en-ja_#_annotator3,ridge_f3,352,31,81.00568181818181,10.051816097482593
en-ja_JP,en-ja_JP::en-ja_#_annotator3,en-ja_#_annotator3,catboost_f3,352,31,81.00568181818181,9.951554821109088
en-ja_JP,en-ja_JP::en-ja_#_annotator30,en-ja_#_annotator30,mean,303,36,70.8976897689769,12.646133108490458
en-ja_JP,en-ja_JP::en-ja_#_annotator30,en-ja_#_annotator30,fixed_penalty,303,36,70.8976897689769,28.940594059405942
en-ja_JP,en-ja_JP::en-ja_#_annotator30,en-ja_#_annotator30,ridge_f3,303,36,70.8976897689769,19.933261276757598
en-ja_JP,en-ja_JP::en-ja_#_annotator30,en-ja_#_annotator30,catboost_f3,303,36,70.8976897689769,20.078725191866564
en-ja_JP,en-ja_JP::en-ja_#_annotator31,en-ja_#_annotator31,mean,316,34,66.13291139240506,23.440891752884422
en-ja_JP,en-ja_JP::en-ja_#_annotator31,en-ja_#_annotator31,fixed_penalty,316,34,66.13291139240506,29.379746835443036
en-ja_JP,en-ja_JP::en-ja_#_annotator31,en-ja_#_annotator31,ridge_f3,316,34,66.13291139240506,11.754471579615865
en-ja_JP,en-ja_JP::en-ja_#_annotator31,en-ja_#_annotator31,catboost_f3,316,34,66.13291139240506,10.852978807944158
en-ja_JP,en-ja_JP::en-ja_#_annotator32,en-ja_#_annotator32,mean,41,4,85.51219512195122,7.0798096296208115
en-ja_JP,en-ja_JP::en-ja_#_annotator32,en-ja_#_annotator32,fixed_penalty,41,4,85.51219512195122,14.463414634146341
en-ja_JP,en-ja_JP::en-ja_#_annotator32,en-ja_#_annotator32,ridge_f3,41,4,85.51219512195122,6.518289202535379
en-ja_JP,en-ja_JP::en-ja_#_annotator32,en-ja_#_annotator32,catboost_f3,41,4,85.51219512195122,6.844593252134121
en-ja_JP,en-ja_JP::en-ja_#_annotator33,en-ja_#_annotator33,mean,452,13,79.90707964601769,12.491890264377213
en-ja_JP,en-ja_JP::en-ja_#_annotator33,en-ja_#_annotator33,fixed_penalty,452,13,79.90707964601769,18.827433628318584
en-ja_JP,en-ja_JP::en-ja_#_annotator33,en-ja_#_annotator33,ridge_f3,452,13,79.90707964601769,9.172661628420228
en-ja_JP,en-ja_JP::en-ja_#_annotator33,en-ja_#_annotator33,catboost_f3,452,13,79.90707964601769,9.255145179019037
en-ja_JP,en-ja_JP::en-ja_#_annotator34,en-ja_#_annotator34,mean,198,24,95.94949494949495,16.319444812745065
en-ja_JP,en-ja_JP::en-ja_#_annotator34,en-ja_#_annotator34,fixed_penalty,198,24,95.94949494949495,3.414141414141414
en-ja_JP,en-ja_JP::en-ja_#_annotator34,en-ja_#_annotator34,ridge_f3,198,24,95.94949494949495,10.50765247380465
en-ja_JP,en-ja_JP::en-ja_#_annotator34,en-ja_#_annotator34,catboost_f3,198,24,95.94949494949495,10.582999838502401
en-ja_JP,en-ja_JP::en-ja_#_annotator35,en-ja_#_annotator35,mean,266,42,75.88345864661655,12.353564644026426
en-ja_JP,en-ja_JP::en-ja_#_annotator35,en-ja_#_annotator35,fixed_penalty,266,42,75.88345864661655,21.590225563909776
en-ja_JP,en-ja_JP::en-ja_#_annotator35,en-ja_#_annotator35,ridge_f3,266,42,75.88345864661655,10.326454795334588
en-ja_JP,en-ja_JP::en-ja_#_annotator35,en-ja_#_annotator35,catboost_f3,266,42,75.88345864661655,10.136992121851135
en-ja_JP,en-ja_JP::en-ja_#_annotator36,en-ja_#_annotator36,mean,306,35,90.74509803921569,11.30168058462625
en-ja_JP,en-ja_JP::en-ja_#_annotator36,en-ja_#_annotator36,fixed_penalty,306,35,90.74509803921569,8.624183006535947
en-ja_JP,en-ja_JP::en-ja_#_annotator36,en-ja_#_annotator36,ridge_f3,306,35,90.74509803921569,6.696349689982815
en-ja_JP,en-ja_JP::en-ja_#_annotator36,en-ja_#_annotator36,catboost_f3,306,35,90.74509803921569,7.262520438386019
en-ja_JP,en-ja_JP::en-ja_#_annotator37,en-ja_#_annotator37,mean,152,34,86.5592105263158,16.20116740183163
en-ja_JP,en-ja_JP::en-ja_#_annotator37,en-ja_#_annotator37,fixed_penalty,152,34,86.5592105263158,12.888157894736842
en-ja_JP,en-ja_JP::en-ja_#_annotator37,en-ja_#_annotator37,ridge_f3,152,34,86.5592105263158,10.971619960402622
en-ja_JP,en-ja_JP::en-ja_#_annotator37,en-ja_#_annotator37,catboost_f3,152,34,86.5592105263158,11.177302461413634
en-ja_JP,en-ja_JP::en-ja_#_annotator38,en-ja_#_annotator38,mean,262,27,65.87786259541984,17.711973296647304
en-ja_JP,en-ja_JP::en-ja_#_annotator38,en-ja_#_annotator38,fixed_penalty,262,27,65.87786259541984,31.46564885496183
en-ja_JP,en-ja_JP::en-ja_#_annotator38,en-ja_#_annotator38,ridge_f3,262,27,65.87786259541984,13.261884809878408
en-ja_JP,en-ja_JP::en-ja_#_annotator38,en-ja_#_annotator38,catboost_f3,262,27,65.87786259541984,13.601166631918304
en-ja_JP,en-ja_JP::en-ja_#_annotator39,en-ja_#_annotator39,mean,112,28,87.96428571428571,12.175473498019198
en-ja_JP,en-ja_JP::en-ja_#_annotator39,en-ja_#_annotator39,fixed_penalty,112,28,87.96428571428571,10.875
en-ja_JP,en-ja_JP::en-ja_#_annotator39,en-ja_#_annotator39,ridge_f3,112,28,87.96428571428571,10.664748460620737
en-ja_JP,en-ja_JP::en-ja_#_annotator39,en-ja_#_annotator39,catboost_f3,112,28,87.96428571428571,10.379818106576439
en-ja_JP,en-ja_JP::en-ja_#_annotator4,en-ja_#_annotator4,mean,372,32,72.28225806451613,14.205717690463917
en-ja_JP,en-ja_JP::en-ja_#_annotator4,en-ja_#_annotator4,fixed_penalty,372,32,72.28225806451613,26.301075268817204
en-ja_JP,en-ja_JP::en-ja_#_annotator4,en-ja_#_annotator4,ridge_f3,372,32,72.28225806451613,12.63820478284869
en-ja_JP,en-ja_JP::en-ja_#_annotator4,en-ja_#_annotator4,catboost_f3,372,32,72.28225806451613,12.940332347985558
en-ja_JP,en-ja_JP::en-ja_#_annotator40,en-ja_#_annotator40,mean,34,3,85.88235294117646,15.158557190295827
en-ja_JP,en-ja_JP::en-ja_#_annotator40,en-ja_#_annotator40,fixed_penalty,34,3,85.88235294117646,12.029411764705882
en-ja_JP,en-ja_JP::en-ja_#_annotator40,en-ja_#_annotator40,ridge_f3,34,3,85.88235294117646,10.029263830603682
en-ja_JP,en-ja_JP::en-ja_#_annotator40,en-ja_#_annotator40,catboost_f3,34,3,85.88235294117646,8.90425002868072
en-ja_JP,en-ja_JP::en-ja_#_annotator5,en-ja_#_annotator5,mean,39,6,79.41025641025641,13.689299847206794
en-ja_JP,en-ja_JP::en-ja_#_annotator5,en-ja_#_annotator5,fixed_penalty,39,6,79.41025641025641,17.58974358974359
en-ja_JP,en-ja_JP::en-ja_#_annotator5,en-ja_#_annotator5,ridge_f3,39,6,79.41025641025641,9.130746898714085
en-ja_JP,en-ja_JP::en-ja_#_annotator5,en-ja_#_annotator5,catboost_f3,39,6,79.41025641025641,8.972774439343251
en-ja_JP,en-ja_JP::en-ja_#_annotator6,en-ja_#_annotator6,mean,76,6,79.11842105263158,14.571359340751458
en-ja_JP,en-ja_JP::en-ja_#_annotator6,en-ja_#_annotator6,fixed_penalty,76,6,79.11842105263158,17.30263157894737
en-ja_JP,en-ja_JP::en-ja_#_annotator6,en-ja_#_annotator6,ridge_f3,76,6,79.11842105263158,10.314381677352733
en-ja_JP,en-ja_JP::en-ja_#_annotator6,en-ja_#_annotator6,catboost_f3,76,6,79.11842105263158,9.652260381521806
en-ja_JP,en-ja_JP::en-ja_#_annotator7,en-ja_#_annotator7,mean,41,6,84.0,15.21722589092878
en-ja_JP,en-ja_JP::en-ja_#_annotator7,en-ja_#_annotator7,fixed_penalty,41,6,84.0,15.463414634146341
en-ja_JP,en-ja_JP::en-ja_#_annotator7,en-ja_#_annotator7,ridge_f3,41,6,84.0,8.708954669517489
en-ja_JP,en-ja_JP::en-ja_#_annotator7,en-ja_#_annotator7,catboost_f3,41,6,84.0,8.880413206241439
en-ja_JP,en-ja_JP::en-ja_#_annotator8,en-ja_#_annotator8,mean,143,27,82.78321678321679,16.27808499546628
en-ja_JP,en-ja_JP::en-ja_#_annotator8,en-ja_#_annotator8,fixed_penalty,143,27,82.78321678321679,14.160839160839162
en-ja_JP,en-ja_JP::en-ja_#_annotator8,en-ja_#_annotator8,ridge_f3,143,27,82.78321678321679,12.986223610502023
en-ja_JP,en-ja_JP::en-ja_#_annotator8,en-ja_#_annotator8,catboost_f3,143,27,82.78321678321679,12.728230210774639
en-ja_JP,en-ja_JP::en-ja_#_annotator9,en-ja_#_annotator9,mean,40,5,88.2,10.200433451817966
en-ja_JP,en-ja_JP::en-ja_#_annotator9,en-ja_#_annotator9,fixed_penalty,40,5,88.2,8.575
en-ja_JP,en-ja_JP::en-ja_#_annotator9,en-ja_#_annotator9,ridge_f3,40,5,88.2,13.784895327538175
en-ja_JP,en-ja_JP::en-ja_#_annotator9,en-ja_#_annotator9,catboost_f3,40,5,88.2,13.701352112341945
en-mas_KE,en-mas_KE::en-mas_#_annotator1,en-mas_#_annotator1,mean,35,25,28.857142857142858,27.72444335436198
en-mas_KE,en-mas_KE::en-mas_#_annotator1,en-mas_#_annotator1,fixed_penalty,35,25,28.857142857142858,62.77142857142857
en-mas_KE,en-mas_KE::en-mas_#_annotator1,en-mas_#_annotator1,ridge_f3,35,25,28.857142857142858,20.82235453311643
en-mas_KE,en-mas_KE::en-mas_#_annotator1,en-mas_#_annotator1,catboost_f3,35,25,28.857142857142858,23.814997643739208
en-mas_KE,en-mas_KE::en-mas_#_annotator2,en-mas_#_annotator2,mean,5362,49,0.46736292428198434,15.48602889355388
en-mas_KE,en-mas_KE::en-mas_#_annotator2,en-mas_#_annotator2,fixed_penalty,5362,49,0.46736292428198434,94.34073107049609
en-mas_KE,en-mas_KE::en-mas_#_annotator2,en-mas_#_annotator2,ridge_f3,5362,49,0.46736292428198434,4.64295994398197
en-mas_KE,en-mas_KE::en-mas_#_annotator2,en-mas_#_annotator2,catboost_f3,5362,49,0.46736292428198434,6.3268185784259625
en-mas_KE,en-mas_KE::en-mas_#_annotator3,en-mas_#_annotator3,mean,723,45,2.459197786998617,14.22901910666623
en-mas_KE,en-mas_KE::en-mas_#_annotator3,en-mas_#_annotator3,fixed_penalty,723,45,2.459197786998617,92.10511756569848
en-mas_KE,en-mas_KE::en-mas_#_annotator3,en-mas_#_annotator3,ridge_f3,723,45,2.459197786998617,5.185044778482656
en-mas_KE,en-mas_KE::en-mas_#_annotator3,en-mas_#_annotator3,catboost_f3,723,45,2.459197786998617,6.004270025958093
en-ru_RU,en-ru_RU::en-ru_#_annotator1,en-ru_#_annotator1,mean,2103,51,67.47693770803613,18.60973555159018
en-ru_RU,en-ru_RU::en-ru_#_annotator1,en-ru_#_annotator1,fixed_penalty,2103,51,67.47693770803613,25.396100808368995
en-ru_RU,en-ru_RU::en-ru_#_annotator1,en-ru_#_annotator1,ridge_f3,2103,51,67.47693770803613,9.046932961367629
en-ru_RU,en-ru_RU::en-ru_#_annotator1,en-ru_#_annotator1,catboost_f3,2103,51,67.47693770803613,8.406782071912057
en-ru_RU,en-ru_RU::en-ru_#_annotator2,en-ru_#_annotator2,mean,168,36,77.60714285714286,18.66014304617683
en-ru_RU,en-ru_RU::en-ru_#_annotator2,en-ru_#_annotator2,fixed_penalty,168,36,77.60714285714286,17.220238095238095
en-ru_RU,en-ru_RU::en-ru_#_annotator2,en-ru_#_annotator2,ridge_f3,168,36,77.60714285714286,16.38943073984461
en-ru_RU,en-ru_RU::en-ru_#_annotator2,en-ru_#_annotator2,catboost_f3,168,36,77.60714285714286,14.814504771193139
en-ru_RU,en-ru_RU::en-ru_#_annotator3,en-ru_#_annotator3,mean,2956,51,72.59675236806495,21.36741012723564
en-ru_RU,en-ru_RU::en-ru_#_annotator3,en-ru_#_annotator3,fixed_penalty,2956,51,72.59675236806495,22.45027063599459
en-ru_RU,en-ru_RU::en-ru_#_annotator3,en-ru_#_annotator3,ridge_f3,2956,51,72.59675236806495,9.476371712739601
en-ru_RU,en-ru_RU::en-ru_#_annotator3,en-ru_#_annotator3,catboost_f3,2956,51,72.59675236806495,9.366876486631172
en-ru_RU,en-ru_RU::en-ru_#_annotator4,en-ru_#_annotator4,mean,218,23,89.56880733944953,20.40445983207152
en-ru_RU,en-ru_RU::en-ru_#_annotator4,en-ru_#_annotator4,fixed_penalty,218,23,89.56880733944953,8.912844036697248
en-ru_RU,en-ru_RU::en-ru_#_annotator4,en-ru_#_annotator4,ridge_f3,218,23,89.56880733944953,8.535903410362298
en-ru_RU,en-ru_RU::en-ru_#_annotator4,en-ru_#_annotator4,catboost_f3,218,23,89.56880733944953,8.18213488555939
en-ru_RU,en-ru_RU::en-ru_#_annotator5,en-ru_#_annotator5,mean,852,44,86.55633802816901,17.2431983347545
en-ru_RU,en-ru_RU::en-ru_#_annotator5,en-ru_#_annotator5,fixed_penalty,852,44,86.55633802816901,10.241784037558686
en-ru_RU,en-ru_RU::en-ru_#_annotator5,en-ru_#_annotator5,ridge_f3,852,44,86.55633802816901,14.294412018613015
en-ru_RU,en-ru_RU::en-ru_#_annotator5,en-ru_#_annotator5,catboost_f3,852,44,86.55633802816901,14.878611405342573
en-ru_RU,en-ru_RU::en-ru_#_annotator6,en-ru_#_annotator6,mean,362,47,46.83977900552486,40.48005255834903
en-ru_RU,en-ru_RU::en-ru_#_annotator6,en-ru_#_annotator6,fixed_penalty,362,47,46.83977900552486,47.31767955801105
en-ru_RU,en-ru_RU::en-ru_#_annotator6,en-ru_#_annotator6,ridge_f3,362,47,46.83977900552486,32.066549279970985
en-ru_RU,en-ru_RU::en-ru_#_annotator6,en-ru_#_annotator6,catboost_f3,362,47,46.83977900552486,32.084328375317014
en-sr_Cyrl_RS,en-sr_Cyrl_RS::en-sr_#_annotator1,en-sr_#_annotator1,mean,3319,50,69.39469719795119,18.712214007477524
en-sr_Cyrl_RS,en-sr_Cyrl_RS::en-sr_#_annotator1,en-sr_#_annotator1,fixed_penalty,3319,50,69.39469719795119,20.203675805965652
en-sr_Cyrl_RS,en-sr_Cyrl_RS::en-sr_#_annotator1,en-sr_#_annotator1,ridge_f3,3319,50,69.39469719795119,12.547943571973097
en-sr_Cyrl_RS,en-sr_Cyrl_RS::en-sr_#_annotator1,en-sr_#_annotator1,catboost_f3,3319,50,69.39469719795119,12.432777810731404
en-sr_Cyrl_RS,en-sr_Cyrl_RS::en-sr_#_annotator2,en-sr_#_annotator2,mean,3108,50,92.3445945945946,29.39897213959693
en-sr_Cyrl_RS,en-sr_Cyrl_RS::en-sr_#_annotator2,en-sr_#_annotator2,fixed_penalty,3108,50,92.3445945945946,6.415057915057915
en-sr_Cyrl_RS,en-sr_Cyrl_RS::en-sr_#_annotator2,en-sr_#_annotator2,ridge_f3,3108,50,92.3445945945946,11.33300738526697
en-sr_Cyrl_RS,en-sr_Cyrl_RS::en-sr_#_annotator2,en-sr_#_annotator2,catboost_f3,3108,50,92.3445945945946,11.496989862926949
en-sr_Cyrl_RS,en-sr_Cyrl_RS::en-sr_#_annotator3,en-sr_#_annotator3,mean,154,13,60.02597402597402,23.559436939791695
en-sr_Cyrl_RS,en-sr_Cyrl_RS::en-sr_#_annotator3,en-sr_#_annotator3,fixed_penalty,154,13,60.02597402597402,24.285714285714285
en-sr_Cyrl_RS,en-sr_Cyrl_RS::en-sr_#_annotator3,en-sr_#_annotator3,ridge_f3,154,13,60.02597402597402,15.213286720474812
en-sr_Cyrl_RS,en-sr_Cyrl_RS::en-sr_#_annotator3,en-sr_#_annotator3,catboost_f3,154,13,60.02597402597402,13.865504745867554
en-sr_Cyrl_RS,en-sr_Cyrl_RS::en-sr_#_annotator4,en-sr_#_annotator4,mean,480,48,70.93333333333334,17.739476263540226
en-sr_Cyrl_RS,en-sr_Cyrl_RS::en-sr_#_annotator4,en-sr_#_annotator4,fixed_penalty,480,48,70.93333333333334,19.245833333333334
en-sr_Cyrl_RS,en-sr_Cyrl_RS::en-sr_#_annotator4,en-sr_#_annotator4,ridge_f3,480,48,70.93333333333334,12.169249145661125
en-sr_Cyrl_RS,en-sr_Cyrl_RS::en-sr_#_annotator4,en-sr_#_annotator4,catboost_f3,480,48,70.93333333333334,10.577055185967103
en-uk_UA,en-uk_UA::en-uk_#_annotator1,en-uk_#_annotator1,mean,3448,52,87.56177494199535,8.52834944765444
en-uk_UA,en-uk_UA::en-uk_#_annotator1,en-uk_#_annotator1,fixed_penalty,3448,52,87.56177494199535,10.855278422273782
en-uk_UA,en-uk_UA::en-uk_#_annotator1,en-uk_#_annotator1,ridge_f3,3448,52,87.56177494199535,5.086855843862799
en-uk_UA,en-uk_UA::en-uk_#_annotator1,en-uk_#_annotator1,catboost_f3,3448,52,87.56177494199535,5.178775414331856
en-uk_UA,en-uk_UA::en-uk_#_annotator2,en-uk_#_annotator2,mean,3336,52,86.62799760191847,6.847223657026999
en-uk_UA,en-uk_UA::en-uk_#_annotator2,en-uk_#_annotator2,fixed_penalty,3336,52,86.62799760191847,11.977817745803357
en-uk_UA,en-uk_UA::en-uk_#_annotator2,en-uk_#_annotator2,ridge_f3,3336,52,86.62799760191847,5.201157893521906
en-uk_UA,en-uk_UA::en-uk_#_annotator2,en-uk_#_annotator2,catboost_f3,3336,52,86.62799760191847,5.25417863004538
en-zh_CN,en-zh_CN::en-zh_#_annotator1,en-zh_#_annotator1,mean,344,35,92.88081395348837,11.825377103627766
en-zh_CN,en-zh_CN::en-zh_#_annotator1,en-zh_#_annotator1,fixed_penalty,344,35,92.88081395348837,6.875
en-zh_CN,en-zh_CN::en-zh_#_annotator1,en-zh_#_annotator1,ridge_f3,344,35,92.88081395348837,4.100746618741737
en-zh_CN,en-zh_CN::en-zh_#_annotator1,en-zh_#_annotator1,catboost_f3,344,35,92.88081395348837,4.510915973295241
en-zh_CN,en-zh_CN::en-zh_#_annotator10,en-zh_#_annotator10,mean,283,12,91.80212014134275,10.842050852477245
en-zh_CN,en-zh_CN::en-zh_#_annotator10,en-zh_#_annotator10,fixed_penalty,283,12,91.80212014134275,5.6007067137809186
en-zh_CN,en-zh_CN::en-zh_#_annotator10,en-zh_#_annotator10,ridge_f3,283,12,91.80212014134275,10.094695853166208
en-zh_CN,en-zh_CN::en-zh_#_annotator10,en-zh_#_annotator10,catboost_f3,283,12,91.80212014134275,10.383076234013796
en-zh_CN,en-zh_CN::en-zh_#_annotator11,en-zh_#_annotator11,mean,83,24,86.56626506024097,13.365950861757225
en-zh_CN,en-zh_CN::en-zh_#_annotator11,en-zh_#_annotator11,fixed_penalty,83,24,86.56626506024097,8.879518072289157
en-zh_CN,en-zh_CN::en-zh_#_annotator11,en-zh_#_annotator11,ridge_f3,83,24,86.56626506024097,12.658911633044433
en-zh_CN,en-zh_CN::en-zh_#_annotator11,en-zh_#_annotator11,catboost_f3,83,24,86.56626506024097,12.126522461938288
en-zh_CN,en-zh_CN::en-zh_#_annotator12,en-zh_#_annotator12,mean,197,38,97.12182741116752,13.933062263487276
en-zh_CN,en-zh_CN::en-zh_#_annotator12,en-zh_#_annotator12,fixed_penalty,197,38,97.12182741116752,2.3807106598984773
en-zh_CN,en-zh_CN::en-zh_#_annotator12,en-zh_#_annotator12,ridge_f3,197,38,97.12182741116752,8.242323624822207
en-zh_CN,en-zh_CN::en-zh_#_annotator12,en-zh_#_annotator12,catboost_f3,197,38,97.12182741116752,7.81798907779648
en-zh_CN,en-zh_CN::en-zh_#_annotator13,en-zh_#_annotator13,mean,214,12,80.95794392523365,9.979513823145131
en-zh_CN,en-zh_CN::en-zh_#_annotator13,en-zh_#_annotator13,fixed_penalty,214,12,80.95794392523365,11.97196261682243
en-zh_CN,en-zh_CN::en-zh_#_annotator13,en-zh_#_annotator13,ridge_f3,214,12,80.95794392523365,19.932000793944724
en-zh_CN,en-zh_CN::en-zh_#_annotator13,en-zh_#_annotator13,catboost_f3,214,12,80.95794392523365,11.222146810622151
en-zh_CN,en-zh_CN::en-zh_#_annotator14,en-zh_#_annotator14,mean,201,28,80.24378109452736,6.746036760610125
en-zh_CN,en-zh_CN::en-zh_#_annotator14,en-zh_#_annotator14,fixed_penalty,201,28,80.24378109452736,18.796019900497512
en-zh_CN,en-zh_CN::en-zh_#_annotator14,en-zh_#_annotator14,ridge_f3,201,28,80.24378109452736,10.032820897245522
en-zh_CN,en-zh_CN::en-zh_#_annotator14,en-zh_#_annotator14,catboost_f3,201,28,80.24378109452736,9.613871993475064
en-zh_CN,en-zh_CN::en-zh_#_annotator15,en-zh_#_annotator15,mean,223,30,82.56502242152466,11.75172832421208
en-zh_CN,en-zh_CN::en-zh_#_annotator15,en-zh_#_annotator15,fixed_penalty,223,30,82.56502242152466,13.443946188340806
en-zh_CN,en-zh_CN::en-zh_#_annotator15,en-zh_#_annotator15,ridge_f3,223,30,82.56502242152466,11.881119533437422
en-zh_CN,en-zh_CN::en-zh_#_annotator15,en-zh_#_annotator15,catboost_f3,223,30,82.56502242152466,11.807994774829659
en-zh_CN,en-zh_CN::en-zh_#_annotator16,en-zh_#_annotator16,mean,219,31,95.49771689497717,13.08861437013761
en-zh_CN,en-zh_CN::en-zh_#_annotator16,en-zh_#_annotator16,fixed_penalty,219,31,95.49771689497717,4.3881278538812785
en-zh_CN,en-zh_CN::en-zh_#_annotator16,en-zh_#_annotator16,ridge_f3,219,31,95.49771689497717,5.330316465241815
en-zh_CN,en-zh_CN::en-zh_#_annotator16,en-zh_#_annotator16,catboost_f3,219,31,95.49771689497717,5.740500956171179
en-zh_CN,en-zh_CN::en-zh_#_annotator17,en-zh_#_annotator17,mean,85,5,91.62352941176471,15.980311630626915
en-zh_CN,en-zh_CN::en-zh_#_annotator17,en-zh_#_annotator17,fixed_penalty,85,5,91.62352941176471,4.141176470588236
en-zh_CN,en-zh_CN::en-zh_#_annotator17,en-zh_#_annotator17,ridge_f3,85,5,91.62352941176471,7.7065333576987705
en-zh_CN,en-zh_CN::en-zh_#_annotator17,en-zh_#_annotator17,catboost_f3,85,5,91.62352941176471,8.178391033810628
en-zh_CN,en-zh_CN::en-zh_#_annotator18,en-zh_#_annotator18,mean,139,25,87.73381294964028,15.703120545466708
en-zh_CN,en-zh_CN::en-zh_#_annotator18,en-zh_#_annotator18,fixed_penalty,139,25,87.73381294964028,10.712230215827338
en-zh_CN,en-zh_CN::en-zh_#_annotator18,en-zh_#_annotator18,ridge_f3,139,25,87.73381294964028,9.689748916202458
en-zh_CN,en-zh_CN::en-zh_#_annotator18,en-zh_#_annotator18,catboost_f3,139,25,87.73381294964028,9.817511259019955
en-zh_CN,en-zh_CN::en-zh_#_annotator19,en-zh_#_annotator19,mean,109,27,89.94495412844037,13.070073648402
en-zh_CN,en-zh_CN::en-zh_#_annotator19,en-zh_#_annotator19,fixed_penalty,109,27,89.94495412844037,8.926605504587156
en-zh_CN,en-zh_CN::en-zh_#_annotator19,en-zh_#_annotator19,ridge_f3,109,27,89.94495412844037,8.560361449097464
en-zh_CN,en-zh_CN::en-zh_#_annotator19,en-zh_#_annotator19,catboost_f3,109,27,89.94495412844037,9.069722855249475
en-zh_CN,en-zh_CN::en-zh_#_annotator2,en-zh_#_annotator2,mean,167,11,89.49700598802396,11.130331885400569
en-zh_CN,en-zh_CN::en-zh_#_annotator2,en-zh_#_annotator2,fixed_penalty,167,11,89.49700598802396,10.377245508982035
en-zh_CN,en-zh_CN::en-zh_#_annotator2,en-zh_#_annotator2,ridge_f3,167,11,89.49700598802396,6.901622010889059
en-zh_CN,en-zh_CN::en-zh_#_annotator2,en-zh_#_annotator2,catboost_f3,167,11,89.49700598802396,6.542900748645482
en-zh_CN,en-zh_CN::en-zh_#_annotator20,en-zh_#_annotator20,mean,19,13,80.26315789473684,15.798142920068855
en-zh_CN,en-zh_CN::en-zh_#_annotator20,en-zh_#_annotator20,fixed_penalty,19,13,80.26315789473684,18.0
en-zh_CN,en-zh_CN::en-zh_#_annotator20,en-zh_#_annotator20,ridge_f3,19,13,80.26315789473684,11.623825887213032
en-zh_CN,en-zh_CN::en-zh_#_annotator20,en-zh_#_annotator20,catboost_f3,19,13,80.26315789473684,11.175819507579188
en-zh_CN,en-zh_CN::en-zh_#_annotator21,en-zh_#_annotator21,mean,43,3,81.32558139534883,18.52686375471681
en-zh_CN,en-zh_CN::en-zh_#_annotator21,en-zh_#_annotator21,fixed_penalty,43,3,81.32558139534883,15.30232558139535
en-zh_CN,en-zh_CN::en-zh_#_annotator21,en-zh_#_annotator21,ridge_f3,43,3,81.32558139534883,10.64449132659253
en-zh_CN,en-zh_CN::en-zh_#_annotator21,en-zh_#_annotator21,catboost_f3,43,3,81.32558139534883,10.68731812243392
en-zh_CN,en-zh_CN::en-zh_#_annotator22,en-zh_#_annotator22,mean,30,21,80.03333333333333,21.014658747638958
en-zh_CN,en-zh_CN::en-zh_#_annotator22,en-zh_#_annotator22,fixed_penalty,30,21,80.03333333333333,18.2
en-zh_CN,en-zh_CN::en-zh_#_annotator22,en-zh_#_annotator22,ridge_f3,30,21,80.03333333333333,15.526756470770382
en-zh_CN,en-zh_CN::en-zh_#_annotator22,en-zh_#_annotator22,catboost_f3,30,21,80.03333333333333,15.941469159548337
en-zh_CN,en-zh_CN::en-zh_#_annotator23,en-zh_#_annotator23,mean,298,42,72.1744966442953,21.349761048708746
en-zh_CN,en-zh_CN::en-zh_#_annotator23,en-zh_#_annotator23,fixed_penalty,298,42,72.1744966442953,24.614093959731544
en-zh_CN,en-zh_CN::en-zh_#_annotator23,en-zh_#_annotator23,ridge_f3,298,42,72.1744966442953,10.827171324127933
en-zh_CN,en-zh_CN::en-zh_#_annotator23,en-zh_#_annotator23,catboost_f3,298,42,72.1744966442953,10.604226110350632
en-zh_CN,en-zh_CN::en-zh_#_annotator24,en-zh_#_annotator24,mean,209,31,89.16746411483254,15.719351043883938
en-zh_CN,en-zh_CN::en-zh_#_annotator24,en-zh_#_annotator24,fixed_penalty,209,31,89.16746411483254,10.325358851674642
en-zh_CN,en-zh_CN::en-zh_#_annotator24,en-zh_#_annotator24,ridge_f3,209,31,89.16746411483254,7.709823326542473
en-zh_CN,en-zh_CN::en-zh_#_annotator24,en-zh_#_annotator24,catboost_f3,209,31,89.16746411483254,8.347028975590346
en-zh_CN,en-zh_CN::en-zh_#_annotator25,en-zh_#_annotator25,mean,75,27,91.38666666666667,15.691909849196536
en-zh_CN,en-zh_CN::en-zh_#_annotator25,en-zh_#_annotator25,fixed_penalty,75,27,91.38666666666667,7.986666666666666
en-zh_CN,en-zh_CN::en-zh_#_annotator25,en-zh_#_annotator25,ridge_f3,75,27,91.38666666666667,6.836786129864492
en-zh_CN,en-zh_CN::en-zh_#_annotator25,en-zh_#_annotator25,catboost_f3,75,27,91.38666666666667,7.528312418001328
en-zh_CN,en-zh_CN::en-zh_#_annotator26,en-zh_#_annotator26,mean,41,3,86.34146341463415,7.396335477272501
en-zh_CN,en-zh_CN::en-zh_#_annotator26,en-zh_#_annotator26,fixed_penalty,41,3,86.34146341463415,12.951219512195122
en-zh_CN,en-zh_CN::en-zh_#_annotator26,en-zh_#_annotator26,ridge_f3,41,3,86.34146341463415,6.331509389724221
en-zh_CN,en-zh_CN::en-zh_#_annotator26,en-zh_#_annotator26,catboost_f3,41,3,86.34146341463415,5.912845304797011
en-zh_CN,en-zh_CN::en-zh_#_annotator27,en-zh_#_annotator27,mean,27,20,68.62962962962963,24.87546089868239
en-zh_CN,en-zh_CN::en-zh_#_annotator27,en-zh_#_annotator27,fixed_penalty,27,20,68.62962962962963,26.703703703703702
en-zh_CN,en-zh_CN::en-zh_#_annotator27,en-zh_#_annotator27,ridge_f3,27,20,68.62962962962963,15.27266619494696
en-zh_CN,en-zh_CN::en-zh_#_annotator27,en-zh_#_annotator27,catboost_f3,27,20,68.62962962962963,15.783562338467116
en-zh_CN,en-zh_CN::en-zh_#_annotator28,en-zh_#_annotator28,mean,390,14,92.72307692307692,13.12096746886824
en-zh_CN,en-zh_CN::en-zh_#_annotator28,en-zh_#_annotator28,fixed_penalty,390,14,92.72307692307692,6.0025641025641026
en-zh_CN,en-zh_CN::en-zh_#_annotator28,en-zh_#_annotator28,ridge_f3,390,14,92.72307692307692,8.313646746390255
en-zh_CN,en-zh_CN::en-zh_#_annotator28,en-zh_#_annotator28,catboost_f3,390,14,92.72307692307692,8.490502970114445
en-zh_CN,en-zh_CN::en-zh_#_annotator29,en-zh_#_annotator29,mean,295,32,89.6,8.80788703467445
en-zh_CN,en-zh_CN::en-zh_#_annotator29,en-zh_#_annotator29,fixed_penalty,295,32,89.6,7.447457627118644
en-zh_CN,en-zh_CN::en-zh_#_annotator29,en-zh_#_annotator29,ridge_f3,295,32,89.6,16.380355344280286
en-zh_CN,en-zh_CN::en-zh_#_annotator29,en-zh_#_annotator29,catboost_f3,295,32,89.6,16.83219984699664
en-zh_CN,en-zh_CN::en-zh_#_annotator3,en-zh_#_annotator3,mean,112,8,73.45535714285714,16.383486177867333
en-zh_CN,en-zh_CN::en-zh_#_annotator3,en-zh_#_annotator3,fixed_penalty,112,8,73.45535714285714,22.535714285714285
en-zh_CN,en-zh_CN::en-zh_#_annotator3,en-zh_#_annotator3,ridge_f3,112,8,73.45535714285714,10.171196772485839
en-zh_CN,en-zh_CN::en-zh_#_annotator3,en-zh_#_annotator3,catboost_f3,112,8,73.45535714285714,10.384221814065498
en-zh_CN,en-zh_CN::en-zh_#_annotator30,en-zh_#_annotator30,mean,114,35,54.49122807017544,32.795680811785935
en-zh_CN,en-zh_CN::en-zh_#_annotator30,en-zh_#_annotator30,fixed_penalty,114,35,54.49122807017544,38.666666666666664
en-zh_CN,en-zh_CN::en-zh_#_annotator30,en-zh_#_annotator30,ridge_f3,114,35,54.49122807017544,17.093542030204887
en-zh_CN,en-zh_CN::en-zh_#_annotator30,en-zh_#_annotator30,catboost_f3,114,35,54.49122807017544,17.640758327773913
en-zh_CN,en-zh_CN::en-zh_#_annotator31,en-zh_#_annotator31,mean,379,42,85.54881266490766,12.838403451642392
en-zh_CN,en-zh_CN::en-zh_#_annotator31,en-zh_#_annotator31,fixed_penalty,379,42,85.54881266490766,13.804749340369392
en-zh_CN,en-zh_CN::en-zh_#_annotator31,en-zh_#_annotator31,ridge_f3,379,42,85.54881266490766,10.29320626886853
en-zh_CN,en-zh_CN::en-zh_#_annotator31,en-zh_#_annotator31,catboost_f3,379,42,85.54881266490766,10.22877394664826
en-zh_CN,en-zh_CN::en-zh_#_annotator32,en-zh_#_annotator32,mean,366,45,80.76775956284153,15.186273217280627
en-zh_CN,en-zh_CN::en-zh_#_annotator32,en-zh_#_annotator32,fixed_penalty,366,45,80.76775956284153,15.59016393442623
en-zh_CN,en-zh_CN::en-zh_#_annotator32,en-zh_#_annotator32,ridge_f3,366,45,80.76775956284153,9.348714649344512
en-zh_CN,en-zh_CN::en-zh_#_annotator32,en-zh_#_annotator32,catboost_f3,366,45,80.76775956284153,9.33624231921643
en-zh_CN,en-zh_CN::en-zh_#_annotator33,en-zh_#_annotator33,mean,184,36,81.02717391304348,19.62482287676588
en-zh_CN,en-zh_CN::en-zh_#_annotator33,en-zh_#_annotator33,fixed_penalty,184,36,81.02717391304348,18.244565217391305
en-zh_CN,en-zh_CN::en-zh_#_annotator33,en-zh_#_annotator33,ridge_f3,184,36,81.02717391304348,13.871681351923566
en-zh_CN,en-zh_CN::en-zh_#_annotator33,en-zh_#_annotator33,catboost_f3,184,36,81.02717391304348,14.643583505352586
en-zh_CN,en-zh_CN::en-zh_#_annotator34,en-zh_#_annotator34,mean,47,4,80.2127659574468,13.045890330302594
en-zh_CN,en-zh_CN::en-zh_#_annotator34,en-zh_#_annotator34,fixed_penalty,47,4,80.2127659574468,18.21276595744681
en-zh_CN,en-zh_CN::en-zh_#_annotator34,en-zh_#_annotator34,ridge_f3,47,4,80.2127659574468,7.558891329536187
en-zh_CN,en-zh_CN::en-zh_#_annotator34,en-zh_#_annotator34,catboost_f3,47,4,80.2127659574468,7.404777577781491
en-zh_CN,en-zh_CN::en-zh_#_annotator35,en-zh_#_annotator35,mean,152,31,87.21710526315789,14.744428404831458
en-zh_CN,en-zh_CN::en-zh_#_annotator35,en-zh_#_annotator35,fixed_penalty,152,31,87.21710526315789,11.447368421052632
en-zh_CN,en-zh_CN::en-zh_#_annotator35,en-zh_#_annotator35,ridge_f3,152,31,87.21710526315789,7.19896315545014
en-zh_CN,en-zh_CN::en-zh_#_annotator35,en-zh_#_annotator35,catboost_f3,152,31,87.21710526315789,7.967306084745922
en-zh_CN,en-zh_CN::en-zh_#_annotator36,en-zh_#_annotator36,mean,31,3,69.61290322580645,23.913290454431245
en-zh_CN,en-zh_CN::en-zh_#_annotator36,en-zh_#_annotator36,fixed_penalty,31,3,69.61290322580645,26.903225806451612
en-zh_CN,en-zh_CN::en-zh_#_annotator36,en-zh_#_annotator36,ridge_f3,31,3,69.61290322580645,10.47860495951911
en-zh_CN,en-zh_CN::en-zh_#_annotator36,en-zh_#_annotator36,catboost_f3,31,3,69.61290322580645,13.364428180480195
en-zh_CN,en-zh_CN::en-zh_#_annotator37,en-zh_#_annotator37,mean,191,7,83.49738219895288,12.39771120490609
en-zh_CN,en-zh_CN::en-zh_#_annotator37,en-zh_#_annotator37,fixed_penalty,191,7,83.49738219895288,14.235602094240837
en-zh_CN,en-zh_CN::en-zh_#_annotator37,en-zh_#_annotator37,ridge_f3,191,7,83.49738219895288,8.162492948530469
en-zh_CN,en-zh_CN::en-zh_#_annotator37,en-zh_#_annotator37,catboost_f3,191,7,83.49738219895288,8.122886542732079
en-zh_CN,en-zh_CN::en-zh_#_annotator38,en-zh_#_annotator38,mean,82,1,99.01219512195122,16.415812264648086
en-zh_CN,en-zh_CN::en-zh_#_annotator38,en-zh_#_annotator38,fixed_penalty,82,1,99.01219512195122,0.975609756097561
en-zh_CN,en-zh_CN::en-zh_#_annotator38,en-zh_#_annotator38,ridge_f3,82,1,99.01219512195122,6.101321503714348
en-zh_CN,en-zh_CN::en-zh_#_annotator38,en-zh_#_annotator38,catboost_f3,82,1,99.01219512195122,6.890945454875538
en-zh_CN,en-zh_CN::en-zh_#_annotator39,en-zh_#_annotator39,mean,68,23,75.05882352941177,16.74076628280802
en-zh_CN,en-zh_CN::en-zh_#_annotator39,en-zh_#_annotator39,fixed_penalty,68,23,75.05882352941177,20.470588235294116
en-zh_CN,en-zh_CN::en-zh_#_annotator39,en-zh_#_annotator39,ridge_f3,68,23,75.05882352941177,9.512042886919184
en-zh_CN,en-zh_CN::en-zh_#_annotator39,en-zh_#_annotator39,catboost_f3,68,23,75.05882352941177,9.474756982905948
en-zh_CN,en-zh_CN::en-zh_#_annotator4,en-zh_#_annotator4,mean,137,34,64.13138686131387,21.76776431348501
en-zh_CN,en-zh_CN::en-zh_#_annotator4,en-zh_#_annotator4,fixed_penalty,137,34,64.13138686131387,33.32846715328467
en-zh_CN,en-zh_CN::en-zh_#_annotator4,en-zh_#_annotator4,ridge_f3,137,34,64.13138686131387,17.06246146119588
en-zh_CN,en-zh_CN::en-zh_#_annotator4,en-zh_#_annotator4,catboost_f3,137,34,64.13138686131387,17.75165668028491
en-zh_CN,en-zh_CN::en-zh_#_annotator5,en-zh_#_annotator5,mean,75,7,83.78666666666666,11.934100580878594
en-zh_CN,en-zh_CN::en-zh_#_annotator5,en-zh_#_annotator5,fixed_penalty,75,7,83.78666666666666,15.173333333333334
en-zh_CN,en-zh_CN::en-zh_#_annotator5,en-zh_#_annotator5,ridge_f3,75,7,83.78666666666666,7.185494439563505
en-zh_CN,en-zh_CN::en-zh_#_annotator5,en-zh_#_annotator5,catboost_f3,75,7,83.78666666666666,7.0791874226002545
en-zh_CN,en-zh_CN::en-zh_#_annotator6,en-zh_#_annotator6,mean,357,44,76.62745098039215,13.701944338305207
en-zh_CN,en-zh_CN::en-zh_#_annotator6,en-zh_#_annotator6,fixed_penalty,357,44,76.62745098039215,20.633053221288517
en-zh_CN,en-zh_CN::en-zh_#_annotator6,en-zh_#_annotator6,ridge_f3,357,44,76.62745098039215,8.980352718116459
en-zh_CN,en-zh_CN::en-zh_#_annotator6,en-zh_#_annotator6,catboost_f3,357,44,76.62745098039215,8.874173080707017
en-zh_CN,en-zh_CN::en-zh_#_annotator7,en-zh_#_annotator7,mean,292,14,83.47260273972603,18.91538733849714
en-zh_CN,en-zh_CN::en-zh_#_annotator7,en-zh_#_annotator7,fixed_penalty,292,14,83.47260273972603,14.688356164383562
en-zh_CN,en-zh_CN::en-zh_#_annotator7,en-zh_#_annotator7,ridge_f3,292,14,83.47260273972603,9.402722308961566
en-zh_CN,en-zh_CN::en-zh_#_annotator7,en-zh_#_annotator7,catboost_f3,292,14,83.47260273972603,9.797123156871962
en-zh_CN,en-zh_CN::en-zh_#_annotator8,en-zh_#_annotator8,mean,357,37,82.9719887955182,10.591037808224415
en-zh_CN,en-zh_CN::en-zh_#_annotator8,en-zh_#_annotator8,fixed_penalty,357,37,82.9719887955182,14.316526610644258
en-zh_CN,en-zh_CN::en-zh_#_annotator8,en-zh_#_annotator8,ridge_f3,357,37,82.9719887955182,7.163392151373387
en-zh_CN,en-zh_CN::en-zh_#_annotator8,en-zh_#_annotator8,catboost_f3,357,37,82.9719887955182,7.6110168131665175
en-zh_CN,en-zh_CN::en-zh_#_annotator9,en-zh_#_annotator9,mean,106,7,88.78301886792453,8.34870109721753
en-zh_CN,en-zh_CN::en-zh_#_annotator9,en-zh_#_annotator9,fixed_penalty,106,7,88.78301886792453,8.61320754716981
en-zh_CN,en-zh_CN::en-zh_#_annotator9,en-zh_#_annotator9,ridge_f3,106,7,88.78301886792453,8.140729762000328
en-zh_CN,en-zh_CN::en-zh_#_annotator9,en-zh_#_annotator9,catboost_f3,106,7,88.78301886792453,9.540314092494297
