target,model,n_translations,n_documents,mae,rmse,median_absolute_error,pearson,spearman,mean_bias_pred_minus_human,within_10_pct,mae_ci_low,mae_ci_high,matched_catboost_baseline,delta_mae_vs_matched_catboost,delta_ci_low,delta_ci_high
independent_target_b,mean,100,29,25.417737487571216,30.972217492946836,21.151061513336955,-0.10172657429990335,-0.1410073342417362,1.1984232460537123,14.000000000000002,22.367583768205723,28.555247700654338,pred_cross_catboost_F3,5.326711770863202,3.024836080306443,8.537923491823543
independent_target_b,ridge_cross_F3,100,29,20.350103844900328,26.198445217059817,16.00819127815494,0.5400797078744685,0.34862038524013755,0.8215689794485296,28.000000000000004,16.514510781060306,24.39231247693765,pred_cross_catboost_F3,0.25907812819231424,-0.5461199399229233,1.0892170561805634
independent_target_b,catboost_cross_F3,100,29,20.091025716708014,26.269096349508228,15.240468939744446,0.533701346219123,0.3752501068127441,1.4104738371661134,28.999999999999996,16.311064090168337,23.722890496848223,pred_cross_catboost_F3,0.0,0.0,0.0
independent_target_b,catboost_same_F3,100,29,21.98822885922661,30.43177399883557,14.869498256725365,0.45176775621863696,0.32847218671350087,1.6557489375295966,40.0,17.842907802365065,25.2829423113092,pred_cross_catboost_F3,1.8972031425185953,-0.10648433461519086,3.699637791490635
input_annotator_a,mean,100,29,24.298846034379473,29.66797156383808,24.179869777536624,-0.04446195683471019,-0.04839315202239423,1.2784232460537124,20.0,20.39226690077384,29.104756833608736,pred_same_catboost_F3,14.323494924602501,10.29423152216211,19.727040199978035
input_annotator_a,ridge_cross_F3,100,29,14.801380116626026,16.777483149260476,14.267794650657237,0.842408408056508,0.7771181053692657,0.9015689794485299,25.0,12.59872369257547,17.241746489564044,pred_same_catboost_F3,4.826029006849055,3.309633516533888,6.490932905241522
input_annotator_a,catboost_cross_F3,100,29,16.084815951573557,18.225282809028442,15.27482385219011,0.8077662742078822,0.759440316344162,1.4904738371661128,18.0,14.175068153044148,18.297663519970175,pred_same_catboost_F3,6.109464841796585,4.565424596177292,7.817825904268999
input_annotator_a,catboost_same_F3,100,29,9.975351109776971,14.024033341384087,6.548202545018796,0.8829245017773064,0.8423353095867359,1.7357489375295971,62.0,8.137362469027108,11.430972557452321,pred_same_catboost_F3,0.0,0.0,0.0
independent_target_b,human_input_annotator_a,100,29,22.5,30.55094106570205,17.0,0.49062490442747114,0.34314553923992525,-0.08,41.0,19.362381275440978,25.71975305216426,pred_cross_catboost_F3,2.408974283291986,-0.7289215405517301,5.910987808688599
