target,model,delta_mae_vs_matched_catboost,delta_ci_low,delta_ci_high,n_translations,n_documents
independent_target_b,mean,5.326711770863202,3.024836080306443,8.537923491823543,100,29
independent_target_b,ridge_cross_F3,0.2590781281923142,-0.5461199399229233,1.0892170561805634,100,29
independent_target_b,catboost_cross_F3,0.0,0.0,0.0,100,29
independent_target_b,catboost_same_F3,1.8972031425185956,-0.1064843346151908,3.699637791490635,100,29
input_annotator_a,mean,14.3234949246025,10.29423152216211,19.727040199978035,100,29
input_annotator_a,ridge_cross_F3,4.826029006849055,3.309633516533888,6.490932905241522,100,29
input_annotator_a,catboost_cross_F3,6.109464841796585,4.565424596177292,7.817825904268999,100,29
input_annotator_a,catboost_same_F3,0.0,0.0,0.0,100,29
independent_target_b,human_input_annotator_a,2.408974283291986,-0.7289215405517301,5.910987808688599,100,29
