experiment_scope,fold,regime,feature_set,feature,importance
en_bho_cv,fold_1,same,F1,n_minor,23.996695728414995
en_bho_cv,fold_1,same,F1,n_major,76.00330427158501
en_bho_cv,fold_1,cross,F1,n_minor,27.898353410129943
en_bho_cv,fold_1,cross,F1,n_major,72.10164658987007
en_bho_cv,fold_1,same,F2,n_minor,4.374433209559452
en_bho_cv,fold_1,same,F2,n_major,15.130975984254057
en_bho_cv,fold_1,same,F2,minor_coverage,6.0325714536067085
en_bho_cv,fold_1,same,F2,major_coverage,26.584156794582267
en_bho_cv,fold_1,same,F2,total_error_coverage,47.877862557997496
en_bho_cv,fold_1,cross,F2,n_minor,0.9864319676634102
en_bho_cv,fold_1,cross,F2,n_major,6.68377395710606
en_bho_cv,fold_1,cross,F2,minor_coverage,1.7315652791940048
en_bho_cv,fold_1,cross,F2,major_coverage,60.03319102456793
en_bho_cv,fold_1,cross,F2,total_error_coverage,30.56503777146859
en_bho_cv,fold_1,same,F3,n_minor,0.7698464528915427
en_bho_cv,fold_1,same,F3,n_major,4.66985995028765
en_bho_cv,fold_1,same,F3,n_total,4.524273258942995
en_bho_cv,fold_1,same,F3,target_char_length,0.3190322200882005
en_bho_cv,fold_1,same,F3,source_char_length,0.21734896151775634
en_bho_cv,fold_1,same,F3,target_word_length,0.26937976431487065
en_bho_cv,fold_1,same,F3,source_word_length,0.1679849571806169
en_bho_cv,fold_1,same,F3,minor_coverage,3.1415281015837593
en_bho_cv,fold_1,same,F3,major_coverage,21.38581811689507
en_bho_cv,fold_1,same,F3,total_error_coverage,38.219341869272554
en_bho_cv,fold_1,same,F3,max_error_span_length,8.651907076926747
en_bho_cv,fold_1,same,F3,mean_error_span_length,3.638847631085153
en_bho_cv,fold_1,same,F3,error_density,10.435865332833503
en_bho_cv,fold_1,same,F3,major_fraction,1.674998781555898
en_bho_cv,fold_1,same,F3,has_major_error,1.207379367852351
en_bho_cv,fold_1,same,F3,has_zero_errors,0.7065881567713242
en_bho_cv,fold_1,cross,F3,n_minor,0.16331101301820394
en_bho_cv,fold_1,cross,F3,n_major,2.424435073515913
en_bho_cv,fold_1,cross,F3,n_total,1.5255045446984048
en_bho_cv,fold_1,cross,F3,target_char_length,0.5130876170648225
en_bho_cv,fold_1,cross,F3,source_char_length,0.35958070062700276
en_bho_cv,fold_1,cross,F3,target_word_length,0.5745871542372238
en_bho_cv,fold_1,cross,F3,source_word_length,0.44699987550423764
en_bho_cv,fold_1,cross,F3,minor_coverage,0.5213595894438111
en_bho_cv,fold_1,cross,F3,major_coverage,50.2801982077814
en_bho_cv,fold_1,cross,F3,total_error_coverage,14.344731234711373
en_bho_cv,fold_1,cross,F3,max_error_span_length,17.150208868498478
en_bho_cv,fold_1,cross,F3,mean_error_span_length,6.513009648547015
en_bho_cv,fold_1,cross,F3,error_density,3.1953142433852473
en_bho_cv,fold_1,cross,F3,major_fraction,0.9323971783509629
en_bho_cv,fold_1,cross,F3,has_major_error,0.8474796686255577
en_bho_cv,fold_1,cross,F3,has_zero_errors,0.20779538199035003
en_bho_cv,fold_2,same,F1,n_minor,31.35111694378021
en_bho_cv,fold_2,same,F1,n_major,68.64888305621979
en_bho_cv,fold_2,cross,F1,n_minor,31.24598388065015
en_bho_cv,fold_2,cross,F1,n_major,68.75401611934984
en_bho_cv,fold_2,same,F2,n_minor,6.392154169866239
en_bho_cv,fold_2,same,F2,n_major,11.364932355488179
en_bho_cv,fold_2,same,F2,minor_coverage,8.192901479861836
en_bho_cv,fold_2,same,F2,major_coverage,8.680084399837325
en_bho_cv,fold_2,same,F2,total_error_coverage,65.36992759494643
en_bho_cv,fold_2,cross,F2,n_minor,1.6247563313310474
en_bho_cv,fold_2,cross,F2,n_major,5.950310365808508
en_bho_cv,fold_2,cross,F2,minor_coverage,5.924818580357724
en_bho_cv,fold_2,cross,F2,major_coverage,42.73129594003758
en_bho_cv,fold_2,cross,F2,total_error_coverage,43.76881878246513
en_bho_cv,fold_2,same,F3,n_minor,0.6607272142867756
en_bho_cv,fold_2,same,F3,n_major,1.5481012855752645
en_bho_cv,fold_2,same,F3,n_total,6.134469208206015
en_bho_cv,fold_2,same,F3,target_char_length,0.06574828994099081
en_bho_cv,fold_2,same,F3,source_char_length,0.12006384201467026
en_bho_cv,fold_2,same,F3,target_word_length,0.02565032594998884
en_bho_cv,fold_2,same,F3,source_word_length,0.24379038529848046
en_bho_cv,fold_2,same,F3,minor_coverage,4.02924738469049
en_bho_cv,fold_2,same,F3,major_coverage,1.834550596941894
en_bho_cv,fold_2,same,F3,total_error_coverage,62.65965355392657
en_bho_cv,fold_2,same,F3,max_error_span_length,8.545010698286482
en_bho_cv,fold_2,same,F3,mean_error_span_length,2.94269716447925
en_bho_cv,fold_2,same,F3,error_density,6.6866884357509
en_bho_cv,fold_2,same,F3,major_fraction,2.7238921687226476
en_bho_cv,fold_2,same,F3,has_major_error,1.4267086614666264
en_bho_cv,fold_2,same,F3,has_zero_errors,0.3530007844629495
en_bho_cv,fold_2,cross,F3,n_minor,0.6096347870676868
en_bho_cv,fold_2,cross,F3,n_major,1.255437169445883
en_bho_cv,fold_2,cross,F3,n_total,1.867958348322781
en_bho_cv,fold_2,cross,F3,target_char_length,0.36867981462658644
en_bho_cv,fold_2,cross,F3,source_char_length,0.24870428819835064
en_bho_cv,fold_2,cross,F3,target_word_length,0.26221125303371245
en_bho_cv,fold_2,cross,F3,source_word_length,0.26185369310382367
en_bho_cv,fold_2,cross,F3,minor_coverage,2.1031244078359896
en_bho_cv,fold_2,cross,F3,major_coverage,32.585416992321356
en_bho_cv,fold_2,cross,F3,total_error_coverage,23.251761997073025
en_bho_cv,fold_2,cross,F3,max_error_span_length,10.481205483206043
en_bho_cv,fold_2,cross,F3,mean_error_span_length,19.708570505344596
en_bho_cv,fold_2,cross,F3,error_density,4.0613436485330965
en_bho_cv,fold_2,cross,F3,major_fraction,1.4299356954232993
en_bho_cv,fold_2,cross,F3,has_major_error,1.3398019141850064
en_bho_cv,fold_2,cross,F3,has_zero_errors,0.16436000227875314
en_bho_cv,fold_3,same,F1,n_minor,32.71148481134843
en_bho_cv,fold_3,same,F1,n_major,67.28851518865157
en_bho_cv,fold_3,cross,F1,n_minor,30.049058176077235
en_bho_cv,fold_3,cross,F1,n_major,69.95094182392276
en_bho_cv,fold_3,same,F2,n_minor,6.204240359053469
en_bho_cv,fold_3,same,F2,n_major,13.289713102351495
en_bho_cv,fold_3,same,F2,minor_coverage,9.705860998366585
en_bho_cv,fold_3,same,F2,major_coverage,8.076777730266905
en_bho_cv,fold_3,same,F2,total_error_coverage,62.72340780996154
en_bho_cv,fold_3,cross,F2,n_minor,1.6182973855452998
en_bho_cv,fold_3,cross,F2,n_major,11.337430181090992
en_bho_cv,fold_3,cross,F2,minor_coverage,7.801685982900821
en_bho_cv,fold_3,cross,F2,major_coverage,40.56648903361189
en_bho_cv,fold_3,cross,F2,total_error_coverage,38.67609741685101
en_bho_cv,fold_3,same,F3,n_minor,0.6941804146072423
en_bho_cv,fold_3,same,F3,n_major,1.4814186818635329
en_bho_cv,fold_3,same,F3,n_total,7.18709741346997
en_bho_cv,fold_3,same,F3,target_char_length,0.11385174324168092
en_bho_cv,fold_3,same,F3,source_char_length,0.13147455633313698
en_bho_cv,fold_3,same,F3,target_word_length,0.0730374585111307
en_bho_cv,fold_3,same,F3,source_word_length,0.09863315189887491
en_bho_cv,fold_3,same,F3,minor_coverage,4.274253057473157
en_bho_cv,fold_3,same,F3,major_coverage,1.6209888485025232
en_bho_cv,fold_3,same,F3,total_error_coverage,55.154526329448906
en_bho_cv,fold_3,same,F3,max_error_span_length,14.43644475837857
en_bho_cv,fold_3,same,F3,mean_error_span_length,2.3942978894170204
en_bho_cv,fold_3,same,F3,error_density,7.475983171435484
en_bho_cv,fold_3,same,F3,major_fraction,2.3632826338042077
en_bho_cv,fold_3,same,F3,has_major_error,2.0859667367500836
en_bho_cv,fold_3,same,F3,has_zero_errors,0.4145631548644854
en_bho_cv,fold_3,cross,F3,n_minor,0.5847256336082394
en_bho_cv,fold_3,cross,F3,n_major,3.4891109411232337
en_bho_cv,fold_3,cross,F3,n_total,1.8764077829712889
en_bho_cv,fold_3,cross,F3,target_char_length,1.1170248213002378
en_bho_cv,fold_3,cross,F3,source_char_length,1.1538886865363998
en_bho_cv,fold_3,cross,F3,target_word_length,0.9881266328056632
en_bho_cv,fold_3,cross,F3,source_word_length,1.0325969714492387
en_bho_cv,fold_3,cross,F3,minor_coverage,2.9392140207591035
en_bho_cv,fold_3,cross,F3,major_coverage,24.117111953448816
en_bho_cv,fold_3,cross,F3,total_error_coverage,11.516317924381681
en_bho_cv,fold_3,cross,F3,max_error_span_length,16.660752603428556
en_bho_cv,fold_3,cross,F3,mean_error_span_length,23.505822913939397
en_bho_cv,fold_3,cross,F3,error_density,4.486253141980448
en_bho_cv,fold_3,cross,F3,major_fraction,2.962613359626046
en_bho_cv,fold_3,cross,F3,has_major_error,3.3270287456241534
en_bho_cv,fold_3,cross,F3,has_zero_errors,0.24300386701748608
en_bho_cv,fold_4,same,F1,n_minor,30.399701175606374
en_bho_cv,fold_4,same,F1,n_major,69.60029882439362
en_bho_cv,fold_4,cross,F1,n_minor,29.82258999191497
en_bho_cv,fold_4,cross,F1,n_major,70.17741000808503
en_bho_cv,fold_4,same,F2,n_minor,3.543347459622492
en_bho_cv,fold_4,same,F2,n_major,12.006273715534872
en_bho_cv,fold_4,same,F2,minor_coverage,7.524490129331189
en_bho_cv,fold_4,same,F2,major_coverage,8.735685767602765
en_bho_cv,fold_4,same,F2,total_error_coverage,68.19020292790869
en_bho_cv,fold_4,cross,F2,n_minor,0.9959969214136358
en_bho_cv,fold_4,cross,F2,n_major,6.323594071918347
en_bho_cv,fold_4,cross,F2,minor_coverage,6.13964888691379
en_bho_cv,fold_4,cross,F2,major_coverage,46.68405802641114
en_bho_cv,fold_4,cross,F2,total_error_coverage,39.85670209334309
en_bho_cv,fold_4,same,F3,n_minor,0.7467397264375707
en_bho_cv,fold_4,same,F3,n_major,2.4673305344505496
en_bho_cv,fold_4,same,F3,n_total,4.828377638666583
en_bho_cv,fold_4,same,F3,target_char_length,0.1949587371960343
en_bho_cv,fold_4,same,F3,source_char_length,0.26170668004977415
en_bho_cv,fold_4,same,F3,target_word_length,0.25351518176497806
en_bho_cv,fold_4,same,F3,source_word_length,0.3697161248098576
en_bho_cv,fold_4,same,F3,minor_coverage,5.978121576079688
en_bho_cv,fold_4,same,F3,major_coverage,3.832878074747585
en_bho_cv,fold_4,same,F3,total_error_coverage,44.950709292638855
en_bho_cv,fold_4,same,F3,max_error_span_length,16.616457644120583
en_bho_cv,fold_4,same,F3,mean_error_span_length,3.8139533829856567
en_bho_cv,fold_4,same,F3,error_density,11.195600382432458
en_bho_cv,fold_4,same,F3,major_fraction,2.451456908333137
en_bho_cv,fold_4,same,F3,has_major_error,1.6893816410882865
en_bho_cv,fold_4,same,F3,has_zero_errors,0.3490964741984026
en_bho_cv,fold_4,cross,F3,n_minor,0.38046894513055374
en_bho_cv,fold_4,cross,F3,n_major,3.07317156102781
en_bho_cv,fold_4,cross,F3,n_total,1.9460745205711742
en_bho_cv,fold_4,cross,F3,target_char_length,0.6616862198550254
en_bho_cv,fold_4,cross,F3,source_char_length,0.6157415214315006
en_bho_cv,fold_4,cross,F3,target_word_length,0.3964109839340534
en_bho_cv,fold_4,cross,F3,source_word_length,0.6657224869370058
en_bho_cv,fold_4,cross,F3,minor_coverage,2.7427894422270693
en_bho_cv,fold_4,cross,F3,major_coverage,30.57450123758224
en_bho_cv,fold_4,cross,F3,total_error_coverage,16.941216125073918
en_bho_cv,fold_4,cross,F3,max_error_span_length,13.443360041806534
en_bho_cv,fold_4,cross,F3,mean_error_span_length,21.330476548535195
en_bho_cv,fold_4,cross,F3,error_density,3.5700549165742315
en_bho_cv,fold_4,cross,F3,major_fraction,1.1424959236837648
en_bho_cv,fold_4,cross,F3,has_major_error,2.26955954618027
en_bho_cv,fold_4,cross,F3,has_zero_errors,0.24626997944966156
en_bho_cv,fold_5,same,F1,n_minor,32.92921499708196
en_bho_cv,fold_5,same,F1,n_major,67.07078500291804
en_bho_cv,fold_5,cross,F1,n_minor,30.93525934795555
en_bho_cv,fold_5,cross,F1,n_major,69.06474065204445
en_bho_cv,fold_5,same,F2,n_minor,5.767564444924309
en_bho_cv,fold_5,same,F2,n_major,10.539356136677506
en_bho_cv,fold_5,same,F2,minor_coverage,7.693053165252281
en_bho_cv,fold_5,same,F2,major_coverage,8.674293567403623
en_bho_cv,fold_5,same,F2,total_error_coverage,67.32573268574228
en_bho_cv,fold_5,cross,F2,n_minor,0.9105963209897083
en_bho_cv,fold_5,cross,F2,n_major,9.779475765891357
en_bho_cv,fold_5,cross,F2,minor_coverage,5.894519050562072
en_bho_cv,fold_5,cross,F2,major_coverage,42.92882022763697
en_bho_cv,fold_5,cross,F2,total_error_coverage,40.48658863491988
en_bho_cv,fold_5,same,F3,n_minor,0.2404482435296075
en_bho_cv,fold_5,same,F3,n_major,1.514725946921023
en_bho_cv,fold_5,same,F3,n_total,5.5453610384362015
en_bho_cv,fold_5,same,F3,target_char_length,0.29524922872717335
en_bho_cv,fold_5,same,F3,source_char_length,0.42393482446785863
en_bho_cv,fold_5,same,F3,target_word_length,0.27138853739263885
en_bho_cv,fold_5,same,F3,source_word_length,0.44334810853132695
en_bho_cv,fold_5,same,F3,minor_coverage,4.455345710645139
en_bho_cv,fold_5,same,F3,major_coverage,2.378757985968126
en_bho_cv,fold_5,same,F3,total_error_coverage,56.28912065376004
en_bho_cv,fold_5,same,F3,max_error_span_length,10.756786520308008
en_bho_cv,fold_5,same,F3,mean_error_span_length,3.445009776771769
en_bho_cv,fold_5,same,F3,error_density,10.040751469865912
en_bho_cv,fold_5,same,F3,major_fraction,1.0598974111099797
en_bho_cv,fold_5,same,F3,has_major_error,2.427281176934646
en_bho_cv,fold_5,same,F3,has_zero_errors,0.41259336663057405
en_bho_cv,fold_5,cross,F3,n_minor,0.21499273399772667
en_bho_cv,fold_5,cross,F3,n_major,4.627504092229179
en_bho_cv,fold_5,cross,F3,n_total,1.8994804071548743
en_bho_cv,fold_5,cross,F3,target_char_length,0.4378140530422485
en_bho_cv,fold_5,cross,F3,source_char_length,0.35818698561775864
en_bho_cv,fold_5,cross,F3,target_word_length,0.4368358339018647
en_bho_cv,fold_5,cross,F3,source_word_length,0.7234952171034353
en_bho_cv,fold_5,cross,F3,minor_coverage,1.5523208189845177
en_bho_cv,fold_5,cross,F3,major_coverage,28.56342858503964
en_bho_cv,fold_5,cross,F3,total_error_coverage,14.843182841829941
en_bho_cv,fold_5,cross,F3,max_error_span_length,14.529025809088683
en_bho_cv,fold_5,cross,F3,mean_error_span_length,22.448508993364783
en_bho_cv,fold_5,cross,F3,error_density,6.1983861562920675
en_bho_cv,fold_5,cross,F3,major_fraction,1.3033942586091323
en_bho_cv,fold_5,cross,F3,has_major_error,1.4741697866725634
en_bho_cv,fold_5,cross,F3,has_zero_errors,0.3892734270716137
pooled_holdout,holdout,same,F1,n_minor,23.02629597397737
pooled_holdout,holdout,same,F1,n_major,76.97370402602262
pooled_holdout,holdout,cross,F1,n_minor,31.141850498544937
pooled_holdout,holdout,cross,F1,n_major,68.85814950145507
pooled_holdout,holdout,same,F2,n_minor,5.523747659935565
pooled_holdout,holdout,same,F2,n_major,10.823736017594095
pooled_holdout,holdout,same,F2,minor_coverage,12.797231236358611
pooled_holdout,holdout,same,F2,major_coverage,20.743998473340437
pooled_holdout,holdout,same,F2,total_error_coverage,50.1112866127713
pooled_holdout,holdout,cross,F2,n_minor,10.225965450289257
pooled_holdout,holdout,cross,F2,n_major,7.0939774386951635
pooled_holdout,holdout,cross,F2,minor_coverage,6.205485513619336
pooled_holdout,holdout,cross,F2,major_coverage,9.491399025146011
pooled_holdout,holdout,cross,F2,total_error_coverage,66.98317257225024
pooled_holdout,holdout,same,F3,n_minor,3.4346559622654067
pooled_holdout,holdout,same,F3,n_major,2.6298360506132847
pooled_holdout,holdout,same,F3,n_total,2.679354182407274
pooled_holdout,holdout,same,F3,target_char_length,0.7816295685799503
pooled_holdout,holdout,same,F3,source_char_length,1.401489436824704
pooled_holdout,holdout,same,F3,target_word_length,2.05143195950323
pooled_holdout,holdout,same,F3,source_word_length,1.5687402840843512
pooled_holdout,holdout,same,F3,minor_coverage,6.392612542974654
pooled_holdout,holdout,same,F3,major_coverage,12.080809652947496
pooled_holdout,holdout,same,F3,total_error_coverage,44.082410065439774
pooled_holdout,holdout,same,F3,max_error_span_length,4.466742521251038
pooled_holdout,holdout,same,F3,mean_error_span_length,1.8268074412604516
pooled_holdout,holdout,same,F3,error_density,5.084466207879908
pooled_holdout,holdout,same,F3,major_fraction,6.837533749752949
pooled_holdout,holdout,same,F3,has_major_error,4.408859759994649
pooled_holdout,holdout,same,F3,has_zero_errors,0.27262061422087946
pooled_holdout,holdout,cross,F3,n_minor,3.156239571133248
pooled_holdout,holdout,cross,F3,n_major,1.379512601133775
pooled_holdout,holdout,cross,F3,n_total,3.819737995575203
pooled_holdout,holdout,cross,F3,target_char_length,2.4611053265645553
pooled_holdout,holdout,cross,F3,source_char_length,4.4691356338682855
pooled_holdout,holdout,cross,F3,target_word_length,3.484838084006195
pooled_holdout,holdout,cross,F3,source_word_length,4.244835757138021
pooled_holdout,holdout,cross,F3,minor_coverage,1.7623561415310602
pooled_holdout,holdout,cross,F3,major_coverage,4.603751348269223
pooled_holdout,holdout,cross,F3,total_error_coverage,52.617696699864354
pooled_holdout,holdout,cross,F3,max_error_span_length,11.04584462839907
pooled_holdout,holdout,cross,F3,mean_error_span_length,2.6421796190376057
pooled_holdout,holdout,cross,F3,error_density,2.47828381641062
pooled_holdout,holdout,cross,F3,major_fraction,0.810311565161962
pooled_holdout,holdout,cross,F3,has_major_error,0.9285170481169023
pooled_holdout,holdout,cross,F3,has_zero_errors,0.09565416378994022
