experiment_scope,model,feature_set,same_target_mae,frozen_cross_target_mae,frozen_generalization_gap,gap_ci_low,gap_ci_high,cross_trained_target_mae,n_translations,n_documents
en_bho_cv,ridge,F1,23.467628760936336,24.205117520880417,0.7374887599440818,0.070242060720842,1.5963577023044278,24.47058554917222,2300,50
en_bho_cv,ridge,F2,12.732664919521447,18.420964347649083,5.688299428127635,4.926864717541067,6.396725903531334,18.975508062160205,2300,50
en_bho_cv,ridge,F3,12.266545116390477,18.65002701005687,6.383481893666394,5.65687798578739,7.030972447681173,18.862157830223264,2300,50
en_bho_cv,catboost,F1,19.20063150302078,22.840910852879784,3.6402793498590036,2.6669869394200463,4.768887418482981,22.66137501920484,2300,50
en_bho_cv,catboost,F2,11.125709151250508,19.369406610015556,8.243697458765048,7.261910414552648,8.98328937754052,18.796594477334857,2300,50
en_bho_cv,catboost,F3,10.707131751388319,19.372315762109128,8.66518401072081,7.83391574536141,9.465911930561898,18.723120026107768,2300,50
pooled_holdout,ridge,F1,20.899592280840338,22.901857722881914,2.002265442041576,1.6229847934541564,2.393358734070974,23.084310211122478,4294,149
pooled_holdout,ridge,F2,13.32384701356365,18.099389985583763,4.775542972020112,4.081670642244323,5.501281682674665,18.572886629206582,4294,149
pooled_holdout,ridge,F3,12.216655400352028,18.6428350393333,6.426179638981271,5.692338393762413,7.159772863906632,18.476311818127964,4294,149
pooled_holdout,catboost,F1,16.653783292372093,21.79649682974805,5.142713537375958,4.465278751458598,5.760470594123794,21.53604589652457,4294,149
pooled_holdout,catboost,F2,11.68737486984233,18.326286897459884,6.638912027617554,5.960693612310571,7.354823615332207,18.083092031357204,4294,149
pooled_holdout,catboost,F3,11.707570342401546,18.45659875525058,6.749028412849036,5.993368843119515,7.366942917424993,18.122717910430122,4294,149
