language_pair,translations,independent_annotator_pairs,directed_rows,weighted_mean_abs_difference,weighted_median_abs_difference,weighted_p90_abs_difference
cs-de_DE,3181,3181,6362,17.396730587865452,12.0,40.0
cs-uk_UA,2798,2798,5596,13.175482487491065,10.0,32.0
en-ar_EG,1478,1478,2956,8.765899864682003,1.0,25.0
en-bho_IN,2300,2300,4600,22.70391304347826,18.0,51.0
en-cs_CZ,2864,2864,5728,17.642807262569832,14.0,39.0
en-et_EE,2867,2867,5734,21.179979072200908,17.0,45.0
en-is_IS,2451,2451,4902,19.229294165646674,16.0,40.0
en-it_IT,2893,2893,5786,26.214656066367095,23.0,57.0
en-ja_JP,3018,3018,6036,19.652750165672632,15.0,40.0
en-mas_KE,709,709,1418,3.365303244005642,0.0,7.0
en-ru_RU,1942,1942,3884,22.578784757981463,18.0,51.0
en-sr_Cyrl_RS,2068,2068,4136,22.86460348162476,15.0,56.0
en-uk_UA,1541,1541,3082,8.689811810512655,6.0,19.0
en-zh_CN,2939,2939,5878,16.46716570261994,10.0,40.0
ALL_ESA,33049,33049,66098,18.343036097915217,13.0,43.0
