experiment_scope,language_pair,regime,model,feature_set,n_directed_pairs,n_translations,n_unique_documents,n_annotators,mae,rmse,median_absolute_error,pearson,spearman,mean_bias_pred_minus_human,within_10_pct,mae_ci_low,mae_ci_high
en_bho_cv,en-bho_IN,same_target,mean,none,4600,2300,50,4,24.908450346335545,30.189459522162924,23.43740053050398,-0.0700804682690154,-0.038415824429277,0.0284841562305475,16.52173913043478,23.999796295111583,26.22412364711536
en_bho_cv,en-bho_IN,cross_trained,mean,none,4600,2300,50,4,24.90845034633554,30.189459522162924,23.43740053050398,-0.0700804682690154,-0.038415824429277,0.028484156230547,16.52173913043478,23.999689509446743,26.25263720314807
en_bho_cv,en-bho_IN,same_target,fixed_penalty,none,4600,2300,50,4,22.25108695652174,35.38403287654893,10.0,0.2751820446704892,0.5623333118233627,19.43195652173913,51.30434782608696,20.094663068268076,24.039636612656142
en_bho_cv,en-bho_IN,frozen_cross,fixed_penalty,none,4600,2300,50,4,24.94891304347826,36.75059005737482,14.0,0.1595673967356599,0.2824061535242801,19.43195652173913,43.19565217391305,23.27080251048462,27.12045680163896
en_bho_cv,en-bho_IN,same_target,ridge,F1,4600,2300,50,4,23.467628760936336,29.29288952581909,21.062324230337595,0.2371247736004696,0.4796582510066985,0.1985447157478674,17.52173913043478,22.130666633259672,24.78285180692562
en_bho_cv,en-bho_IN,frozen_cross,ridge,F1,4600,2300,50,4,24.205117520880417,30.05639105334049,21.500264208427453,0.1325455272136428,0.2170897482777093,0.1985447157478679,17.91304347826087,23.141224647427677,25.901828182668403
en_bho_cv,en-bho_IN,cross_trained,ridge,F1,4600,2300,50,4,24.47058554917222,29.803677542873302,22.6309740540311,0.1564318656614086,0.2047526886480141,0.1054264076960538,16.956521739130434,23.491905825755875,25.854485069914684
en_bho_cv,en-bho_IN,same_target,ridge,F2,4600,2300,50,4,12.732664919521447,16.54813901409338,9.380800330326736,0.836394786016599,0.8239754210609576,0.3339021035127558,54.28260869565218,11.383141423874385,13.691001180557787
en_bho_cv,en-bho_IN,frozen_cross,ridge,F2,4600,2300,50,4,18.420964347649083,24.63028372936847,13.757599476038608,0.610743847011102,0.482239531585856,0.3339021035127557,39.130434782608695,16.599998835110597,19.6863378226197
en_bho_cv,en-bho_IN,cross_trained,ridge,F2,4600,2300,50,4,18.975508062160205,23.60016121261312,16.47849093726728,0.6224194227886256,0.4808426577712593,0.1562610563510415,25.43478260869565,17.235912350637076,19.99214492179514
en_bho_cv,en-bho_IN,same_target,ridge,F3,4600,2300,50,4,12.266545116390477,16.249355316504857,10.393856255512674,0.8426462481225298,0.825281608531725,0.3748682348406022,48.369565217391305,10.937180221348848,13.220910166465664
en_bho_cv,en-bho_IN,frozen_cross,ridge,F3,4600,2300,50,4,18.65002701005687,24.72274552303885,15.107692962053676,0.6111135566844689,0.486501927303342,0.3748682348406019,36.69565217391305,17.04070179983562,19.77787945730869
en_bho_cv,en-bho_IN,cross_trained,ridge,F3,4600,2300,50,4,18.862157830223264,23.366231742414566,16.229876729192796,0.6320961845827989,0.4898948005179254,-0.0384685622196033,26.130434782608692,17.314201681549623,19.968262318984536
en_bho_cv,en-bho_IN,same_target,catboost,F1,4600,2300,50,4,19.20063150302078,25.250735716607643,16.352748306916624,0.5467517136820389,0.6066160004253751,0.3099055011300986,34.130434782608695,17.740518059441296,20.37716204682073
en_bho_cv,en-bho_IN,frozen_cross,catboost,F1,4600,2300,50,4,22.840910852879784,28.48306016673176,20.485722635215023,0.3757955435060785,0.3439760483204531,0.3099055011300985,26.173913043478255,21.953838120715307,23.87350198172255
en_bho_cv,en-bho_IN,cross_trained,catboost,F1,4600,2300,50,4,22.66137501920484,27.777715097507247,19.28496866925529,0.3891299401779434,0.3299420455066748,0.2771630964098461,21.39130434782609,21.82159707087717,23.605051358957745
en_bho_cv,en-bho_IN,same_target,catboost,F2,4600,2300,50,4,11.125709151250508,15.405411742237868,8.161756309787648,0.8596672899750539,0.8387330593929584,0.2471391249520915,57.76086956521739,9.827000088942388,11.988051429922669
en_bho_cv,en-bho_IN,frozen_cross,catboost,F2,4600,2300,50,4,19.36940661001556,25.91992510182033,15.328785708561057,0.5811984206143581,0.4625660489015323,0.2471391249520917,37.326086956521735,17.428974618390296,20.735081477262888
en_bho_cv,en-bho_IN,cross_trained,catboost,F2,4600,2300,50,4,18.796594477334857,23.490200215243103,15.584123308004608,0.6270655666424589,0.4806977058342829,0.1663407092871028,26.93478260869565,17.217960805277908,19.759934972697277
en_bho_cv,en-bho_IN,same_target,catboost,F3,4600,2300,50,4,10.70713175138832,15.183570726723827,7.511471794432722,0.864195180636811,0.8486034747493277,0.5274942880283724,60.19565217391304,9.404686936226277,11.615565592526163
en_bho_cv,en-bho_IN,frozen_cross,catboost,F3,4600,2300,50,4,19.372315762109128,25.906262065579607,15.293506095556694,0.5804438496649639,0.4551649194957106,0.5274942880283725,37.54347826086957,17.560880361917896,20.7849204762413
en_bho_cv,en-bho_IN,cross_trained,catboost,F3,4600,2300,50,4,18.723120026107768,23.26328839528958,15.69094054147385,0.6369265943054739,0.4882025250154513,0.2426835795357256,26.804347826086957,17.310453221485588,19.73903148664269
pooled_holdout,ALL_ESA,same_target,mean,none,8588,4294,149,148,23.87301473025983,30.15124040756876,21.62674145937744,,,1.4270442073979364,24.87191429902189,21.80018713167213,26.3701956098798
pooled_holdout,ALL_ESA,cross_trained,mean,none,8588,4294,149,148,23.87301473025983,30.15124040756876,21.62674145937744,,,1.4270442073979364,24.87191429902189,21.703255284844232,26.75643288527482
pooled_holdout,ALL_ESA,same_target,fixed_penalty,none,8588,4294,149,148,25.228924080111785,37.42533632165525,16.0,0.365044083337733,0.6847367725299888,24.73218444340941,41.54634373544481,21.763296889350997,29.30728891359613
pooled_holdout,ALL_ESA,frozen_cross,fixed_penalty,none,8588,4294,149,148,26.84094084769446,38.674179093439946,18.0,0.1958462234382644,0.3261670424616874,24.73218444340941,38.91476478807638,23.537008227986053,30.728647092319083
pooled_holdout,ALL_ESA,same_target,ridge,F1,8588,4294,149,148,20.899592280840334,28.05099017179659,17.06965735300018,0.3704668505805015,0.6642097624855673,2.0453067724960423,28.06241266884024,18.66716865070688,23.60256702911305
pooled_holdout,ALL_ESA,frozen_cross,ridge,F1,8588,4294,149,148,22.901857722881918,30.09597511660837,18.83138977989473,0.1882677770185204,0.3086449682255098,2.045306772496042,26.141127154168608,20.74892416322164,25.701625166450825
pooled_holdout,ALL_ESA,cross_trained,ridge,F1,8588,4294,149,148,23.08431021112248,29.68380217594074,20.412281158208785,0.1797210388004076,0.308455058338258,1.6990237718310512,26.16441546343736,20.92297439768277,25.90755571494735
pooled_holdout,ALL_ESA,same_target,ridge,F2,8588,4294,149,148,13.32384701356365,17.951270142582253,11.737371076532469,0.8031106307559961,0.79057526348548,0.4521805546791486,44.10805775500698,12.41895084921496,14.34713684041112
pooled_holdout,ALL_ESA,frozen_cross,ridge,F2,8588,4294,149,148,18.099389985583763,24.23478924690613,12.073492672518867,0.6223504085523958,0.4598159274238147,0.4521805546791484,36.56264555193293,16.964417943624852,19.299096418011345
pooled_holdout,ALL_ESA,cross_trained,ridge,F2,8588,4294,149,148,18.572886629206582,23.421537455569204,16.624630184969618,0.6288450366121158,0.4578064957207227,0.3659703982658289,28.22543083372147,17.657529732331064,19.58888536548553
pooled_holdout,ALL_ESA,same_target,ridge,F3,8588,4294,149,148,12.216655400352028,16.810651320179904,8.279683887991524,0.830077591132719,0.7831652963968981,0.5541223018346574,57.70843036795529,11.305823692241514,13.294693765310306
pooled_holdout,ALL_ESA,frozen_cross,ridge,F3,8588,4294,149,148,18.6428350393333,24.82538183067616,14.000025897263328,0.6125674233217884,0.4519968720737935,0.5541223018346574,40.26548672566372,17.512415464711356,19.78223954052224
pooled_holdout,ALL_ESA,cross_trained,ridge,F3,8588,4294,149,148,18.476311818127964,23.307803959172624,15.56969006654318,0.6335208933606048,0.4558748291703695,0.4405499942174008,29.05216581276199,17.563700400571186,19.502929522140544
pooled_holdout,ALL_ESA,same_target,catboost,F1,8588,4294,149,148,16.653783292372093,22.752766953105372,10.79501940108291,0.6574568815508445,0.7066504505028876,1.599543816818184,47.880763856544014,14.886727806020213,18.74748172865161
pooled_holdout,ALL_ESA,frozen_cross,catboost,F1,8588,4294,149,148,21.79649682974805,28.352463176134066,17.79394196247992,0.4128048809190154,0.3674396312115162,1.599543816818184,35.86399627387052,20.215733601099966,23.66697855608797
pooled_holdout,ALL_ESA,cross_trained,catboost,F1,8588,4294,149,148,21.53604589652457,27.293941763630983,16.260411135698035,0.4275987339940415,0.3706618860788082,1.4216739024920118,27.03772706101537,19.86835266001364,23.38388303354999
pooled_holdout,ALL_ESA,same_target,catboost,F2,8588,4294,149,148,11.68737486984233,16.059707091478575,7.5697019430475905,0.8466506815243249,0.8074820535931491,0.5170268912176759,57.72007452258966,10.877974369431469,12.681283174474222
pooled_holdout,ALL_ESA,frozen_cross,catboost,F2,8588,4294,149,148,18.326286897459884,24.741375707447386,13.407428528721368,0.623761627107513,0.4628182977146421,0.5170268912176759,40.59152305542618,17.230422303509155,19.392859083335523
pooled_holdout,ALL_ESA,cross_trained,catboost,F2,8588,4294,149,148,18.083092031357204,22.957354386898302,15.652788433483892,0.6475506612528175,0.4670503609370023,0.4754151811165355,30.48439683278994,17.18675673874088,19.15482015816029
pooled_holdout,ALL_ESA,same_target,catboost,F3,8588,4294,149,148,11.707570342401546,16.02293572487478,8.151121792120094,0.8479367263690466,0.7992957144136335,1.2398532403847518,57.59198882161155,10.931280290378403,12.652739202037758
pooled_holdout,ALL_ESA,frozen_cross,catboost,F3,8588,4294,149,148,18.45659875525058,24.807066864408263,13.588416134788387,0.6197557048291081,0.458438364029008,1.2398532403847513,39.93945039590126,17.335465106783644,19.51231337671502
pooled_holdout,ALL_ESA,cross_trained,catboost,F3,8588,4294,149,148,18.12271791043012,23.11065449034528,14.4416654545589,0.6430541469303805,0.461081629595968,1.457740685027049,30.170004657661853,17.199137227615164,19.043278044425445
pooled_holdout,cs-de_DE,same_target,mean,none,764,382,19,12,21.94693635790921,24.956380982845463,23.37325854062256,,,-12.111478435910517,18.58638743455497,19.91430860694955,24.502908535336253
pooled_holdout,cs-de_DE,cross_trained,mean,none,764,382,19,12,21.94693635790921,24.956380982845463,23.37325854062256,,,-12.111478435910517,18.58638743455497,19.930160216811945,24.41248623672529
pooled_holdout,cs-de_DE,same_target,fixed_penalty,none,764,382,19,12,10.854712041884817,20.17407880170448,4.0,0.5590410637313928,0.8614824212741404,8.75,67.80104712041884,7.822635957792208,14.813152160891308
pooled_holdout,cs-de_DE,frozen_cross,fixed_penalty,none,764,382,19,12,16.040575916230367,25.400844072218383,10.0,0.1680352387512686,0.1877188388558279,8.75,56.15183246073299,12.507040471388018,21.00435498012625
pooled_holdout,cs-de_DE,same_target,ridge,F1,764,382,19,12,19.79296189403768,22.73569972740567,20.83138977989473,0.5822760991269245,0.8505160458953913,-14.095113975618585,17.146596858638745,18.001470757134197,22.09624335906246
pooled_holdout,cs-de_DE,frozen_cross,ridge,F1,764,382,19,12,22.82118357961416,28.068702801516245,20.83138977989473,0.1566464008168315,0.1772403946155446,-14.09511397561858,18.58638743455497,20.33406544936277,26.05498096872806
pooled_holdout,cs-de_DE,cross_trained,ridge,F1,764,382,19,12,22.273508323174028,25.95116948832449,23.85807161275831,0.1447252488628935,0.1767236719964392,-13.311781068399924,18.848167539267017,20.253175867462765,25.135240335860164
pooled_holdout,cs-de_DE,same_target,ridge,F2,764,382,19,12,12.745108140954889,15.227313887409418,11.834321647597008,0.8060651126389267,0.8910364722316728,-8.068036841794855,30.23560209424084,11.922268383024091,13.592892049722863
pooled_holdout,cs-de_DE,frozen_cross,ridge,F2,764,382,19,12,18.03431285754756,23.712631253611963,12.897024379222358,0.3734068613225857,0.2093270210551349,-8.068036841794855,30.89005235602094,16.24394539986295,20.16906401321656
pooled_holdout,cs-de_DE,cross_trained,ridge,F2,764,382,19,12,17.770113070988334,21.518346138684443,16.624630184969618,0.4168135940118081,0.2088494000072862,-8.007797207921215,26.439790575916227,16.168956779407267,19.548789935766678
pooled_holdout,cs-de_DE,same_target,ridge,F3,764,382,19,12,12.147855563839284,14.847598211802744,9.880518463278122,0.8260128432143656,0.8856592083990354,-8.29879940018807,50.39267015706807,11.44813728143845,12.88033019161473
pooled_holdout,cs-de_DE,frozen_cross,ridge,F3,764,382,19,12,18.998925566132943,24.45035377037908,15.609852188251836,0.3606843771184008,0.2019661497222876,-8.29879940018807,35.99476439790576,17.32660077675208,21.09579930594514
pooled_holdout,cs-de_DE,cross_trained,ridge,F3,764,382,19,12,18.171878940353604,21.744097928995465,16.059921766546296,0.391897805691856,0.2119047902240486,-8.083899497189167,25.392670157068064,16.5790452093312,20.307899743802707
pooled_holdout,cs-de_DE,same_target,catboost,F1,764,382,19,12,18.24442929369521,22.861742980040137,14.79394196247992,0.6240486376029226,0.8162456684692045,-14.0837794534578,41.8848167539267,17.139092517338096,19.471909636184
pooled_holdout,cs-de_DE,frozen_cross,catboost,F1,764,382,19,12,23.490040628989554,29.525617124438792,20.79394196247992,0.2119900460143034,0.1867423364680893,-14.0837794534578,34.29319371727749,21.83234313422143,25.1469695205426
pooled_holdout,cs-de_DE,cross_trained,catboost,F1,764,382,19,12,21.8395126255317,25.912815384780927,17.611142242385895,0.1983961965309841,0.1814388084771591,-12.892771858364071,20.680628272251308,20.211550447344003,23.761886779886737
pooled_holdout,cs-de_DE,same_target,catboost,F2,764,382,19,12,11.971308512362304,14.422248421878756,9.585196275912168,0.8431415254362635,0.9117664455618512,-8.374994817829228,51.1780104712042,11.345486621062012,12.599413277244118
pooled_holdout,cs-de_DE,frozen_cross,catboost,F2,764,382,19,12,19.064705352196626,24.643453526057808,15.000694103931608,0.3577564272925355,0.2161284719262464,-8.374994817829228,38.089005235602095,17.154300761396627,21.08191653606953
pooled_holdout,cs-de_DE,cross_trained,catboost,F2,764,382,19,12,17.857232475476422,21.56399851967893,15.652788433483892,0.4096383742214591,0.2087503576271364,-7.903709380063741,25.916230366492147,16.25708159263374,19.788141488882133
pooled_holdout,cs-de_DE,same_target,catboost,F3,764,382,19,12,10.994692909523238,13.667427908149108,8.573086831687213,0.850468196888517,0.8968231849004374,-7.369761880760614,55.366492146596855,10.343935995302656,11.753408361235754
pooled_holdout,cs-de_DE,frozen_cross,catboost,F3,764,382,19,12,18.65809830640052,24.423324040353293,14.82529614014816,0.3669583860459408,0.2358168465009038,-7.369761880760614,38.21989528795812,16.74716522749117,20.911125367684388
pooled_holdout,cs-de_DE,cross_trained,catboost,F3,764,382,19,12,17.86673282207806,21.51034994130122,15.662524286772722,0.4099723114711354,0.2253250350300943,-7.842779272226016,26.570680628272253,16.493502208039914,19.716989313177404
pooled_holdout,cs-uk_UA,same_target,mean,none,596,298,19,7,19.51159044263703,21.95011762395856,22.37325854062256,,,-13.70211760102524,23.154362416107386,17.912290286089384,21.136736313824805
pooled_holdout,cs-uk_UA,cross_trained,mean,none,596,298,19,7,19.51159044263703,21.95011762395856,22.37325854062256,,,-13.70211760102524,23.154362416107386,18.018127506693503,21.14724846837136
pooled_holdout,cs-uk_UA,same_target,fixed_penalty,none,596,298,19,7,11.375838926174495,18.42934995048158,5.0,0.4919841153450455,0.7599962273982676,10.805369127516778,63.758389261744966,9.201666666666666,14.154032919840802
pooled_holdout,cs-uk_UA,frozen_cross,fixed_penalty,none,596,298,19,7,12.583892617449663,19.15216356257216,8.0,0.3985913696744264,0.3636965914600117,10.805369127516778,57.5503355704698,10.616691235593674,14.93847799102099
pooled_holdout,cs-uk_UA,same_target,ridge,F1,596,298,19,7,16.24255219404606,18.2890616614456,18.83138977989473,0.5586542610491818,0.7807732556589341,-11.492365744215366,22.98657718120805,14.995075881537588,17.672844412258545
pooled_holdout,cs-uk_UA,frozen_cross,ridge,F1,596,298,19,7,16.852242557079155,19.607825430047125,18.93034264699982,0.4120619042700292,0.3733554318285516,-11.492365744215366,27.01342281879195,15.633651680740016,18.33584800394476
pooled_holdout,cs-uk_UA,cross_trained,ridge,F1,596,298,19,7,17.678225626879115,20.126819040199567,19.635176385483547,0.4116140240752335,0.3731680203898543,-12.554133983470749,25.838926174496645,16.200696030293468,19.23880941012832
pooled_holdout,cs-uk_UA,same_target,ridge,F2,596,298,19,7,10.888383020297775,12.78057606433845,11.171486657299257,0.7091455921620788,0.8192479128196893,-4.031161838668295,36.91275167785235,10.226570246203776,11.521284065319488
pooled_holdout,cs-uk_UA,frozen_cross,ridge,F2,596,298,19,7,13.033392266016,15.957685273903405,11.834321647597008,0.4715633533091368,0.3556016200125785,-4.031161838668295,33.38926174496644,12.130330769042375,14.032815435043243
pooled_holdout,cs-uk_UA,cross_trained,ridge,F2,596,298,19,7,14.21638989158319,16.39828209594194,15.624630184969618,0.4669048057049964,0.3402018562025065,-6.13108085699968,30.369127516778523,13.262346245553392,15.25876760472432
pooled_holdout,cs-uk_UA,same_target,ridge,F3,596,298,19,7,10.02910924419866,12.796584299866858,6.299587292898934,0.7016625282993484,0.7505957798659467,-3.2744940766273234,61.74496644295302,8.887624329346167,11.123669813262136
pooled_holdout,cs-uk_UA,frozen_cross,ridge,F3,596,298,19,7,13.18502876048623,17.057318777662513,10.315501917077654,0.4361281529896105,0.3612071692101721,-3.2744940766273225,49.328859060402685,12.347151708171133,14.112459658914153
pooled_holdout,cs-uk_UA,cross_trained,ridge,F3,596,298,19,7,14.297885790765594,16.714971964726523,14.159516454440675,0.4289057343698409,0.3755512402784169,-6.242116591564468,31.04026845637584,13.56754230517952,15.194221658453849
pooled_holdout,cs-uk_UA,same_target,catboost,F1,596,298,19,7,14.444443789061948,19.49348904866059,7.032639247522468,0.5345009298285864,0.7102382996521232,-9.441273576648866,55.70469798657718,13.103267685887806,16.27854560313392
pooled_holdout,cs-uk_UA,frozen_cross,catboost,F1,596,298,19,7,17.209569122579424,22.24174310218423,12.79394196247992,0.3502908544074082,0.33504480788656,-9.441273576648866,43.62416107382551,16.035756288963917,18.519669584763463
pooled_holdout,cs-uk_UA,cross_trained,catboost,F1,596,298,19,7,17.16887649664289,20.516259943040083,16.260411135698035,0.3103633463728796,0.3011791422273863,-11.305257069584291,27.181208053691275,15.749957560674504,18.628679044114676
pooled_holdout,cs-uk_UA,same_target,catboost,F2,596,298,19,7,9.69231169396886,12.007249280127718,6.1743469821276165,0.7474412955374811,0.7881235730775058,-3.5049665422673475,65.77181208053692,9.003018975427123,10.376300036857264
pooled_holdout,cs-uk_UA,frozen_cross,catboost,F2,596,298,19,7,13.200980777934198,16.819217217695396,9.825653017872384,0.4640201426860189,0.3509903271528976,-3.5049665422673475,51.006711409395976,12.046469697109032,14.32228104357212
pooled_holdout,cs-uk_UA,cross_trained,catboost,F2,596,298,19,7,14.054815479337393,16.19123089020563,14.99556745330736,0.4837643494050826,0.3530456251308662,-5.934265940554255,31.71140939597316,13.08046834839459,15.24502550160996
pooled_holdout,cs-uk_UA,same_target,catboost,F3,596,298,19,7,9.26479419080297,11.750463104393678,6.151218285352684,0.750335419001176,0.7747684019227074,-2.7728317823739905,66.77852348993288,8.268093794762024,10.286004069472098
pooled_holdout,cs-uk_UA,frozen_cross,catboost,F3,596,298,19,7,12.983685447765245,16.813003030717205,9.845912678426274,0.4542181332099934,0.352116376709696,-2.772831782373989,50.67114093959732,11.933672309155732,13.901702099668311
pooled_holdout,cs-uk_UA,cross_trained,catboost,F3,596,298,19,7,14.317659038670415,16.646928032454905,13.915409793699084,0.4338533984077874,0.366139938518225,-6.179450618175849,29.53020134228188,13.482566805723527,15.13218107694868
pooled_holdout,en-ar_EG,same_target,mean,none,470,235,10,3,55.02192294485536,61.178955128266686,71.62674145937744,,,50.70120954448382,13.404255319148936,47.62365401212169,59.71832091694385
pooled_holdout,en-ar_EG,cross_trained,mean,none,470,235,10,3,55.02192294485536,61.178955128266686,71.62674145937744,,,50.70120954448382,13.404255319148936,46.98264892806241,59.69540841871179
pooled_holdout,en-ar_EG,same_target,fixed_penalty,none,470,235,10,3,73.88085106382978,81.78131191613035,95.0,-0.0141163485850505,0.0200752092637591,73.80425531914894,7.446808510638298,62.69224443319838,80.48104761149864
pooled_holdout,en-ar_EG,frozen_cross,fixed_penalty,none,470,235,10,3,74.27659574468085,82.11328448772282,95.0,-0.1156040919844515,0.1711684654140722,73.80425531914894,8.72340425531915,63.577859477124186,80.32621654501216
pooled_holdout,en-ar_EG,same_target,ridge,F1,470,235,10,3,55.60785803642649,62.86067592016675,73.89103402730157,-0.0534184195385103,-0.008644681658434,51.64349275681299,15.95744680851064,46.40459264909322,61.239271121805565
pooled_holdout,en-ar_EG,frozen_cross,ridge,F1,470,235,10,3,56.97491245296493,63.37664471129087,73.89103402730157,-0.1600730025473015,0.130258461279903,51.64349275681299,12.76595744680851,49.44860503838014,61.94635978063254
pooled_holdout,en-ar_EG,cross_trained,ridge,F1,470,235,10,3,55.8897008787656,62.213766843151134,72.91000872886596,-0.1654251211997329,0.1291805151808413,51.23723562843944,12.5531914893617,47.945118259109705,60.92196002131463
pooled_holdout,en-ar_EG,same_target,ridge,F2,470,235,10,3,16.201709900865534,20.18689266448041,8.328246211958962,0.9101302951365642,0.6189836857361775,14.248023091835028,52.34042553191489,15.295127423099508,16.832391545553637
pooled_holdout,en-ar_EG,frozen_cross,ridge,F2,470,235,10,3,19.0790022743569,24.591453740456497,13.165678352402992,0.812003125971166,0.7325687420952645,14.248023091835028,47.02127659574468,17.34921216336499,21.0131611783758
pooled_holdout,en-ar_EG,cross_trained,ridge,F2,470,235,10,3,22.60098441139941,25.36179137817876,21.291018466035013,0.8790882011673167,0.7510296090624548,18.50565192832113,12.978723404255318,20.607936258314076,24.20620796311536
pooled_holdout,en-ar_EG,same_target,ridge,F3,470,235,10,3,17.20937947501163,21.187041251008985,9.813363509994751,0.9024129222891044,0.6196306267249434,15.084877108518576,51.27659574468085,14.935313251084487,18.41804062976779
pooled_holdout,en-ar_EG,frozen_cross,ridge,F3,470,235,10,3,20.51781152718293,25.81060411795157,16.160354338507382,0.7928806699100935,0.7426294264536646,15.084877108518576,44.46808510638298,18.733796762225627,21.93939196761488
pooled_holdout,en-ar_EG,cross_trained,ridge,F3,470,235,10,3,22.78730415682067,25.578448656204877,23.001725363488177,0.8742512503682707,0.7663139803830517,18.3399035591674,13.617021276595745,19.97059788577106,24.569690290244917
pooled_holdout,en-ar_EG,same_target,catboost,F1,470,235,10,3,44.950710034778936,52.0115989307193,39.09560171367583,0.4047400078079824,0.2254000388327107,41.18716744216216,14.893617021276595,38.27164269377006,48.55127004505983
pooled_holdout,en-ar_EG,frozen_cross,catboost,F1,470,235,10,3,47.4642430470617,53.44022620777633,39.09560171367583,0.290188593052152,0.3701429800913539,41.18716744216217,9.361702127659576,42.41399515480119,50.40887412339827
pooled_holdout,en-ar_EG,cross_trained,catboost,F1,470,235,10,3,48.86749072326874,54.4122891023524,49.4003664368273,0.347391351904353,0.4231715637070489,43.93078051760766,10.638297872340424,42.760887833124336,52.18984072009068
pooled_holdout,en-ar_EG,same_target,catboost,F2,470,235,10,3,11.697822876232657,17.14183730595883,8.056112801964915,0.9128860857578044,0.5912970429501333,9.818192957842538,52.97872340425533,10.33004023179034,12.697707498534816
pooled_holdout,en-ar_EG,frozen_cross,catboost,F2,470,235,10,3,15.019866674457578,22.70322100575465,10.0798412299211,0.8139410225166852,0.6812661911266281,9.818192957842536,46.80851063829788,13.250485932102904,18.0761160964849
pooled_holdout,en-ar_EG,cross_trained,catboost,F2,470,235,10,3,17.731799958869612,22.51437989934009,14.200573852120378,0.8511817113277992,0.658314044076273,13.54568934840773,39.14893617021277,15.458098104068847,20.343566811568
pooled_holdout,en-ar_EG,same_target,catboost,F3,470,235,10,3,13.780033150732567,17.946229916970946,10.807722600486647,0.9209577615304966,0.5981042026998153,12.00261371443039,44.04255319148936,12.23268546186659,14.8218074207183
pooled_holdout,en-ar_EG,frozen_cross,catboost,F3,470,235,10,3,17.07106545176504,23.35045261888469,11.926090662505004,0.8172149038874948,0.6997047551923067,12.00261371443039,36.38297872340426,15.770795517712688,19.4828001325818
pooled_holdout,en-ar_EG,cross_trained,catboost,F3,470,235,10,3,20.56568319593494,24.94621742326941,18.04310052750824,0.8398025187388692,0.6727453299562759,16.5260939845813,21.27659574468085,18.677687856028776,22.360599836632897
pooled_holdout,en-cs_CZ,same_target,mean,none,1234,617,14,17,16.473596095962385,19.584299362394898,16.626741459377442,,,-6.925932770768425,32.82009724473258,15.670704577655352,17.486303728666886
pooled_holdout,en-cs_CZ,cross_trained,mean,none,1234,617,14,17,16.473596095962385,19.5842993623949,16.626741459377442,,,-6.925932770768425,32.82009724473258,15.648864104887371,17.578740135680896
pooled_holdout,en-cs_CZ,same_target,fixed_penalty,none,1234,617,14,17,17.490275526742302,23.063456258477608,15.0,0.5999794480305768,0.6556244159424514,17.36385737439222,40.59967585089141,15.554424912104473,19.14755310552433
pooled_holdout,en-cs_CZ,frozen_cross,fixed_penalty,none,1234,617,14,17,19.03160453808752,25.615897996085696,15.0,0.1179646682491759,0.1705407874458275,17.36385737439222,40.76175040518638,16.8342036987119,20.543079710144927
pooled_holdout,en-cs_CZ,same_target,ridge,F1,1234,617,14,17,13.18034293800879,15.739542829397935,12.692075073894372,0.5988286625105176,0.6467938523089306,-5.495192797493659,40.51863857374392,12.52731192972277,14.1513600876307
pooled_holdout,en-cs_CZ,frozen_cross,ridge,F1,1234,617,14,17,16.579778214912835,20.48587126430667,15.168610220105265,0.1024578203120406,0.1638447803608948,-5.495192797493659,34.197730956239866,15.617520558620583,17.935967484244706
pooled_holdout,en-cs_CZ,cross_trained,ridge,F1,1234,617,14,17,16.290276771235163,19.503915303608224,15.587718841791215,0.1003431663560338,0.1637198552852411,-6.198450464058081,33.87358184764992,15.471455892742055,17.44849993958448
pooled_holdout,en-cs_CZ,same_target,ridge,F2,1234,617,14,17,10.631190313171398,13.457304925110895,9.752901998033622,0.6794638544270716,0.6627381954332465,0.5164659123267805,51.62074554294976,10.090043164589952,11.35164422250689
pooled_holdout,en-cs_CZ,frozen_cross,ridge,F2,1234,617,14,17,15.995132001903835,21.041839289569896,11.834321647597008,0.1246898916931921,0.1525769169903099,0.5164659123267805,40.43760129659644,14.525540553498695,17.12141357429607
pooled_holdout,en-cs_CZ,cross_trained,ridge,F2,1234,617,14,17,15.23631965269086,19.25760949584897,13.27442442159105,0.1237072307643054,0.1452089384323114,-1.0921658983244722,38.33063209076175,14.266946384699969,16.21648869914787
pooled_holdout,en-cs_CZ,same_target,ridge,F3,1234,617,14,17,10.244176077919212,13.134843895250349,7.524258689662744,0.7193826665740243,0.6472210368296838,0.7354499644552159,59.88654781199352,9.830006891378115,11.089534137884616
pooled_holdout,en-cs_CZ,frozen_cross,ridge,F3,1234,617,14,17,17.29506962566261,22.671308091336734,13.559646595613032,0.1494085472782103,0.1378227599763009,0.7354499644552159,40.19448946515397,15.35080845082465,18.77729513280933
pooled_holdout,en-cs_CZ,cross_trained,ridge,F3,1234,617,14,17,15.46362669803568,19.50234694949598,13.306343908045818,0.1344412327637806,0.1412401028709626,-1.4834994140108602,37.11507293354943,14.656610657292944,16.414494302651974
pooled_holdout,en-cs_CZ,same_target,catboost,F1,1234,617,14,17,11.902143293816453,15.35425405244068,8.284946841822105,0.6532875493456574,0.6499415124273069,-3.4110085162838124,55.02431118314425,11.209401575719674,12.990420405643308
pooled_holdout,en-cs_CZ,frozen_cross,catboost,F1,1234,617,14,17,18.39664832209549,23.775900127133585,14.967360752477532,0.1423184601837501,0.1690655939309494,-3.4110085162838124,39.54619124797407,16.52406307976984,20.195807285721383
pooled_holdout,en-cs_CZ,cross_trained,catboost,F1,1234,617,14,17,16.52454929831988,20.45935302978291,14.35719488118447,0.1205334749363532,0.148580861697575,-4.922514265214442,34.440842787682335,15.54746404329728,17.82393629666945
pooled_holdout,en-cs_CZ,same_target,catboost,F2,1234,617,14,17,9.81948321432289,12.646612187815863,6.609652313599852,0.742817791515856,0.6860874829453811,0.540378234307128,63.290113452188,9.28605955789874,10.394059643829014
pooled_holdout,en-cs_CZ,frozen_cross,catboost,F2,1234,617,14,17,17.19109770335085,22.595145071726517,13.439315338951133,0.1679307013347592,0.168819619084791,0.5403782343071283,41.81523500810373,14.90672976873882,18.779584832872345
pooled_holdout,en-cs_CZ,cross_trained,catboost,F2,1234,617,14,17,15.105460057353037,19.17250448822649,12.69288653237504,0.153844874893215,0.1659786887921426,-0.8760624104087261,38.33063209076175,14.033497934570285,16.121213994348842
pooled_holdout,en-cs_CZ,same_target,catboost,F3,1234,617,14,17,9.858281213468889,12.858758227595654,6.784806905863817,0.7372589872614933,0.6762672717101481,1.5218093355733078,62.398703403565634,9.420134930384656,10.421556779563153
pooled_holdout,en-cs_CZ,frozen_cross,catboost,F3,1234,617,14,17,17.2012056977495,22.67517105343774,13.064357956516716,0.1652865334227735,0.1709582002655751,1.5218093355733076,40.680713128038896,15.009272359589804,18.71943806206113
pooled_holdout,en-cs_CZ,cross_trained,catboost,F3,1234,617,14,17,14.948665695248792,19.058444307300192,12.57519378662316,0.1623026394004471,0.1763586769226563,-0.37170754923876,39.54619124797407,13.88291578343556,15.849488357395222
pooled_holdout,en-et_EE,same_target,mean,none,904,452,10,8,22.09160481185789,27.25287449237756,19.62674145937744,,,11.515015795660627,25.55309734513274,21.032627108755644,23.70288026387964
pooled_holdout,en-et_EE,cross_trained,mean,none,904,452,10,8,22.0916048118579,27.25287449237756,19.62674145937744,,,11.51501579566063,25.55309734513274,21.02096137822173,23.729452540878533
pooled_holdout,en-et_EE,same_target,fixed_penalty,none,904,452,10,8,32.9358407079646,40.28279458804973,31.0,0.3132047917977486,0.5024620608643617,32.68362831858407,22.345132743362832,31.059982098381077,35.705305551724386
pooled_holdout,en-et_EE,frozen_cross,fixed_penalty,none,904,452,10,8,33.20575221238938,40.48658687533637,31.0,0.2791660984287483,0.3159506309469168,32.68362831858407,21.1283185840708,31.204121879803424,36.25545525902669
pooled_holdout,en-et_EE,same_target,ridge,F1,904,452,10,8,19.225169996088475,24.92245758235758,15.824971872313242,0.3509365986462228,0.4916739733907689,8.559353179343674,30.752212389380528,17.953374885104765,20.803966720682944
pooled_holdout,en-et_EE,frozen_cross,ridge,F1,904,452,10,8,20.68166277440549,25.965070469020656,17.780729256086815,0.2633201621969745,0.2915369651288349,8.559353179343674,27.654867256637168,19.30007991205087,22.76469005745173
pooled_holdout,en-et_EE,cross_trained,ridge,F1,904,452,10,8,20.721338213423223,25.83923728684872,18.58771884179121,0.2594992853481973,0.2899342081884444,9.931154017567538,28.31858407079646,19.44294986466125,22.731923211555277
pooled_holdout,en-et_EE,same_target,ridge,F2,904,452,10,8,12.44628825071904,15.263832389063191,10.953978491258,0.802137746754964,0.8038104744222854,1.7137462466288995,46.23893805309734,11.442274344181625,13.69846269575486
pooled_holdout,en-et_EE,frozen_cross,ridge,F2,904,452,10,8,22.892796967336416,29.174944252133745,18.60505416502717,0.2661709866194999,0.2882158542685057,1.7137462466289,29.535398230088493,20.12357002728586,26.11953320769105
pooled_holdout,en-et_EE,cross_trained,ridge,F2,904,452,10,8,22.191542608818395,28.06698796580073,17.88664445281171,0.219703786814787,0.2632094369033407,3.227583058725997,27.43362831858407,19.65868748462602,25.217057815735508
pooled_holdout,en-et_EE,same_target,ridge,F3,904,452,10,8,11.675183646695968,14.7713181150391,9.431426660195257,0.8155618326428882,0.8001070559072082,1.286446412848285,52.32300884955752,11.14883515638707,12.447446109956555
pooled_holdout,en-et_EE,frozen_cross,ridge,F3,904,452,10,8,22.410717422654848,28.641432488352912,17.86104000153597,0.3000142899579489,0.3074180683287493,1.286446412848285,28.98230088495575,19.775253586482886,25.30822846575855
pooled_holdout,en-et_EE,cross_trained,ridge,F3,904,452,10,8,21.809210154156144,27.663657001984184,17.55987875594829,0.2434053114186726,0.2803104651336718,3.2189522578765923,28.98230088495575,19.308153161632305,24.609136636982036
pooled_holdout,en-et_EE,same_target,catboost,F1,904,452,10,8,17.610312522461502,22.34022825064664,13.79394196247992,0.5399406227083038,0.5120276143750953,7.392257478868652,37.389380530973455,16.31030337863881,19.565085887679334
pooled_holdout,en-et_EE,frozen_cross,catboost,F1,904,452,10,8,20.64237325512815,26.428824005521715,16.953252916550234,0.300090402329326,0.3105425850627558,7.392257478868652,30.86283185840708,18.985830383251447,22.56852175796268
pooled_holdout,en-et_EE,cross_trained,catboost,F1,904,452,10,8,20.386037593071396,25.666124915002847,17.188496504818417,0.2825856502692723,0.2990715731439703,9.457089186850148,29.314159292035395,19.073872347856863,22.136820658436054
pooled_holdout,en-et_EE,same_target,catboost,F2,904,452,10,8,13.05262164280347,16.47763214224175,11.24962120618764,0.7760271350255565,0.7658632323952286,1.3363114633039683,46.349557522123895,12.618269352004145,13.658106921121812
pooled_holdout,en-et_EE,frozen_cross,catboost,F2,904,452,10,8,22.596654809264823,29.185161734440705,18.236413086288763,0.2939972392794854,0.3173739060999448,1.336311463303968,30.199115044247787,20.58627242695851,24.936095940222103
pooled_holdout,en-et_EE,cross_trained,catboost,F2,904,452,10,8,21.507856577686724,27.289272668908986,17.286660462105388,0.2518072785894422,0.2887408959091284,4.262858373579179,28.650442477876105,19.261511865541323,24.25526483457896
pooled_holdout,en-et_EE,same_target,catboost,F3,904,452,10,8,13.04369966396067,16.426468390405667,11.347267714045088,0.7798487706017151,0.7692620498140114,1.877234340937961,45.35398230088495,12.429976024010148,14.110835975513902
pooled_holdout,en-et_EE,frozen_cross,catboost,F3,904,452,10,8,22.716589345961648,29.35436522228829,18.54181511412624,0.2904849671252356,0.3149234653012579,1.8772343409379613,30.53097345132743,20.591895330816463,25.09787747097789
pooled_holdout,en-et_EE,cross_trained,catboost,F3,904,452,10,8,21.61401079116332,27.388746073432777,18.18047548567988,0.2466147558871207,0.2851143930489099,5.27858872199924,29.424778761061948,19.286334176003983,24.240555752870304
pooled_holdout,en-is_IS,same_target,mean,none,696,348,10,5,27.708645806413088,34.60749193554556,23.37325854062256,,,21.909787436388942,27.155172413793103,24.91034389554789,31.1114221357106
pooled_holdout,en-is_IS,cross_trained,mean,none,696,348,10,5,27.708645806413088,34.60749193554556,23.37325854062256,,,21.90978743638894,27.155172413793103,24.96527699134852,30.91109054626556
pooled_holdout,en-is_IS,same_target,fixed_penalty,none,696,348,10,5,41.08620689655172,47.83103042235624,37.0,0.3652271250107673,0.5487448384157824,40.64942528735632,10.201149425287356,37.06052946791189,45.450529776135625
pooled_holdout,en-is_IS,frozen_cross,fixed_penalty,none,696,348,10,5,40.80459770114943,47.5147587476836,39.0,0.407039918182856,0.4692163323699863,40.64942528735632,12.78735632183908,35.94854379251701,45.41572983524118
pooled_holdout,en-is_IS,same_target,ridge,F1,696,348,10,5,23.218129761998977,30.312986525993992,16.499262791632887,0.3666101112316041,0.4785775943287111,16.62951989184177,30.45977011494253,21.19929976473083,25.81921759106832
pooled_holdout,en-is_IS,frozen_cross,ridge,F1,696,348,10,5,23.41444910601529,29.794528282812355,19.0,0.406946522690904,0.4197017193545087,16.62951989184177,29.02298850574713,20.885827906040248,26.014624325261163
pooled_holdout,en-is_IS,cross_trained,ridge,F1,696,348,10,5,24.62419567520693,31.155730996637867,20.88590282119118,0.3827031424503133,0.4192771045248266,18.883842309712268,30.603448275862068,21.821725573775502,27.769605327739477
pooled_holdout,en-is_IS,same_target,ridge,F2,696,348,10,5,14.700179646710469,19.33386488939803,11.834321647597008,0.793276148859974,0.8055344672143868,9.623565252949907,42.95977011494253,12.63182339874878,16.1048288624477
pooled_holdout,en-is_IS,frozen_cross,ridge,F2,696,348,10,5,21.01798653643409,26.381264632952853,17.5728423729133,0.5541145144604662,0.5567621380980954,9.623565252949907,29.88505747126437,19.219323210106143,22.24434359307846
pooled_holdout,en-is_IS,cross_trained,ridge,F2,696,348,10,5,21.75253607958047,27.28965071342501,16.79937775216341,0.4983401932005164,0.5202090772388461,12.98221398980933,28.448275862068968,20.767241025704617,22.83025660457367
pooled_holdout,en-is_IS,same_target,ridge,F3,696,348,10,5,13.187836161457891,17.33693332043058,9.88951963544416,0.8253784455562948,0.8208023228308264,8.06391079516321,50.28735632183909,11.743493936106852,14.103722227040777
pooled_holdout,en-is_IS,frozen_cross,ridge,F3,696,348,10,5,20.464521344722574,25.490601223322383,17.47969682695937,0.5616922139340891,0.5589046292317402,8.06391079516321,30.74712643678161,18.706949600354815,21.59640707707998
pooled_holdout,en-is_IS,cross_trained,ridge,F3,696,348,10,5,21.39734199515147,26.939151545515664,16.754432537400078,0.4935742061310157,0.5118922818581507,12.164340693066826,30.17241379310345,20.00926866388187,22.524663257585622
pooled_holdout,en-is_IS,same_target,catboost,F1,696,348,10,5,18.65792510860421,23.39077782650754,15.355951049791273,0.6670778262261654,0.6516024941941633,12.182085005881325,34.770114942528735,16.687819725486555,20.97789591103921
pooled_holdout,en-is_IS,frozen_cross,catboost,F1,696,348,10,5,21.096015463872337,25.802208950715222,18.79501940108291,0.5384594043957021,0.5399902699203697,12.182085005881325,29.02298850574713,19.56934530951068,22.45078138717899
pooled_holdout,en-is_IS,cross_trained,catboost,F1,696,348,10,5,22.797409050501912,28.386763720449625,18.493017332027662,0.5241911332801352,0.5287939740112606,16.60227589437215,28.304597701149422,20.701983805352544,25.1047106422884
pooled_holdout,en-is_IS,same_target,catboost,F2,696,348,10,5,12.101402591527291,16.108142428477077,8.957082547530248,0.8415147949896734,0.8387910725301944,6.378734335161276,53.735632183908045,10.560939206787028,13.202662893602756
pooled_holdout,en-is_IS,frozen_cross,catboost,F2,696,348,10,5,20.788678592691685,25.55259750506287,18.825653017872384,0.5546378229033312,0.5604279566143578,6.378734335161276,29.454022988505745,18.688365867652184,22.013975274290075
pooled_holdout,en-is_IS,cross_trained,catboost,F2,696,348,10,5,21.45862514809425,26.86864074325369,17.17686425369883,0.5135235853815826,0.5501715197952171,12.545944883126383,28.735632183908045,20.160241474077512,22.388281704463036
pooled_holdout,en-is_IS,same_target,catboost,F3,696,348,10,5,12.756276559259591,16.917783908642825,9.334682883991803,0.8336442887348512,0.8303252225036849,7.550210333700273,51.86781609195402,11.19148394224673,13.830954207450068
pooled_holdout,en-is_IS,frozen_cross,catboost,F3,696,348,10,5,21.539312841727924,26.413578483712207,19.21782193954816,0.5329649141012303,0.5394407421994447,7.550210333700273,27.155172413793103,19.49753085352481,22.75870928519972
pooled_holdout,en-is_IS,cross_trained,catboost,F3,696,348,10,5,22.417468826915485,28.29356961484202,17.364756799519547,0.4714471591264527,0.5111966490977425,13.919168550266567,29.597701149425287,21.178966268258115,23.37503276659938
pooled_holdout,en-it_IT,same_target,mean,none,676,338,10,7,21.49723091396979,25.68256752425938,22.37325854062256,,,-1.4146786589657523,28.10650887573964,19.55745835525402,23.05856066493193
pooled_holdout,en-it_IT,cross_trained,mean,none,676,338,10,7,21.49723091396979,25.682567524259376,22.37325854062256,,,-1.4146786589657527,28.10650887573964,19.54234237436204,23.02127450611674
pooled_holdout,en-it_IT,same_target,fixed_penalty,none,676,338,10,7,23.630177514792894,32.36007657922054,20.0,0.7831568307976584,0.8584350500555148,23.588757396449704,39.05325443786983,19.8943100835818,28.17302107840784
pooled_holdout,en-it_IT,frozen_cross,fixed_penalty,none,676,338,10,7,24.92899408284024,34.36800493647558,20.0,0.2279237066348539,0.2276609429292745,23.588757396449704,39.05325443786983,20.925502489676948,29.52469043916869
pooled_holdout,en-it_IT,same_target,ridge,F1,676,338,10,7,17.73897925846371,21.393741044805974,19.69207507389437,0.7807468153958507,0.8441854512546516,1.2703133295607654,30.02958579881657,16.228082510590955,18.761033784690305
pooled_holdout,en-it_IT,frozen_cross,ridge,F1,676,338,10,7,20.40265099092507,24.94008400459775,20.83138977989473,0.2379682052899486,0.2285613438571629,1.2703133295607656,26.923076923076923,18.95111169370935,22.17277870839096
pooled_holdout,en-it_IT,cross_trained,ridge,F1,676,338,10,7,20.8155414982459,25.0900389316856,22.473242705417437,0.2377504452777354,0.2283308595618734,-0.0138612743821561,28.846153846153843,19.183947965870694,22.34815799090364
pooled_holdout,en-it_IT,same_target,ridge,F2,676,338,10,7,17.359311341153536,22.281119381141863,11.834321647597008,0.777761352303286,0.8384527676588069,8.774499806107476,25.59171597633136,15.744106423564528,19.669914132002805
pooled_holdout,en-it_IT,frozen_cross,ridge,F2,676,338,10,7,20.672144822356675,26.52273645266612,15.25049299573989,0.2255567840181408,0.2210741670316752,8.774499806107476,25.14792899408284,18.905332994495566,23.39966662726465
pooled_holdout,en-it_IT,cross_trained,ridge,F2,676,338,10,7,20.64378569825857,25.910498223845156,16.624630184969618,0.2073838992396182,0.2130017166271933,6.446380801139036,25.29585798816568,19.247723738871457,22.94354671709899
pooled_holdout,en-it_IT,same_target,ridge,F3,676,338,10,7,13.63678538871948,17.718448442292583,9.380913834505378,0.8485598996144827,0.835982518745541,7.001779942231284,51.62721893491125,12.146340649361816,15.628088458711746
pooled_holdout,en-it_IT,frozen_cross,ridge,F3,676,338,10,7,21.03685026595131,26.957247157508554,16.896220193029393,0.2183308766978626,0.203810932293664,7.001779942231283,32.39644970414201,18.77838500918673,24.04980217312461
pooled_holdout,en-it_IT,cross_trained,ridge,F3,676,338,10,7,20.34649166405739,25.48106104183428,16.753773348075427,0.2267537020552457,0.2202069071886342,5.04721030628319,25.88757396449704,18.826275877220617,22.459410658339728
pooled_holdout,en-it_IT,same_target,catboost,F1,676,338,10,7,12.966893864222724,16.79105414109342,7.355951049791273,0.7591115401972323,0.8236511283337171,0.9358403601951668,55.02958579881657,11.288651544409875,14.484138630763372
pooled_holdout,en-it_IT,frozen_cross,catboost,F1,676,338,10,7,22.445046990078666,28.276045528875464,19.399914686037533,0.1957559644734123,0.2165999231579156,0.9358403601951668,32.84023668639053,19.96403773013374,25.53763512610095
pooled_holdout,en-it_IT,cross_trained,catboost,F1,676,338,10,7,21.246697132569825,25.97844424524637,16.400366436827298,0.1712606120349004,0.1799699214226688,0.05739424256524,25.88757396449704,19.52639831582532,23.544717499188486
pooled_holdout,en-it_IT,same_target,catboost,F2,676,338,10,7,13.487871366973996,17.601079219675178,8.94119222954592,0.859211559969055,0.8711937085546817,7.765686049884739,52.81065088757396,11.874845376543076,16.026085887129533
pooled_holdout,en-it_IT,frozen_cross,catboost,F2,676,338,10,7,21.19013634349652,27.29092993867237,16.556088591458987,0.2184916173046895,0.2160981503331769,7.765686049884739,32.84023668639053,19.086436615742706,24.029056187152708
pooled_holdout,en-it_IT,cross_trained,catboost,F2,676,338,10,7,20.5835218037124,25.78295363553478,15.652788433483892,0.2159196276602424,0.2130236072205677,6.145168206737279,25.14792899408284,19.109617965417755,23.059933767066816
pooled_holdout,en-it_IT,same_target,catboost,F3,676,338,10,7,13.664531916219303,18.22361560955453,8.964197408447063,0.8532380809934444,0.8517732804679495,8.866784330968372,51.92307692307693,11.870052691272404,15.97146531976072
pooled_holdout,en-it_IT,frozen_cross,catboost,F3,676,338,10,7,21.055747400368052,27.48971925309289,15.696807393994703,0.2295112995660738,0.2421977834544193,8.866784330968374,32.69230769230769,18.790944090036525,24.032474954847977
pooled_holdout,en-it_IT,cross_trained,catboost,F3,676,338,10,7,20.39295611816588,25.781659612163143,16.21573937074585,0.2287320743411313,0.2299503195916545,6.427918228777453,26.33136094674556,18.7975938809166,22.902589441293447
pooled_holdout,en-ja_JP,same_target,mean,none,854,427,9,38,17.841104702867707,21.545144162555665,18.37325854062256,,,-11.201127393081572,37.11943793911007,17.446663468625957,18.522557610396877
pooled_holdout,en-ja_JP,cross_trained,mean,none,854,427,9,38,17.841104702867707,21.545144162555665,18.37325854062256,,,-11.201127393081572,37.11943793911007,17.47802357587577,18.48890136223059
pooled_holdout,en-ja_JP,same_target,fixed_penalty,none,854,427,9,38,15.916861826697891,23.222803337404702,10.0,0.4636238798189872,0.6026377962477373,15.823185011709604,50.0,14.313233695652174,16.655361189044758
pooled_holdout,en-ja_JP,frozen_cross,fixed_penalty,none,854,427,9,38,16.720140515222482,24.52277534331385,11.0,0.0123234479880162,0.0493770823885468,15.823185011709604,49.29742388758782,15.164116293532338,17.365163778143412
pooled_holdout,en-ja_JP,same_target,ridge,F1,854,427,9,38,14.444786721508653,17.556801583470783,13.93034264699982,0.4919292347794458,0.59925170322584,-5.771414914661353,36.4168618266979,14.134253064064737,15.04542160116126
pooled_holdout,en-ja_JP,frozen_cross,ridge,F1,854,427,9,38,16.120377740258505,19.8095577518324,15.831389779894735,0.0145660213823941,0.0485696962312768,-5.771414914661353,32.08430913348946,15.678489990740426,16.84244599443553
pooled_holdout,en-ja_JP,cross_trained,ridge,F1,854,427,9,38,16.766155441399693,20.336576209032778,17.412281158208785,0.0147558792026174,0.0485903162456049,-8.362584381567993,36.29976580796253,16.409532656510986,17.35455107144554
pooled_holdout,en-ja_JP,same_target,ridge,F2,854,427,9,38,12.145524959819312,15.333508058930194,11.834321647597008,0.5828934185348514,0.6110824299135788,1.5342786760327334,37.93911007025761,11.531129755465988,12.645750114884974
pooled_holdout,en-ja_JP,frozen_cross,ridge,F2,854,427,9,38,15.446550125663236,19.908949368207363,11.834321647597008,0.0145310300370323,0.0415553505633452,1.5342786760327334,30.913348946135837,14.701590331856217,15.829822295735346
pooled_holdout,en-ja_JP,cross_trained,ridge,F2,854,427,9,38,15.554223140616635,19.32173942695712,15.375369815030382,0.0114074531166752,0.0407042248682586,-2.106726934281128,28.57142857142857,14.998642676684105,15.912904097899553
pooled_holdout,en-ja_JP,same_target,ridge,F3,854,427,9,38,10.963282727804843,14.0213826150522,7.856953098289523,0.6709022834179768,0.4962521841118509,3.088596073381232,61.35831381733021,10.430590551390386,11.597785364098494
pooled_holdout,en-ja_JP,frozen_cross,ridge,F3,854,427,9,38,16.41075524992198,21.56682121123113,12.701891802905465,0.0340568447091122,0.0142599783263717,3.088596073381232,43.6768149882904,15.234586527805533,17.02245249551709
pooled_holdout,en-ja_JP,cross_trained,ridge,F3,854,427,9,38,15.25458453756212,19.246480487516934,14.21062397067928,0.0095527804408378,0.005867806949438,-0.0070023774916544,29.508196721311474,14.73512512066176,15.587333922702602
pooled_holdout,en-ja_JP,same_target,catboost,F1,854,427,9,38,11.0068402183809,14.12979251548786,7.032639247522468,0.6554281339206561,0.6017241498964511,1.482482662418273,62.76346604215457,10.396283187692616,11.719908027670044
pooled_holdout,en-ja_JP,frozen_cross,catboost,F1,854,427,9,38,16.966604813078334,22.60892056160188,12.967360752477532,0.056137287349184,0.0499590228854616,1.482482662418273,46.13583138173302,15.535243665635782,17.609337350391137
pooled_holdout,en-ja_JP,cross_trained,catboost,F1,854,427,9,38,16.218813398546967,20.16322679309298,15.260411135698035,0.0588238788464388,0.0537051263250861,-4.129024899551214,29.39110070257611,15.532975406665104,16.591062727221807
pooled_holdout,en-ja_JP,same_target,catboost,F2,854,427,9,38,10.639712190084715,13.772639272440726,6.1743469821276165,0.7018561653315032,0.6175003017920835,4.132110345128365,62.41217798594848,10.01236645086665,11.09897823632146
pooled_holdout,en-ja_JP,frozen_cross,catboost,F2,854,427,9,38,16.526461385479017,22.057310413974545,13.744302543125087,0.0329716820208611,0.0444447556784205,4.132110345128365,44.14519906323185,14.971120419250148,17.3130651671458
pooled_holdout,en-ja_JP,cross_trained,catboost,F2,854,427,9,38,15.351625166412989,19.147233299522373,14.652788433483892,0.0241443452734274,0.0450998429948283,-1.3320392137343515,28.10304449648712,14.781395975852956,15.69652108607758
pooled_holdout,en-ja_JP,same_target,catboost,F3,854,427,9,38,10.753265399130504,13.53873551272159,8.233000442574507,0.6994762171164495,0.5115485135795569,3.1922385728019123,62.06088992974239,10.210030841189404,11.38018445957506
pooled_holdout,en-ja_JP,frozen_cross,catboost,F3,854,427,9,38,16.66136149400777,22.16914420053522,12.855795579144868,0.0321462353106681,0.0118022074521923,3.192238572801913,44.6135831381733,15.37693561229469,17.305769743905152
pooled_holdout,en-ja_JP,cross_trained,catboost,F3,854,427,9,38,14.89732972971123,18.83401068758648,13.732958034661207,0.0062148803199355,0.0055994462061808,0.0337139202657231,29.62529274004684,14.463853890318228,15.250233702750798
pooled_holdout,en-mas_KE,same_target,mean,none,256,128,10,4,69.00564770937743,69.5985075421479,71.62674145937744,,,69.00564770937743,0.78125,67.46446668460267,69.90517788549427
pooled_holdout,en-mas_KE,cross_trained,mean,none,256,128,10,4,69.00564770937743,69.5985075421479,71.62674145937744,,,69.00564770937743,0.78125,67.71313539877137,69.89856211155136
pooled_holdout,en-mas_KE,same_target,fixed_penalty,none,256,128,10,4,92.15234375,92.70452473450256,95.0,-0.0847189825328991,0.2889637836392327,92.15234375,0.390625,90.03747712368461,93.1572322212467
pooled_holdout,en-mas_KE,frozen_cross,fixed_penalty,none,256,128,10,4,92.15234375,92.66579314261548,95.0,0.020638546918834,0.085460908639069,92.15234375,0.0,89.98480354391371,93.13131662544772
pooled_holdout,en-mas_KE,same_target,ridge,F1,256,128,10,4,71.09920479868813,71.71895261043848,73.89103402730157,-0.1634640415457178,0.154782934781422,70.94763783254247,0.0,69.270601965381,72.06953345865462
pooled_holdout,en-mas_KE,frozen_cross,ridge,F1,256,128,10,4,70.94763783254247,71.62424847792624,73.89103402730157,0.0236714905715326,0.0588595179869075,70.94763783254247,0.78125,68.6182375687856,71.96793919627926
pooled_holdout,en-mas_KE,cross_trained,ridge,F1,256,128,10,4,70.11925171716928,70.7257695801174,72.91000872886596,0.0240819277669001,0.0588595179869075,70.11925171716928,0.78125,68.20429291223783,71.0833067271566
pooled_holdout,en-mas_KE,same_target,ridge,F2,256,128,10,4,7.883643890840602,10.32493398524178,7.324763021550083,0.5812385568009678,0.1584958625131631,6.414886498184281,95.703125,7.269438971085622,9.394005320876143
pooled_holdout,en-mas_KE,frozen_cross,ridge,F2,256,128,10,4,9.790021382929988,14.27792806136476,7.324763021550083,-0.0431191054897202,-0.1160367391336757,6.41488649818428,89.453125,8.405609391454384,12.096876791616443
pooled_holdout,en-mas_KE,cross_trained,ridge,F2,256,128,10,4,21.354253262681013,22.48003048459133,21.163856706796565,-0.0402228465972741,-0.11733461164285,19.572739828943188,1.953125,20.698408981022364,22.765979445880053
pooled_holdout,en-mas_KE,same_target,ridge,F3,256,128,10,4,9.11056546846128,11.394049079148669,8.204541579710416,0.5728991124087108,0.1664423493067807,7.78676935196639,80.859375,8.109360752768806,10.907310036271646
pooled_holdout,en-mas_KE,frozen_cross,ridge,F3,256,128,10,4,11.012671024933091,15.218770923612269,8.296036382654222,-0.0555685988957054,-0.0215433705849009,7.786769351966389,75.390625,9.473299881533404,13.993194607022444
pooled_holdout,en-mas_KE,cross_trained,ridge,F3,256,128,10,4,21.760938919767355,22.96977371245382,21.986118447213254,-0.0667786129942304,0.0730618068079302,19.874950586807707,3.90625,19.88157895312973,22.69453011926471
pooled_holdout,en-mas_KE,same_target,catboost,F1,256,128,10,4,38.34751075473413,38.81945334004188,39.09560171367583,0.7547408214431902,0.3659826810054302,38.34751075473413,0.78125,37.64807488700982,39.38109493435651
pooled_holdout,en-mas_KE,frozen_cross,catboost,F1,256,128,10,4,38.867960701181765,40.26940866445472,39.09560171367583,-0.0491467935322727,-0.0154308358029845,38.34751075473413,3.125,38.27881709265884,39.64471649570954
pooled_holdout,en-mas_KE,cross_trained,catboost,F1,256,128,10,4,48.3827890484438,49.29343229289155,49.4003664368273,-0.053135253530936,-0.012855029572014,48.11092263680693,0.78125,47.98207432029914,48.94016260661615
pooled_holdout,en-mas_KE,same_target,catboost,F2,256,128,10,4,10.25256027076992,12.66682029236789,10.973484634606734,0.5394054207643576,0.1981918331014846,8.758977721037422,48.046875,9.475884992480502,12.558791249783198
pooled_holdout,en-mas_KE,frozen_cross,catboost,F2,256,128,10,4,11.563214453929245,15.924823872697065,11.973484634606734,0.0222889362541027,0.1528474845555097,8.75897772103742,46.484375,10.194808088414748,13.867580294831342
pooled_holdout,en-mas_KE,cross_trained,catboost,F2,256,128,10,4,22.06659131775928,24.17070274835053,25.737504819303325,0.1113868349670051,0.1610588377827828,20.901357394568965,5.859375,21.16547067998086,23.35254818135909
pooled_holdout,en-mas_KE,same_target,catboost,F3,256,128,10,4,11.044282437959456,13.268072197131174,9.736550582608622,0.5130456511146669,0.0857177126171136,9.571831155741686,56.640625,10.221847885786897,12.380902127218988
pooled_holdout,en-mas_KE,frozen_cross,catboost,F3,256,128,10,4,12.424712332042136,16.26830250248812,9.780106012251297,0.0005447315084476,-0.0131335713671339,9.571831155741686,53.90625,10.887744179305042,14.6057643643999
pooled_holdout,en-mas_KE,cross_trained,catboost,F3,256,128,10,4,23.05249571537152,26.10474625638201,20.731723479197576,0.0358179640761315,-0.0008381372946878,21.530911723997544,8.984375,19.980200818632,25.531783544607546
pooled_holdout,en-ru_RU,same_target,mean,none,534,267,10,6,21.210874906986984,25.17552962086629,21.62674145937744,,,-1.343295993806079,25.842696629213485,19.62599064458015,24.131795672408856
pooled_holdout,en-ru_RU,cross_trained,mean,none,534,267,10,6,21.210874906986984,25.17552962086629,21.62674145937744,,,-1.343295993806078,25.842696629213485,19.504861495828177,23.892596714216747
pooled_holdout,en-ru_RU,same_target,fixed_penalty,none,534,267,10,6,21.584269662921347,29.44619927402165,18.0,0.7176624851951909,0.8886481514926523,21.528089887640448,39.70037453183521,17.128999413516514,29.03796385036988
pooled_holdout,en-ru_RU,frozen_cross,fixed_penalty,none,534,267,10,6,22.861423220973784,31.38059229896255,18.0,0.4318093643581537,0.4452602462444149,21.528089887640448,40.262172284644194,18.315936279764184,31.02995129870129
pooled_holdout,en-ru_RU,same_target,ridge,F1,534,267,10,6,16.06729025508515,19.42308318399247,15.613457834497892,0.7096050426028425,0.8666435717149871,-1.398370411362104,30.89887640449438,15.06516870287984,17.519809424013935
pooled_holdout,en-ru_RU,frozen_cross,ridge,F1,534,267,10,6,18.68192074791583,22.625915138862474,18.546192499211088,0.4416086372140496,0.4375409984802615,-1.3983704113621038,27.52808988764045,17.33715084935361,20.94874521217781
pooled_holdout,en-ru_RU,cross_trained,ridge,F1,534,267,10,6,19.69648307353707,23.3599891784607,19.852772482415418,0.4411502896774252,0.4366240407363098,-1.368842678328941,25.842696629213485,18.19878525598753,22.16447254906776
pooled_holdout,en-ru_RU,same_target,ridge,F2,534,267,10,6,14.894070749346255,19.788800395146936,11.834321647597008,0.6630596330975586,0.8257523760189283,4.422131932399121,37.82771535580524,12.489595001185045,19.13161374199802
pooled_holdout,en-ru_RU,frozen_cross,ridge,F2,534,267,10,6,18.87123640307997,24.049820022281747,15.110492697427476,0.364376702242458,0.3609411089189087,4.422131932399121,29.21348314606741,16.561623987784827,22.938079769866818
pooled_holdout,en-ru_RU,cross_trained,ridge,F2,534,267,10,6,19.637596506180607,24.367101321634085,16.624630184969618,0.2862273274804175,0.3264707004035948,3.4030722691937814,25.842696629213485,17.332565646539216,23.60395360969552
pooled_holdout,en-ru_RU,same_target,ridge,F3,534,267,10,6,10.965752441945249,15.847321336234936,6.920555473936688,0.8053750704287972,0.8651930858741995,2.988293181546873,65.54307116104869,8.738631310799137,14.671848777717434
pooled_holdout,en-ru_RU,frozen_cross,ridge,F3,534,267,10,6,18.536453299522663,23.816418731387152,16.131989050088052,0.4064580401936343,0.3856906679498539,2.988293181546873,35.580524344569284,16.789350208237217,21.526864049667477
pooled_holdout,en-ru_RU,cross_trained,ridge,F3,534,267,10,6,19.23509280006324,23.753620758922608,16.501245127580233,0.3440188141514154,0.3601873122935725,2.6043619242000395,26.02996254681648,17.165563976785684,22.832234205265216
pooled_holdout,en-ru_RU,same_target,catboost,F1,534,267,10,6,11.46132576794668,15.249769645692936,7.032639247522468,0.800968557164126,0.8715014925191403,-1.0105711183170176,58.80149812734082,9.82470532787706,14.489293432426877
pooled_holdout,en-ru_RU,frozen_cross,catboost,F1,534,267,10,6,18.837749244748974,23.936785911253608,16.17150076634337,0.4227629969205638,0.4208080581907431,-1.0105711183170176,37.07865168539326,17.851217859163235,20.528191883560268
pooled_holdout,en-ru_RU,cross_trained,catboost,F1,534,267,10,6,19.06982336446402,23.06411422347292,16.260411135698035,0.3991918544088601,0.4007831354946397,-0.8104193385229173,28.651685393258425,17.810523803082003,21.347015246959284
pooled_holdout,en-ru_RU,same_target,catboost,F2,534,267,10,6,10.935400623414456,15.83994562592706,6.1743469821276165,0.7974835706854873,0.8753870340483076,2.9627242684283384,65.91760299625467,8.736128226540364,14.504838463452288
pooled_holdout,en-ru_RU,frozen_cross,catboost,F2,534,267,10,6,18.633267353298944,24.05456986444175,15.649157599155656,0.4042451611878344,0.3902236424216716,2.9627242684283384,36.51685393258427,17.04022455810132,21.44198202941709
pooled_holdout,en-ru_RU,cross_trained,catboost,F2,534,267,10,6,19.08310514906513,23.685959597018545,15.652788433483892,0.359245653024487,0.3707332357129436,3.2513153244842186,26.591760299625467,16.971565864385425,22.574391498836015
pooled_holdout,en-ru_RU,same_target,catboost,F3,534,267,10,6,11.092979362081214,16.29067411704748,6.339383294645714,0.7849949030215854,0.8562005858343303,3.817991788080653,63.67041198501872,8.607383280384871,15.2897441796957
pooled_holdout,en-ru_RU,frozen_cross,catboost,F3,534,267,10,6,18.70035921981429,24.291041033880457,16.16589685037954,0.4020225549224207,0.3883907753732941,3.817991788080653,36.32958801498128,16.85538974602047,21.49943413506501
pooled_holdout,en-ru_RU,cross_trained,catboost,F3,534,267,10,6,19.01554792789884,23.628715429355484,16.544063234201474,0.3702867051056477,0.3749511213523305,3.6011629826323306,25.842696629213485,16.81269681529318,23.01303213020524
pooled_holdout,en-sr_Cyrl_RS,same_target,mean,none,572,286,9,4,21.86019805749449,26.03348199835389,20.62674145937744,,,-6.478153645517663,18.35664335664336,20.036636562109877,24.461558591102506
pooled_holdout,en-sr_Cyrl_RS,cross_trained,mean,none,572,286,9,4,21.860198057494483,26.03348199835389,20.62674145937744,,,-6.478153645517663,18.35664335664336,20.05904401183137,24.31722588543476
pooled_holdout,en-sr_Cyrl_RS,same_target,fixed_penalty,none,572,286,9,4,15.68006993006993,27.458455586882216,7.0,0.3579330213881456,0.6802784975034594,13.351398601398602,61.36363636363637,11.288775262617037,21.435346958174904
pooled_holdout,en-sr_Cyrl_RS,frozen_cross,fixed_penalty,none,572,286,9,4,22.361888111888117,32.142248301482056,14.0,-0.0476239671734239,-0.1692316818850161,13.351398601398602,41.95804195804196,17.36994035008739,30.935894495412843
pooled_holdout,en-sr_Cyrl_RS,same_target,ridge,F1,572,286,9,4,21.76018730441087,26.281113547145797,20.83138977989473,0.3336826386737798,0.6404875237605536,-9.511151269775633,16.60839160839161,19.846197930136896,25.32143961263242
pooled_holdout,en-sr_Cyrl_RS,frozen_cross,ridge,F1,572,286,9,4,25.09714913682051,31.37696801895976,21.108965972698428,-0.0723118431904906,-0.1494093601934661,-9.511151269775633,21.328671328671327,22.495899974440228,30.492767647827986
pooled_holdout,en-sr_Cyrl_RS,cross_trained,ridge,F1,572,286,9,4,23.40234746797709,28.29071854146332,21.85807161275831,-0.044870695451074,-0.1488385353091113,-8.239662953109562,20.104895104895103,21.52842008285138,27.742960309479887
pooled_holdout,en-sr_Cyrl_RS,same_target,ridge,F2,572,286,9,4,23.585340133205,32.79916335073388,13.136024798227185,0.6036353365910315,0.6665070872442743,-21.53149004931858,29.37062937062937,19.850362668129986,27.881821754845053
pooled_holdout,en-sr_Cyrl_RS,frozen_cross,ridge,F2,572,286,9,4,28.926090225351512,38.28289297449867,22.016913968735125,0.3428974563103485,0.1587792769177634,-21.531490049318585,27.447552447552447,26.72423550069116,31.382949016195195
pooled_holdout,en-sr_Cyrl_RS,cross_trained,ridge,F2,572,286,9,4,26.216172402461638,33.35926529350536,20.31954166321925,0.3679420855748934,0.1721519854453863,-18.41639617985929,20.97902097902098,23.44046270571829,29.009306860161395
pooled_holdout,en-sr_Cyrl_RS,same_target,ridge,F3,572,286,9,4,24.14220386577681,32.99242953826123,16.521018414639826,0.6111684884592823,0.6549310335160138,-22.2690912496304,33.74125874125874,19.790463248922503,28.460584263679078
pooled_holdout,en-sr_Cyrl_RS,frozen_cross,ridge,F3,572,286,9,4,30.493073561713157,39.06204968620337,27.220608408074614,0.3156776586830956,0.1424114511865713,-22.2690912496304,26.573426573426573,28.846275174485413,32.54079968162083
pooled_holdout,en-sr_Cyrl_RS,cross_trained,ridge,F3,572,286,9,4,26.57476047978188,33.53228724437336,21.52621640018297,0.3566357874193509,0.1658506281610589,-18.66609859180757,22.202797202797203,23.94272328670448,29.422761102702754
pooled_holdout,en-sr_Cyrl_RS,same_target,catboost,F1,572,286,9,4,21.573427650212267,25.788777167451524,19.77195997386503,0.5839526515661574,0.7229429922403771,-14.963121361206383,28.146853146853147,18.50251101835138,23.86872723670805
pooled_holdout,en-sr_Cyrl_RS,frozen_cross,catboost,F1,572,286,9,4,27.50298093608667,33.48281669935004,23.96736075247753,0.118645925049833,-0.0441807716447295,-14.963121361206383,26.573426573426573,26.311331862142005,30.13415865565275
pooled_holdout,en-sr_Cyrl_RS,cross_trained,catboost,F1,572,286,9,4,23.869012358904023,28.49158158739478,22.388857757614105,0.1668259081410543,-0.0210851334919193,-11.606842845619866,22.727272727272727,22.33541634154699,26.446420195647228
pooled_holdout,en-sr_Cyrl_RS,same_target,catboost,F2,572,286,9,4,22.198374052305383,29.818781456814524,16.788271089983652,0.6572716731137886,0.7744731352420944,-19.50420833438109,32.86713286713287,18.091175278430285,24.63775027783424
pooled_holdout,en-sr_Cyrl_RS,frozen_cross,catboost,F2,572,286,9,4,29.336300544443976,38.010247523950426,24.825653017872384,0.2736845761252306,0.0628592291773637,-19.50420833438109,27.7972027972028,28.04584894327754,31.16633184980076
pooled_holdout,en-sr_Cyrl_RS,cross_trained,catboost,F2,572,286,9,4,25.803244720405957,32.25037854960364,22.9895480162278,0.3514716420970556,0.176856467941269,-17.189858704633334,23.251748251748253,24.111794019548093,27.306874491733048
pooled_holdout,en-sr_Cyrl_RS,same_target,catboost,F3,572,286,9,4,20.92815803225193,28.75244066931082,14.93485272028562,0.6581285531518867,0.745043682692615,-18.10294316885381,35.66433566433567,17.149057289198282,23.54568892232029
pooled_holdout,en-sr_Cyrl_RS,frozen_cross,catboost,F3,572,286,9,4,28.60340647593557,36.944702463472005,24.87454798307581,0.2818933349945254,0.079195909279044,-18.10294316885381,27.447552447552447,27.59614522819067,30.25099630552451
pooled_holdout,en-sr_Cyrl_RS,cross_trained,catboost,F3,572,286,9,4,24.51533095598612,30.893955118288343,20.734381627144984,0.3633024855994213,0.1750259665222881,-15.358844561815763,23.6013986013986,23.039602375344256,26.230651914382037
pooled_holdout,en-uk_UA,same_target,mean,none,466,233,10,2,18.43681738018836,19.87049957953377,20.37325854062256,,,-17.16081218869122,15.879828326180256,15.444112307714734,20.16033859707525
pooled_holdout,en-uk_UA,cross_trained,mean,none,466,233,10,2,18.43681738018836,19.87049957953377,20.37325854062256,,,-17.16081218869122,15.879828326180256,15.41078643799503,20.231225097544907
pooled_holdout,en-uk_UA,same_target,fixed_penalty,none,466,233,10,2,9.892703862660944,12.750157787460916,8.0,0.6783856516850852,0.7597690624596687,9.888412017167385,64.37768240343348,8.167083333333334,12.96075668896321
pooled_holdout,en-uk_UA,frozen_cross,fixed_penalty,none,466,233,10,2,10.158798283261802,13.735546441678329,7.0,0.3100230839943372,0.3359058620303513,9.888412017167385,64.59227467811158,8.457523750907427,13.125434602649008
pooled_holdout,en-uk_UA,same_target,ridge,F1,466,233,10,2,12.60368458973534,13.73069316329623,12.831389779894735,0.7224279698004947,0.7605424799644848,-11.503796111277907,29.82832618025751,10.730271687037256,13.78851214671922
pooled_holdout,en-uk_UA,frozen_cross,ridge,F1,466,233,10,2,13.595686542398909,14.971831623727986,14.108965972698428,0.3154833529806851,0.3350086289552416,-11.503796111277907,27.253218884120173,12.10047619874137,14.551960317935691
pooled_holdout,en-uk_UA,cross_trained,ridge,F1,466,233,10,2,15.778074954690709,17.10510983305371,17.412281158208785,0.3149404584589194,0.3350112570178346,-14.192112152276165,20.3862660944206,13.562176773949307,17.194755480162954
pooled_holdout,en-uk_UA,same_target,ridge,F2,466,233,10,2,6.099517755106198,7.554073140774278,5.834321647597008,0.7683168565332501,0.7643192218975966,-3.0617358700312014,85.1931330472103,5.151691423266113,6.6185249721898805
pooled_holdout,en-uk_UA,frozen_cross,ridge,F2,466,233,10,2,8.12442824953452,10.217859273547168,6.834321647597008,0.3078001731285716,0.3297421238373363,-3.0617358700312014,71.67381974248927,7.737249846355604,8.991389058747673
pooled_holdout,en-uk_UA,cross_trained,ridge,F2,466,233,10,2,10.364177212635902,11.820324159291156,10.624630184969618,0.2932165097628891,0.3237792654932532,-6.921422579567906,46.56652360515021,9.174640265779356,11.003889057056709
pooled_holdout,en-uk_UA,same_target,ridge,F3,466,233,10,2,4.582626538186157,6.23196146496446,3.4760138020102858,0.8087683634364803,0.6096961158584344,-0.4854122966087572,91.63090128755364,4.116628177792318,5.44686227728789
pooled_holdout,en-uk_UA,frozen_cross,ridge,F3,466,233,10,2,8.2460657682116,11.569902595285749,5.851372616668044,0.3379756585968363,0.2391699078203396,-0.4854122966087569,72.1030042918455,6.906313260653215,10.554312359714457
pooled_holdout,en-uk_UA,cross_trained,ridge,F3,466,233,10,2,10.27228458141951,11.781210337119,10.10111452814516,0.3243044014902408,0.2968760146690637,-6.898447708782998,49.35622317596567,9.342770348221322,11.098105673295349
pooled_holdout,en-uk_UA,same_target,catboost,F1,466,233,10,2,6.541413497289585,10.61305863275726,4.032639247522468,0.754668768933011,0.7566379089686797,-4.136969608564525,84.33476394849787,5.338836810842508,8.8228243807374
pooled_holdout,en-uk_UA,frozen_cross,catboost,F1,466,233,10,2,10.262491643423886,15.521596608084907,5.967360752477532,0.3218289293424207,0.3328872714305229,-4.136969608564526,67.16738197424893,8.244550566761115,14.07002373450935
pooled_holdout,en-uk_UA,cross_trained,catboost,F1,466,233,10,2,12.381485949409477,14.932169842539816,11.260411135698035,0.3010787577814987,0.3121457984274722,-9.93352211238042,41.41630901287554,12.076623382834788,12.845211178214964
pooled_holdout,en-uk_UA,same_target,catboost,F2,466,233,10,2,4.189979152647411,5.953429110942433,3.1743469821276165,0.8126169268570868,0.7645236924960785,0.0204634933545805,92.06008583690986,3.8075687762404526,4.93146367649481
pooled_holdout,en-uk_UA,frozen_cross,catboost,F2,466,233,10,2,7.780210124740202,11.331879022199976,5.630847235843248,0.314002699634431,0.3311158624122769,0.0204634933545805,74.0343347639485,6.4726567703642415,10.006161737128211
pooled_holdout,en-uk_UA,cross_trained,catboost,F2,466,233,10,2,10.040715192069552,11.650834216015138,9.652788433483892,0.2639454408742629,0.3210817343815993,-6.369734397616787,51.50214592274678,9.1931063226991,10.488608870902755
pooled_holdout,en-uk_UA,same_target,catboost,F3,466,233,10,2,4.226974747458862,6.040303073674568,3.017970764152309,0.814095947787676,0.7026864422177678,1.2315887346637158,92.06008583690986,3.718898778867771,5.102979079537267
pooled_holdout,en-uk_UA,frozen_cross,catboost,F3,466,233,10,2,7.693856240962056,11.285073396509397,4.83065599423945,0.322002151486679,0.3866337864243239,1.2315887346637158,74.67811158798283,6.33383238803479,10.019902556257296
pooled_holdout,en-uk_UA,cross_trained,catboost,F3,466,233,10,2,9.78396720867529,11.392970188814983,9.597021582856584,0.2713360406620814,0.3260369569615094,-5.8675510041969385,51.07296137339056,9.306948312921092,10.317256229486478
pooled_holdout,en-zh_CN,same_target,mean,none,566,283,9,35,20.00752457324304,23.569234094722937,21.37325854062256,,,-10.583505890445878,25.08833922261484,19.03330312277172,22.01776139574256
pooled_holdout,en-zh_CN,cross_trained,mean,none,566,283,9,35,20.00752457324304,23.569234094722937,21.37325854062256,,,-10.583505890445878,25.08833922261484,19.098443417989916,21.880702758716705
pooled_holdout,en-zh_CN,same_target,fixed_penalty,none,566,283,9,35,15.287985865724382,23.695394730807152,9.0,0.5937782821642471,0.6882522525186365,15.07243816254417,54.06360424028268,14.010968010990087,16.619394770306787
pooled_holdout,en-zh_CN,frozen_cross,fixed_penalty,none,566,283,9,35,16.761484098939928,26.134302492786222,10.0,0.0819322754251787,0.1254694652739038,15.07243816254417,53.88692579505301,15.248633720930233,18.733606235606118
pooled_holdout,en-zh_CN,same_target,ridge,F1,566,283,9,35,16.45730501627706,19.96193903848404,15.831389779894735,0.478466612218396,0.6775822515817699,-7.357994035832407,28.975265017667844,15.5975714155706,17.596385560713475
pooled_holdout,en-zh_CN,frozen_cross,ridge,F1,566,283,9,35,18.697179416496613,23.206817416663547,17.784460072316534,0.0888700372466244,0.1282798079015689,-7.357994035832405,27.208480565371023,17.910678392850993,20.724200976754023
pooled_holdout,en-zh_CN,cross_trained,ridge,F1,566,283,9,35,19.18233833178416,22.968286727929947,19.412281158208785,0.0868287508996578,0.1283728636935013,-8.925419263525434,26.14840989399293,18.34432247138535,20.936489932985104
pooled_holdout,en-zh_CN,same_target,ridge,F2,566,283,9,35,13.374536946099823,18.439281749887293,11.834321647597008,0.4958720937835569,0.6691085108297014,-1.1200046563063837,40.282685512367486,12.60655560336121,14.368928638702894
pooled_holdout,en-zh_CN,frozen_cross,ridge,F2,566,283,9,35,17.282326398702647,23.631770732815077,11.834321647597008,0.0815348737978815,0.1294200515090886,-1.1200046563063832,35.3356890459364,16.16209197208181,19.037646160335026
pooled_holdout,en-zh_CN,cross_trained,ridge,F2,566,283,9,35,17.33672543554208,22.475709198403653,15.624630184969618,0.0742265740622782,0.1310297068363024,-3.5603423013043414,29.328621908127207,16.152840738002773,19.05668918887968
pooled_holdout,en-zh_CN,same_target,ridge,F3,566,283,9,35,11.45147117535044,15.863316438448216,7.844490032736374,0.6591414796430549,0.5999766374542742,0.4980796751283002,61.83745583038869,10.778471106504943,12.74481444341906
pooled_holdout,en-zh_CN,frozen_cross,ridge,F3,566,283,9,35,17.676710193175843,24.351450771743835,12.2790003069411,0.1057639541629167,0.10554736256087,0.4980796751283001,43.28621908127209,16.408067932980348,19.74987019429957
pooled_holdout,en-zh_CN,cross_trained,ridge,F3,566,283,9,35,16.35663437674984,21.61724490235279,13.954386511630004,0.1013542502727081,0.0830387478686119,-0.8454982902095179,33.39222614840989,15.27636676669496,18.89494731112388
pooled_holdout,en-zh_CN,same_target,catboost,F1,566,283,9,35,11.067614278714595,14.670504761201954,7.032639247522468,0.7219525483487522,0.6958595216648471,-1.546784554382128,62.36749116607774,10.154710810478663,12.16230483314897
pooled_holdout,en-zh_CN,frozen_cross,catboost,F1,566,283,9,35,18.4556812297834,25.094421937323244,12.967360752477532,0.1031806099008569,0.1195047364114987,-1.546784554382128,45.58303886925796,17.282052634612523,20.72089676748606
pooled_holdout,en-zh_CN,cross_trained,catboost,F1,566,283,9,35,17.97309870208316,22.70049181897428,16.260411135698035,0.0980214042531776,0.1198073091396269,-5.314909186356179,28.4452296819788,16.851022413272673,20.389988111282413
pooled_holdout,en-zh_CN,same_target,catboost,F2,566,283,9,35,11.118088060733204,15.559652640323272,6.1743469821276165,0.6772347122766168,0.6915809564262902,0.9588923486660303,65.19434628975264,10.310935231212028,12.172959726369983
pooled_holdout,en-zh_CN,frozen_cross,catboost,F2,566,283,9,35,17.71919541310697,24.81745116772035,11.825653017872384,0.097481217991451,0.1235265122141936,0.95889234866603,45.936395759717314,16.57948761569711,19.58617903318792
pooled_holdout,en-zh_CN,cross_trained,catboost,F2,566,283,9,35,17.00177768489716,22.138147349908994,14.652788433483892,0.0791151451914944,0.1142340162523202,-2.67759581710383,30.918727915194346,15.723883618609,18.886977852654688
pooled_holdout,en-zh_CN,same_target,catboost,F3,566,283,9,35,10.952416367076854,14.777267779016094,8.062078891723473,0.7128631964916274,0.6346105431160972,0.0556658090033475,66.78445229681978,10.21839558125937,12.154079073866695
pooled_holdout,en-zh_CN,frozen_cross,catboost,F3,566,283,9,35,17.949942978358617,24.938597847891145,11.949870803847348,0.0948121715972707,0.1162276647366212,0.0556658090033476,45.75971731448763,16.557129526907737,20.56619986761828
pooled_holdout,en-zh_CN,cross_trained,catboost,F3,566,283,9,35,15.997255609777564,21.470821546244203,13.297124527467249,0.0617698729884606,0.08556545260826,0.240793949549861,33.03886925795053,15.010533658278424,18.06318053906817
en_bho_cv,en-bho_IN,human_baseline,input_annotator_a,human_score_a,4600,2300,50,4,22.70391304347826,30.445268069538933,18.0,0.4902317551787304,0.3869212911711505,0.0,37.826086956521735,20.09840501257949,24.822907958454987
pooled_holdout,ALL_ESA,human_baseline,input_annotator_a,human_score_a,8588,4294,149,148,17.886585933861202,24.74773046196691,14.0,0.6623985216749088,0.48770292804798093,0.0,43.875174662319516,16.66069917250528,19.141987778820415
pooled_holdout,cs-de_DE,human_baseline,input_annotator_a,human_score_a,764,382,19,12,16.612565445026178,24.177896530266487,10.0,0.3861267447982087,0.23208315851337433,0.0,51.30890052356021,14.092487238979118,19.43758616751796
pooled_holdout,cs-uk_UA,human_baseline,input_annotator_a,human_score_a,596,298,19,7,14.154362416107382,18.92780349027438,12.0,0.3908348852662314,0.22298415517815112,0.0,47.31543624161073,12.255387073119632,15.921551638530287
pooled_holdout,en-ar_EG,human_baseline,input_annotator_a,human_score_a,470,235,10,3,7.2042553191489365,17.984035473577492,0.0,0.8620494743695072,0.7019119966569253,0.0,80.85106382978722,5.142821898496241,11.481811203800255
pooled_holdout,en-cs_CZ,human_baseline,input_annotator_a,human_score_a,1234,617,14,17,17.280388978930308,22.631785854329742,14.0,0.2368384962457431,0.2413859531447705,0.0,40.356564019448946,15.589212434876409,18.689975012408222
pooled_holdout,en-et_EE,human_baseline,input_annotator_a,human_score_a,904,452,10,8,22.307522123893804,28.229346745879813,18.0,0.34693884591102075,0.35746821563969144,0.0,32.30088495575221,19.124836011585206,26.284997565725416
pooled_holdout,en-is_IS,human_baseline,input_annotator_a,human_score_a,696,348,10,5,19.186781609195403,23.874492231466302,17.0,0.6028707934262961,0.6013765407704952,0.0,32.4712643678161,17.462447134919977,21.428182939213695
pooled_holdout,en-it_IT,human_baseline,input_annotator_a,human_score_a,676,338,10,7,25.550295857988164,32.51344737727806,21.0,0.19621686485579903,0.17486482324016175,0.0,28.994082840236686,22.736936575052855,28.933288995215314
pooled_holdout,en-ja_JP,human_baseline,input_annotator_a,human_score_a,854,427,9,38,20.07728337236534,26.438342392777802,18.0,-0.03178064021335969,-0.06169203144695834,0.0,35.597189695550355,17.64091836734694,21.1085257933365
pooled_holdout,en-mas_KE,human_baseline,input_annotator_a,human_score_a,256,128,10,4,4.7890625,13.073410515240466,0.0,-0.039966917220073464,0.24912358355294112,0.0,87.5,2.75431513566525,7.941206709956709
pooled_holdout,en-ru_RU,human_baseline,input_annotator_a,human_score_a,534,267,10,6,21.363295880149813,27.67548706472323,18.0,0.3940434072237859,0.39350071898782163,0.0,35.2059925093633,19.274241957697434,24.974603990810984
pooled_holdout,en-sr_Cyrl_RS,human_baseline,input_annotator_a,human_score_a,572,286,9,4,19.454545454545453,25.512783029338408,15.0,0.4881039906422421,0.08948007894010916,0.0,39.16083916083916,16.771708635394457,22.619404761904764
pooled_holdout,en-uk_UA,human_baseline,input_annotator_a,human_score_a,466,233,10,2,8.261802575107296,11.131095523516455,6.0,0.38261291973963457,0.32837535306007803,0.0,74.2489270386266,7.308384420817971,9.884706703910615
pooled_holdout,en-zh_CN,human_baseline,input_annotator_a,human_score_a,566,283,9,35,21.593639575971732,29.84204589468041,15.0,-0.004003742779221701,-0.025939919851825637,0.0,38.16254416961131,20.270406949577335,25.027532453713558
