experiment_scope,fold,regime,model,feature_set,alpha,validation_rmse,iterations,train_documents,validation_documents,test_documents,train_rows,validation_rows,test_pairs,depth,l2_leaf_reg
en_bho_cv,fold_1,same,ridge,F1,100.0,30.45101456187387,,39,10,1,3300,274,1026,,
en_bho_cv,fold_1,same,catboost,F1,,24.350681915911206,500.0,39,10,1,3300,274,1026,4.0,3.0
en_bho_cv,fold_1,cross,ridge,F1,1000.0,31.774657637123813,,39,10,1,3300,274,1026,,
en_bho_cv,fold_1,cross,catboost,F1,,28.520169484440714,500.0,39,10,1,3300,274,1026,4.0,3.0
en_bho_cv,fold_1,same,ridge,F2,0.01,15.89743348479585,,39,10,1,3300,274,1026,,
en_bho_cv,fold_1,same,catboost,F2,,14.525013467217653,313.0,39,10,1,3300,274,1026,4.0,3.0
en_bho_cv,fold_1,cross,ridge,F2,100.0,23.94013634471133,,39,10,1,3300,274,1026,,
en_bho_cv,fold_1,cross,catboost,F2,,23.709651757908023,146.0,39,10,1,3300,274,1026,3.0,3.0
en_bho_cv,fold_1,same,ridge,F3,0.01,15.422286936358953,,39,10,1,3300,274,1026,,
en_bho_cv,fold_1,same,catboost,F3,,14.123058615988134,265.0,39,10,1,3300,274,1026,4.0,3.0
en_bho_cv,fold_1,cross,ridge,F3,1000.0,23.638398690258384,,39,10,1,3300,274,1026,,
en_bho_cv,fold_1,cross,catboost,F3,,23.438246539417925,120.0,39,10,1,3300,274,1026,3.0,3.0
en_bho_cv,fold_2,same,ridge,F1,1000.0,36.59254447111307,,32,8,10,3242,454,904,,
en_bho_cv,fold_2,same,catboost,F1,,29.516154080457916,465.0,32,8,10,3242,454,904,4.0,3.0
en_bho_cv,fold_2,cross,ridge,F1,1000.0,37.002577126151856,,32,8,10,3242,454,904,,
en_bho_cv,fold_2,cross,catboost,F1,,32.46980093592101,500.0,32,8,10,3242,454,904,4.0,3.0
en_bho_cv,fold_2,same,ridge,F2,0.01,17.05139080161877,,32,8,10,3242,454,904,,
en_bho_cv,fold_2,same,catboost,F2,,15.182181754501746,394.0,32,8,10,3242,454,904,4.0,3.0
en_bho_cv,fold_2,cross,ridge,F2,10.0,24.883685326368106,,32,8,10,3242,454,904,,
en_bho_cv,fold_2,cross,catboost,F2,,25.25584554781633,162.0,32,8,10,3242,454,904,4.0,8.0
en_bho_cv,fold_2,same,ridge,F3,10.0,17.33341421751481,,32,8,10,3242,454,904,,
en_bho_cv,fold_2,same,catboost,F3,,15.336559896772073,337.0,32,8,10,3242,454,904,3.0,3.0
en_bho_cv,fold_2,cross,ridge,F3,0.01,25.068349700962216,,32,8,10,3242,454,904,,
en_bho_cv,fold_2,cross,catboost,F3,,25.392703737183517,129.0,32,8,10,3242,454,904,3.0,3.0
en_bho_cv,fold_3,same,ridge,F1,100.0,32.883063303488036,,29,8,13,2950,736,914,,
en_bho_cv,fold_3,same,catboost,F1,,27.10653086593575,487.0,29,8,13,2950,736,914,4.0,3.0
en_bho_cv,fold_3,cross,ridge,F1,1000.0,33.34367427276138,,29,8,13,2950,736,914,,
en_bho_cv,fold_3,cross,catboost,F1,,29.950605407035578,497.0,29,8,13,2950,736,914,4.0,8.0
en_bho_cv,fold_3,same,ridge,F2,0.01,14.38487301111181,,29,8,13,2950,736,914,,
en_bho_cv,fold_3,same,catboost,F2,,13.060020770723693,282.0,29,8,13,2950,736,914,4.0,3.0
en_bho_cv,fold_3,cross,ridge,F2,0.01,21.953081604017264,,29,8,13,2950,736,914,,
en_bho_cv,fold_3,cross,catboost,F2,,22.234571448006953,227.0,29,8,13,2950,736,914,4.0,8.0
en_bho_cv,fold_3,same,ridge,F3,10.0,14.138653657052247,,29,8,13,2950,736,914,,
en_bho_cv,fold_3,same,catboost,F3,,13.159320952678607,278.0,29,8,13,2950,736,914,3.0,3.0
en_bho_cv,fold_3,cross,ridge,F3,0.01,22.025545572473042,,29,8,13,2950,736,914,,
en_bho_cv,fold_3,cross,catboost,F3,,22.215450051913344,214.0,29,8,13,2950,736,914,4.0,3.0
en_bho_cv,fold_4,same,ridge,F1,0.01,30.95926976245389,,30,8,12,3046,724,830,,
en_bho_cv,fold_4,same,catboost,F1,,24.232096941398662,500.0,30,8,12,3046,724,830,4.0,3.0
en_bho_cv,fold_4,cross,ridge,F1,10.0,31.549514057863206,,30,8,12,3046,724,830,,
en_bho_cv,fold_4,cross,catboost,F1,,28.41418788975676,497.0,30,8,12,3046,724,830,4.0,3.0
en_bho_cv,fold_4,same,ridge,F2,100.0,15.353288158463382,,30,8,12,3046,724,830,,
en_bho_cv,fold_4,same,catboost,F2,,15.013325931245257,248.0,30,8,12,3046,724,830,3.0,3.0
en_bho_cv,fold_4,cross,ridge,F2,100.0,23.452538023802777,,30,8,12,3046,724,830,,
en_bho_cv,fold_4,cross,catboost,F2,,23.602522165705984,94.0,30,8,12,3046,724,830,4.0,3.0
en_bho_cv,fold_4,same,ridge,F3,100.0,15.079578921843215,,30,8,12,3046,724,830,,
en_bho_cv,fold_4,same,catboost,F3,,14.315053866154464,303.0,30,8,12,3046,724,830,4.0,8.0
en_bho_cv,fold_4,cross,ridge,F3,100.0,23.43928598183533,,30,8,12,3046,724,830,,
en_bho_cv,fold_4,cross,catboost,F3,,23.24539894797267,104.0,30,8,12,3046,724,830,4.0,8.0
en_bho_cv,fold_5,same,ridge,F1,1000.0,29.987799636342775,,28,8,14,3340,334,926,,
en_bho_cv,fold_5,same,catboost,F1,,23.14758107223146,475.0,28,8,14,3340,334,926,4.0,3.0
en_bho_cv,fold_5,cross,ridge,F1,1000.0,30.49504643222949,,28,8,14,3340,334,926,,
en_bho_cv,fold_5,cross,catboost,F1,,26.346271411358256,496.0,28,8,14,3340,334,926,4.0,3.0
en_bho_cv,fold_5,same,ridge,F2,100.0,14.49150012581652,,28,8,14,3340,334,926,,
en_bho_cv,fold_5,same,catboost,F2,,12.905118839509267,355.0,28,8,14,3340,334,926,3.0,3.0
en_bho_cv,fold_5,cross,ridge,F2,0.01,19.943395970323287,,28,8,14,3340,334,926,,
en_bho_cv,fold_5,cross,catboost,F2,,20.165806469399577,111.0,28,8,14,3340,334,926,4.0,8.0
en_bho_cv,fold_5,same,ridge,F3,100.0,14.30600961011434,,28,8,14,3340,334,926,,
en_bho_cv,fold_5,same,catboost,F3,,12.610302495096692,496.0,28,8,14,3340,334,926,3.0,3.0
en_bho_cv,fold_5,cross,ridge,F3,100.0,20.194303463420237,,28,8,14,3340,334,926,,
en_bho_cv,fold_5,cross,catboost,F3,,20.22981760145469,96.0,28,8,14,3340,334,926,4.0,8.0
pooled_holdout,holdout,same,ridge,F1,0.01,25.578412213225167,,560,119,149,43498,9412,8588,,
pooled_holdout,holdout,same,catboost,F1,,20.808113817931336,116.0,560,119,149,43498,9412,8588,4.0,3.0
pooled_holdout,holdout,cross,ridge,F1,1000.0,27.638535262980227,,560,119,149,43498,9412,8588,,
pooled_holdout,holdout,cross,catboost,F1,,25.598595907860794,123.0,560,119,149,43498,9412,8588,4.0,8.0
pooled_holdout,holdout,same,ridge,F2,0.01,16.84894707815433,,560,119,149,43498,9412,8588,,
pooled_holdout,holdout,same,catboost,F2,,15.217251217020266,498.0,560,119,149,43498,9412,8588,4.0,3.0
pooled_holdout,holdout,cross,ridge,F2,0.01,22.318005034274663,,560,119,149,43498,9412,8588,,
pooled_holdout,holdout,cross,catboost,F2,,22.04114179681478,500.0,560,119,149,43498,9412,8588,4.0,3.0
pooled_holdout,holdout,same,ridge,F3,100.0,15.557696986560464,,560,119,149,43498,9412,8588,,
pooled_holdout,holdout,same,catboost,F3,,15.004750480208214,498.0,560,119,149,43498,9412,8588,4.0,8.0
pooled_holdout,holdout,cross,ridge,F3,100.0,22.027142394287242,,560,119,149,43498,9412,8588,,
pooled_holdout,holdout,cross,catboost,F3,,21.731554139684178,453.0,560,119,149,43498,9412,8588,4.0,3.0
