analysis_scope,analysis_type,annotation_id,doc_id,doc_group_id,segment_id,language_pair,system_name,annotator_id,src_text,target_text,error_spans_json,n_minor,n_major,n_total,score,predicted_score,absolute_error
en_bho_cv,ten_largest_catboost_F3_errors,en-bho_IN_#_speech_#_vid_2cLeDVfEqG4_#_0::Algharb::0,en-bho_IN_#_speech_#_vid_2cLeDVfEqG4_#_0,en-bho_IN:::speech:::vid_2cLeDVfEqG4,0,en-bho_IN,Algharb,en-bho_#_annotator1,"Curve line up, down, connect on the left, and i'm going to go one, two, three, four little dots, and on the right -hand side, i'm going to do it again. I draw a curve line up, over, curve line in, connect, and i'm going to draw one, two, three, four little dots. I come all the way up to the top, and i'm going to draw a straight line, straight line, keep going, keep going, all the way across to divide up that space, and then i come down to the bottom, and i do straight line, straight line, straight line, all the way across.","गोलाई में लकीर ऊपर, नीचे, बायाँ ओर से जोड़ दीं, आ हम एक, दू, तीन, चार गो छोट-छोट बिंदु बनाइब, आ दाहिना ओर हम फेर से अइसही करब। हम एगो गोलाई में लकीर ऊपर, ओहि पर से, गोलाई में अंदर खींच के जोड़ देब, आ हम एक, दू, तीन, चार गो छोट-छोट बिंदु बनाइब। हम एकदम ऊपर आके, एगो सोझ लकीर खींचब, सोझ लकीर, खींचत जाईं, खींचत जाईं, पूरा ओह पार तक ताकि उ जगह बँटा जाए, आ फेर हम नीचे आके, सोझ लकीर, सोझ लकीर, सोझ लकीर, पूरा ओह पार तक खींचब।",[],0,0,0,0.0,98.0164231740306,98.0164231740306
en_bho_cv,ten_largest_catboost_F3_errors,en-bho_IN_#_speech_#_vid_2cLeDVfEqG4_#_0::COILD-BHO::0,en-bho_IN_#_speech_#_vid_2cLeDVfEqG4_#_0,en-bho_IN:::speech:::vid_2cLeDVfEqG4,0,en-bho_IN,COILD-BHO,en-bho_#_annotator1,"Curve line up, down, connect on the left, and i'm going to go one, two, three, four little dots, and on the right -hand side, i'm going to do it again. I draw a curve line up, over, curve line in, connect, and i'm going to draw one, two, three, four little dots. I come all the way up to the top, and i'm going to draw a straight line, straight line, keep going, keep going, all the way across to divide up that space, and then i come down to the bottom, and i do straight line, straight line, straight line, all the way across.","सीधी लईन, सीधी लईन, सीधी लईन, पूरे तरे से नीचे ले जात हईं अउर फिनू हम उप्पर आवत हईं, अउर हम एक सीधी लईन खींचत हईं हम पूरे तरे से नीचे ले जात हईं अउर फिनू हम उप्पर आवत हईं, अउर हम एक सीधी लईन खींचत हईं हम पूरे तरे से नीचे ले जात हईं अउर फिनू हम उप्पर आवत हईं, अउर हम एक सीधी लईन खींचत हईं हम पूरे तरे से नीचे ले जात हईं अउर फिनू हम उप्पर आवत हईं, अउर हम एक सीधी लईन खींचत हईं हम पूरे तरे से नीचे ले जात हईं",[],0,0,0,0.0,98.0164231740306,98.0164231740306
en_bho_cv,ten_largest_catboost_F3_errors,en-bho_IN_#_literary_#_rink_rats_chapter2_#_18::Shy::0,en-bho_IN_#_literary_#_rink_rats_chapter2_#_18,en-bho_IN:::literary:::rink_rats_chapter2,18,en-bho_IN,Shy,en-bho_#_annotator3,"Declan didn’t even realize he was nodding until the motion was halfway done.
Something about the way Kyle spoke; calm, direct, like he actually got it. It cut through the usual static in Declan’s brain. He didn’t know what was happening, not really. Just that, for some reason, this guy already had a kind of hold on him. Not in a forced way. Just…steady. Solid. Like someone who meant what he said and wouldn’t flake the second things got hard.
No adult had ever made him feel that before. Not a teacher. Not a coach. Not even his own dad. ","डेक्लन को एहसास भी न हुआ कि वह सिर हिला रहा है, जब तक कि वह हरकत पूरी न हो।  
काइल के बोलने के तरीके में कुछ ऐसा था; शांत, सीधा, जैसे वह वास्तव में सब कुछ समझ रहा हो। यह डेक्लन के दिमाग में चल रहे सभी विचारों एवं उलझनों को पूरी तरह ध्वस्त कर दिया। वह नहीं जानता था कि क्या हो रहा है, वास्तव में नहीं। बस इतना ही कि, किसी वजह से, यह आदमी पहले से ही उस पर प्रभाव डाल चुका था। जबरदस्ती से नहीं। बस... स्थिर, मजबूत। ऐसा कोई व्यक्ति जो अपनी बात पर विश्वास रखे एवं मुश्किलों में भी पीछे न हटे।  
कोई भी वयस्क पहले कभी उसे ऐसा महसूस कराया न था। न कोई शिक्षक, न कोई कोच, न ही उसका अपना पिता।",[],0,0,0,0.0,97.40004572853684,97.40004572853684
en_bho_cv,ten_largest_catboost_F3_errors,en-bho_IN_#_speech_#_vid_JoTLTGv8kqA_#_0::SalamandraTA::0,en-bho_IN_#_speech_#_vid_JoTLTGv8kqA_#_0,en-bho_IN:::speech:::vid_JoTLTGv8kqA,0,en-bho_IN,SalamandraTA,en-bho_#_annotator1,"Just barely see the heads of those screws. So it's coming out nice and level really flow is good let's watch these guys as they come in here right up this end be good that's two bags right there, so we'll dump that out like that and then i'll i'll move it around with my magic trial here you could use a gauge rake if the floor was more level but this floor is really out of level and then i got a screw head right there if you can see it the stuff's almost there. I'll just level off to those screw heads as i go. I got another screw head there i got another one there. So i'm just i'm just kind of moving it around leveling it to the screw heads","जहां-कहां के पड़े के सिर देखल जा सकेला। इ सब ठीक आ स्तर पर निकलत बा, वास्तविक प्रवाह बहुत अच्छा बा, हमन के देखना चाहिं जब लोग यहां से अंदर आए अंत में बढ़िया हो गइल बा, ई दो बैग रहे, एही से हमने उसे बाहर निकाल देहलें अउर फिर मैं अपने जांच के जरुरत करे खातिर एगो गेज राके इस्तेमाल कर सकेले, अगर फोर के स्तर अधिक हो गइल बा, लेकिन ई मंजिल वास्तविक स्तर से बाहर होला, तब मुझे एक पड़े के सिर मिल गइल बा, अगर आप देख सकेलें, तो सामान लगभग पूरा हो गइल बा। मैं कउनो भी पड़े के सिर के ऊपर खड़े वाला हूं, वहां से दू गो पड़े के सिर मिलल बा। एसे मे बस पड़े के सिर के ऊपर खड़े वाला हूं, जब मैं चलेला। मुझे दूसरा पड़े के सिर मिले, दू गो पड़े के सिर मिले। इ सब ठीक आ स्तर पर निकलत बा, वास्तविक प्रवाह बहुत अच्छा बा, हमन के देखना चाहिं जब लोग यहां से अंदर आए अंत में बढ़िया हो गइल बा, ई दो बैग",[],0,0,0,0.0,96.03007184237498,96.03007184237498
en_bho_cv,ten_largest_catboost_F3_errors,en-bho_IN_#_speech_#_vid_v2NNTNAXRWY_#_0::Algharb::0,en-bho_IN_#_speech_#_vid_v2NNTNAXRWY_#_0,en-bho_IN:::speech:::vid_v2NNTNAXRWY,0,en-bho_IN,Algharb,en-bho_#_annotator1,"Let me show you the rest so i have this pair from h &m and i got the same exact pair but in red it's christmasy for this time of year, but also you could wear red anytime red is a universal color it's not like you just need to wear it in december and i've been obsessed with red burgundy like all those colors lately so it's very on point for me right now, but look at how cute let me give you guys a close -up look at how freaking cute and you can see the material. It's very loungey very soft they're low -waisted which i love and these are the exact same pants i have on right now i got these in an extra small. I am so obsessed. They're just so freaking comfortable i think i got them for 30 something dollars on sale and then as you could see the red matching top as i'm literally wearing right now. If you take a closer look at the material it's like super cute","Toh chaliye, hum rauwa log ke baki ke chij dekhawatani, hamare paas H&M se e jodi ba aur hum ekdam oisane hi एगो jodi lele bani, lekin laal rang me. E saal ke ee samay khatir Christmas jaisan ba, lekin laal rang kabo bhi pahiral ja sakela, laal एगो universal rang ha, e oisan naikhe ki bas December me hi pahire ke ba. Aur aajkal hum laal, burgundy, e sab rang ke diwana ho gail bani, toh abhi e hamare khatir ekdam sahi ba. Lekin dekhi e ketna sundar ba, ruki, hum rauwa log ke najdik se dekhawatani, dekhi e ketna jabardast sundar ba aur rauwa ekhar kapda dekh sakatani. E bahut aaramdayak aur bahut mulayam ba. E kamar ke niche pahire wala ba, jawan hamke bahut pasand ba, aur e ekdam ohi pant ha jawan hum abhi pahinle bani. Hum e extra small size me lele bani. Hum ekdam pagal ho gail bani. E sab etna aaramdayak ba ki ka kahi. Hamke lagata ki hum e sale me 30-something dollar me lele rahni. Phir, jaisan ki rauwa dekh sakatani, laal rang ke matching top, jaisan ki hum abhi sach me pahinle bani. Agar rauwa ekhar kapda ke najdik se dekhi, ta e bahut sundar ba.",[],0,0,0,0.0,95.47874122678384,95.47874122678384
en_bho_cv,ten_largest_catboost_F3_errors,en-bho_IN_#_literary_#_rink_rats_chapter2_#_20::SalamandraTA::0,en-bho_IN_#_literary_#_rink_rats_chapter2_#_20,en-bho_IN:::literary:::rink_rats_chapter2,20,en-bho_IN,SalamandraTA,en-bho_#_annotator1,"Declan rose to his feet, clutching the duffel a little tighter.
Luc gave him a nod. “Practice starts in twenty. Coach Reynolds will meet you on the ice.”
Kyle stood too, that same calm energy still radiating off him. “I’ll see you after. Nicole’s making chicken parm tonight. Hope you’re hungry.”
Declan gave a half-smile without meaning to. “Yeah. Sounds good.”
And with that, he turned and headed for the hallway, trying not to overthink the million things racing through his head.
Practice flew by in a blur of crisp passes, sharp turns, and the unmistakable rush that only came when his skates hit fresh ice. Declan didn’t need time to adjust to that, his instincts kicked in from the first drill. It wasn’t long before heads were turning and quiet nods of approval passed between coaches.","डक्लान अपने पैर पर खड़ी, डफेल के पकड़ में थोड़ी।
लुक उसे एक नड देहल गइल. ""20 में अभ्यास शुरू हो जाला. कोच रेनॉल्ड्स बर्फ पर तुम्हें मिले वाला बा.""
काइल भी खड़ा रहे, उहां से अभ्यास ही शाम के ऊर्जा निकलती रहे. ""आज हम देखे. निकोलन आज चिकन परम बनावेलन. आशा बा कि रउआ भूखे.""
डेक्लान बिना मतलब के आधा मुस्किल कइले रहे. ""हां. अच्छा लगता.""
और इ बात के साथे, ऊ पड़ेला अउर हॉलवेट के ओर चलेले, आपन दिमाग में चल रहे लाख चीज पर बहुत सोचन के कोशिश करतानी.
क्रिस्प पास, तेज टर्नन आ तुरंत रश के एगो धुंध में अभ्यास भइल. जब ऊ अपने स्केट्स के ताड़ी बर्फ पर झूठे तब ही अइसन हो गइल. डेक्लान के इ सब खातिर समय के जरुरत ना हs, पहिले ड्रिल से ही उनकर अंतंच्छिकता खुल गईले. बहुत बाद में सिर घूमेने अउर कोच के बीच सहयोग के चुपकी-धिमनी मिल गइल.","[{""start_i"":0,""end_i"":712,""severity"":""minor"",""text"":""डक्लान अपने पैर पर खड़ी, डफेल के पकड़ में थोड़ी।\nलुक उसे एक नड देहल गइल. \""20 में अभ्यास शुरू हो जाला. कोच रेनॉल्ड्स बर्फ पर तुम्हें मिले वाला बा.\""\nकाइल भी खड़ा रहे, उहां से अभ्यास ही शाम के ऊर्जा निकलती रहे. \""आज हम देखे. निकोलन आज चिकन परम बनावेलन. आशा बा कि रउआ भूखे.\""\nडेक्लान बिना मतलब के आधा मुस्किल कइले रहे. \""हां. अच्छा लगता.\""\nऔर इ बात के साथे, ऊ पड़ेला अउर हॉलवेट के ओर चलेले, आपन दिमाग में चल रहे लाख चीज पर बहुत सोचन के कोशिश करतानी.\nक्रिस्प पास, तेज टर्नन आ तुरंत रश के एगो धुंध में अभ्यास भइल. जब ऊ अपने स्केट्स के ताड़ी बर्फ पर झूठे तब ही अइसन हो गइल. डेक्लान के इ सब खातिर समय के जरुरत ना हs, पहिले ड्रिल से ही उनकर अंतंच्छिकता खुल गईले. बहुत बाद में सिर घूमेने अउर कोच के बीच सहयोग के चुपकी-धिमनी मिल गइल.""}]",1,0,1,0.0,71.09100500604089,71.09100500604089
en_bho_cv,ten_largest_catboost_F3_errors,en-bho_IN_#_news_#_guardian.228996_#_6::SalamandraTA::0,en-bho_IN_#_news_#_guardian.228996_#_6,en-bho_IN:::news:::guardian.228996,6,en-bho_IN,SalamandraTA,en-bho_#_annotator1,"While Guinness may be at significant risk of losing its edge among, say, people who queue outside bakeries, this hardly matters to its bottom line. It has surpassed cult status, and has in essence become too big to fail. Debra Crew, chief executive of Diageo, the drinks conglomerate that owns the brand, told press this week that demand for the stout in October and November 2024 had surpassed even the amount called for during St Patrick's Day celebrations, noting that the clamour was ""unprecedented."" Crew also stated that Diageo is spending €200m (£170m) on a new Guinness factory in Kildare to keep supplies up to the level now required.","जहां तक कि गिनीस अपने बढ़त के खोले के बहुत खतरनाक हो सकेला, जइसे कि, बेकरन के बाहर कड़े वाला लोग, बाकिर ई उनके आधारभूत खातिर ना होला. एकर लोकप्रियता बढ़ गइल बा, आ ई वास्तविक रूप से असफल होवे खातिर बहुत बढ़ा भइल बा. डिएजियो के मुख्य कार्यकारी डेब्रा क्रूव, जे ड्रिंक कॉन्ग्लेटियन के मालिक बा, ने सप्ताह में प्रेस से बताया कि अक्टूबर अउर नवंबर 2024 में स्टाट्र के मांग के मांग भी सेंट पैट्रिक दिवस के उत्सव के दौरान मांग के मांग से आगे निकल गइल बा, एकरा पर ध्यान दीहली कि इ चमचति ""अपनावत"" रहे. क्रूव कहलन कि डायएजेो के एक नया गिनीस कार्फैक्ट्री के निर्माण के खातिर 200 मिलियन यूरो (170 मिलियन पाउंड) खर्च करे वाला बा, ताकि अब जरूरत के हिसाब से आपूर्ति पूरा कइल जा सके.","[{""start_i"":528,""end_i"":534,""severity"":""minor"",""text"":""कार्फैक""},{""start_i"":0,""end_i"":56,""severity"":""major"",""text"":""जहां तक कि गिनीस अपने बढ़त के खोले के बहुत खतरनाक हो सकेल""},{""start_i"":69,""end_i"":84,""severity"":""major"",""text"":""बेकरन के बाहर कड़""},{""start_i"":110,""end_i"":124,""severity"":""major"",""text"":""आधारभूत खातिर न""},{""start_i"":290,""end_i"":319,""severity"":""major"",""text"":""ने सप्ताह में प्रेस से बताया क""}]",1,4,5,5.0,69.31609034658482,64.31609034658482
en_bho_cv,ten_largest_catboost_F3_errors,en-bho_IN_#_literary_#_rink_rats_chapter2_#_16::SalamandraTA::0,en-bho_IN_#_literary_#_rink_rats_chapter2_#_16,en-bho_IN:::literary:::rink_rats_chapter2,16,en-bho_IN,SalamandraTA,en-bho_#_annotator1,"Declan’s mind flickered through every worry he’d been carrying since stepping off that bus. Was Kyle reading him that easily? It felt like he was peeling back layers without even trying. That low, familiar buzz of uncertainty crept up again, and somehow, Kyle seemed to catch it without a word.
“I know it’s not easy, kid.” Kyle gave a small, almost fatherly sigh. His voice was lower now; gentle, but steady. “But here’s the thing. If you stay with us, you’re not just crashing at a billet house. I’m offering you space to breathe. A place to land when everything else feels like it’s spinning.”","डेक्लान के दिमाग में उ हर चिंता के बारे में सोचले रहे जवन उ बस से बाहर निकलने के बाद से ले गइल रहे. कयल ऊ उसे आसानी से समझे वाला रहे? अइसन महसूस भइल कि ऊ बिना कोशिश के परत पड़ें. अनिश्चितता के एगो कम, परिचित झूम फिर से बढ़ गइल, अउर कुछ तरह से, कैल एगो शब्द के बिना इ सब पकड़ लगी.
कि ""मुझे पता ह कि ई आसान नहीं बा, बेटा."" कैल एगो छोट, लगभग पिताजी के सुरा देहली। उनकर आवाज़ अब कम हो गइनी; धीरे-धीरे, लेकिन स्थिर। ""लेकिन बात ई बा कि अगर रउआ हमन के साथे रहने, तो रउआ केवल बलिट हाउस में ठंडा ना रहे। मैं रउआ के सांस खातिर जगह प्रदान करता। जब बाकी सब चीज घूमे के तरह महसूस करेलन त उहां जमीन पर उतर सकेलें।","[{""start_i"":0,""end_i"":597,""severity"":""minor"",""text"":""डेक्लान के दिमाग में उ हर चिंता के बारे में सोचले रहे जवन उ बस से बाहर निकलने के बाद से ले गइल रहे. कयल ऊ उसे आसानी से समझे वाला रहे? अइसन महसूस भइल कि ऊ बिना कोशिश के परत पड़ें. अनिश्चितता के एगो कम, परिचित झूम फिर से बढ़ गइल, अउर कुछ तरह से, कैल एगो शब्द के बिना इ सब पकड़ लगी.\nकि \""मुझे पता ह कि ई आसान नहीं बा, बेटा.\"" कैल एगो छोट, लगभग पिताजी के सुरा देहली। उनकर आवाज़ अब कम हो गइनी; धीरे-धीरे, लेकिन स्थिर। \""लेकिन बात ई बा कि अगर रउआ हमन के साथे रहने, तो रउआ केवल बलिट हाउस में ठंडा ना रहे। मैं रउआ के सांस खातिर जगह प्रदान करता। जब बाकी सब चीज घूमे के तरह महसूस करेलन त उहां जमीन पर उतर सकेलें।""}]",1,0,1,0.0,61.76040291350881,61.76040291350881
en_bho_cv,ten_largest_catboost_F3_errors,en-bho_IN_#_social_#_114417630342798842_#_16::IRB-MT::0,en-bho_IN_#_social_#_114417630342798842_#_16,en-bho_IN:::social:::114417630342798842,16,en-bho_IN,IRB-MT,en-bho_#_annotator2,"🧵 Okay... I dont want the honeymoon phase to end >_>. More great German things plz :P
Okay. There are some downsides. All food tastes so..... how do I put it... German XD. Comically so!
I've eaten Korean, Chinese, Taiwanese and Japanese cuisine now. And all of them have the distinct taste of.. sauerkraut?? But, it's in the rice itself. The part thats supposed to be the most neutral of flavor.
I made Gnocci Carbonarra (white sause) and, while it was funking delicious, tasted like Brätwurst. I thought I was safe making food at home, but I'm not xD. 
Now, I've eaten authentic italian in Syracuse NY (it's an italian historic city) and been to Taiwan. So I wonder if given time my taste buds will adapt and I will think everything tastes like how I remember it. Like as if there are subtle tones I'm just not used to yet 🤔 . And hense why I THINK everything has a foreign taste to it.
Aside: Also these arn't new foods to me so Im comparing them to what I know. Versus trying... say... Ethiopian cuisine (something new)","🧵 हमेश... मे ना चाहता हई कि हनीमून फेज खत्म हो जाए >_>. बढ़िया जर्मन चीज़ें और चाहिए :P
ठीक बा। कुछ कमियाँ भी ईहाँ बाड़े। सब चीज़ के स्वाद ईहाँ... का कहुँ... जर्मन के लागता। ई हाँसी के मज़ाक उड़ावे लागल!
मेने कोरियाई, चीनी, ताइवान के, और जापानी खाना खाइल बा। और सब के स्वाद ईहाँ... सॉकरौट के लागता?? लेकिन ई चावल में भी बा। ओ भाग में जहाँ के स्वाद सबसे सीधा होखे के चाही।
मेने ग्नोक्की कार्बनारा (सफेद सॉस) बनवले, और जबसे ई बढ़िया लागल, ई ब्रैटवुर्स्ट के लागता। मेने घरे पर खाना बनावे में सुरक्षित मानल, लेकिन मे सुरक्षित नाऽऽऽऽऽऽऽऽऽऽऽऽऽऽऽऽऽऽऽऽऽऽऽऽऽऽऽऽऽऽऽऽऽऽऽऽऽऽऽऽऽऽऽऽऽऽऽऽऽऽऽऽऽऽऽऽऽऽऽऽऽऽऽऽऽऽऽऽऽऽऽऽऽऽऽऽऽऽऽऽऽऽऽऽऽऽऽऽऽऽऽऽऽऽऽऽऽऽऽऽऽऽऽऽऽऽऽऽऽऽऽऽऽऽऽऽऽऽऽऽऽऽऽऽऽऽऽऽऽऽऽऽऽऽऽऽऽऽऽऽऽऽऽऽऽऽऽऽऽऽऽऽऽऽऽऽऽऽऽऽऽऽऽऽऽऽऽऽऽऽऽऽऽऽऽऽऽऽऽऽऽऽऽऽऽऽऽऽऽऽऽऽऽऽऽऽऽऽऽऽऽऽऽऽऽऽऽऽऽऽऽऽऽऽऽऽऽऽऽऽऽऽऽऽऽऽऽऽऽऽऽऽऽऽऽऽऽऽऽऽऽऽऽऽऽऽऽऽऽऽऽऽऽऽऽऽऽऽऽऽऽऽऽऽऽऽऽऽऽऽऽऽऽऽऽऽऽऽऽऽऽऽऽऽऽऽऽऽऽऽऽऽऽऽऽऽऽऽऽऽऽऽऽऽऽऽऽऽऽऽऽऽऽऽऽऽऽऽऽऽऽऽऽऽऽऽऽऽऽऽऽऽऽऽऽऽऽऽऽऽऽऽऽऽऽऽऽऽऽऽऽऽऽऽऽऽऽऽऽऽऽऽऽऽऽऽऽऽऽऽऽऽऽऽऽऽऽऽऽऽऽऽऽऽऽऽऽऽऽऽऽऽऽऽऽऽऽऽऽऽऽऽऽऽऽऽऽऽऽऽऽऽऽऽऽऽऽऽऽऽऽऽऽऽऽऽऽऽऽऽऽऽऽऽऽऽऽऽऽऽऽऽऽऽऽऽऽऽऽऽऽऽऽऽऽऽऽऽऽऽऽऽऽऽऽऽऽऽऽऽऽऽऽऽऽऽऽऽऽऽऽऽऽऽऽऽऽऽऽऽऽऽऽऽऽऽऽऽऽऽऽऽऽऽऽऽऽऽऽऽऽऽऽऽऽऽऽऽऽऽऽऽऽऽऽऽऽऽऽऽऽऽऽऽऽऽऽऽऽऽऽऽऽऽऽऽऽऽऽऽऽऽऽऽऽऽऽऽऽऽऽऽऽऽऽऽऽऽऽऽऽऽऽऽऽऽऽऽऽऽऽऽऽऽऽऽऽऽऽऽऽऽऽऽऽऽऽऽऽऽऽऽऽऽऽऽऽऽऽऽऽऽऽऽऽऽऽऽऽऽऽऽऽऽऽऽऽऽऽऽऽऽऽऽऽऽऽऽऽऽऽऽऽऽऽऽऽऽऽऽऽऽऽऽऽऽऽऽऽऽऽऽऽऽऽऽऽऽऽऽऽऽऽऽऽऽऽऽऽऽऽऽऽऽऽऽऽऽऽऽऽऽऽऽऽऽऽऽऽऽऽऽऽऽऽऽऽऽऽऽऽऽऽऽऽऽऽऽऽऽऽऽऽऽऽऽऽऽऽऽऽऽऽऽऽऽऽऽऽऽऽऽऽऽऽऽऽऽऽऽऽऽऽऽऽऽऽऽऽऽऽऽऽऽऽऽऽऽऽऽऽऽऽऽऽऽऽऽऽऽऽऽऽऽऽऽऽऽऽऽऽऽऽऽऽऽऽऽऽऽऽऽऽऽऽऽऽऽऽऽऽऽऽऽऽऽऽऽऽऽऽऽऽऽऽऽऽऽऽऽऽऽऽऽऽऽऽऽऽऽऽऽऽऽऽऽऽऽऽऽऽऽऽऽऽऽऽऽऽऽऽऽऽऽऽऽऽऽऽऽऽऽऽऽऽऽऽऽऽऽऽऽऽऽऽऽऽऽऽऽऽऽऽऽऽऽऽऽऽऽऽऽऽऽऽऽऽऽऽऽऽऽऽऽऽऽऽऽऽऽऽऽऽऽऽऽऽऽऽऽऽऽऽऽऽऽऽऽऽऽऽऽऽऽऽऽऽऽऽऽऽऽऽऽऽऽऽऽऽऽऽऽऽऽऽऽऽऽऽऽऽऽऽऽऽऽऽऽऽऽऽऽऽऽऽऽऽऽऽऽऽऽऽऽऽऽऽऽऽऽऽऽऽऽऽऽऽऽऽऽऽऽऽऽऽऽऽऽऽऽऽऽऽऽऽऽऽऽऽऽऽऽऽऽऽऽऽऽऽऽऽऽऽऽऽऽऽऽऽऽऽऽऽऽऽऽऽऽऽऽऽऽऽऽऽऽऽऽऽऽऽऽऽऽऽऽऽऽऽऽऽऽऽऽऽऽऽऽऽऽऽऽऽऽऽऽऽऽऽऽऽऽऽऽऽऽऽऽऽऽऽऽऽऽऽऽऽऽऽऽऽऽऽऽऽऽऽऽऽऽऽऽऽऽऽऽऽऽऽऽऽऽऽऽऽऽऽऽऽऽऽऽऽऽऽऽऽऽऽऽऽऽऽऽऽऽऽऽऽऽऽऽऽऽऽऽऽऽऽऽऽऽऽऽऽऽऽऽऽऽऽऽऽऽऽऽऽऽऽऽऽऽऽऽऽऽऽऽऽऽऽऽऽऽऽऽऽऽऽऽऽऽऽऽऽऽऽऽऽऽऽऽऽऽऽऽऽऽऽऽऽऽऽऽऽऽऽऽऽऽऽऽऽऽऽऽऽऽऽऽऽऽऽऽऽऽऽऽऽऽऽऽऽऽऽऽऽऽऽऽऽऽऽऽऽऽऽऽऽऽऽऽऽऽऽऽऽऽऽऽऽऽऽऽऽऽऽऽऽऽऽऽऽऽऽऽऽऽऽऽऽऽऽऽऽऽऽऽऽऽऽऽऽऽऽऽऽऽऽऽऽऽऽऽऽऽऽऽऽऽऽऽऽऽऽऽऽऽऽऽऽऽऽऽऽऽऽऽऽऽऽऽऽऽऽऽऽऽऽऽऽऽऽऽऽऽऽऽऽऽऽऽऽऽऽऽऽऽऽऽऽऽऽऽऽऽऽऽऽऽऽऽऽऽऽऽऽऽऽऽऽऽऽऽऽऽऽऽऽऽऽऽऽऽऽऽऽऽऽऽऽऽऽऽऽऽऽऽऽऽऽऽऽऽऽऽऽऽऽऽऽऽऽऽऽऽऽऽऽऽऽऽऽऽऽऽऽऽऽऽऽऽऽऽऽऽऽऽऽऽऽऽऽऽऽऽऽऽऽऽऽऽऽऽऽऽऽऽऽऽऽऽऽऽऽऽऽऽऽऽऽऽऽऽऽऽऽऽऽऽऽऽऽऽऽऽऽऽऽऽऽऽऽऽऽऽऽऽऽऽऽऽऽऽऽऽऽऽऽऽऽऽऽऽऽऽऽऽऽऽऽऽऽऽऽऽऽऽऽऽऽऽऽऽऽऽऽऽऽऽऽऽऽऽऽऽऽऽऽऽऽऽऽऽऽऽऽऽऽऽऽऽऽऽऽऽऽऽऽऽऽऽऽऽऽऽऽऽऽऽऽऽऽऽऽऽऽऽऽऽऽऽऽऽऽऽऽऽऽऽऽऽऽऽऽऽऽऽऽऽऽऽऽऽऽऽऽऽऽऽऽऽऽऽऽऽऽऽऽऽऽऽऽऽऽऽऽऽऽऽऽऽऽऽऽऽऽऽऽऽऽऽऽऽऽऽऽऽऽऽऽऽऽऽऽऽऽऽऽऽऽऽऽऽऽऽऽऽऽऽऽऽऽऽऽऽऽऽऽऽऽऽऽऽऽऽऽऽऽऽऽऽऽऽऽऽऽऽऽऽऽऽऽऽऽऽऽऽऽऽऽऽऽऽऽऽऽऽऽऽऽऽऽऽऽऽऽऽऽऽऽऽऽऽऽऽऽऽऽऽऽऽऽऽऽऽऽऽऽऽऽऽऽऽऽऽऽऽऽऽऽऽऽऽऽऽऽऽऽऽऽऽऽऽऽऽऽऽऽऽऽऽऽऽऽऽऽऽऽऽऽऽऽऽऽऽऽऽऽऽऽऽऽऽऽऽऽऽऽऽऽऽऽऽऽऽऽऽऽऽऽऽऽऽऽऽऽऽऽऽऽऽऽऽऽऽऽऽऽऽऽऽऽऽऽऽऽऽऽऽऽऽऽऽऽऽऽऽऽऽऽऽऽऽऽऽऽऽऽऽऽऽऽऽऽऽऽऽऽऽऽऽऽऽऽऽऽऽऽऽऽऽऽऽऽऽऽऽऽऽऽऽऽऽऽऽऽऽऽऽऽऽऽऽऽऽऽऽऽऽऽऽऽऽऽऽऽऽऽऽऽऽऽऽऽऽऽऽऽऽऽऽऽऽऽऽऽऽऽऽऽऽऽऽऽऽऽऽऽऽऽऽऽऽऽऽऽऽऽऽऽऽऽऽऽऽऽऽऽऽऽऽऽऽऽऽऽऽऽऽऽऽऽऽऽऽऽऽऽऽऽऽऽऽऽऽऽऽऽऽऽऽऽऽऽऽऽऽऽऽऽऽऽऽऽऽऽऽऽऽऽऽऽऽऽऽऽऽऽऽऽऽऽऽऽऽऽऽऽऽऽऽऽऽऽऽऽऽऽऽऽऽऽऽऽऽऽऽऽऽऽऽऽऽऽऽऽऽऽऽऽऽऽऽऽऽऽऽऽऽऽऽऽऽऽऽऽऽऽऽऽऽऽऽऽऽऽऽऽऽऽऽऽऽऽऽऽऽऽऽऽऽऽऽऽऽऽऽऽऽऽऽऽऽऽऽऽऽऽऽऽऽऽऽऽऽऽऽऽऽऽऽऽऽऽऽऽऽऽऽऽऽऽऽऽऽऽऽऽऽऽऽऽऽऽऽऽऽऽऽऽऽऽऽऽऽऽऽऽऽऽऽऽऽऽऽऽऽऽऽऽऽऽऽऽऽऽऽऽऽऽऽऽऽऽऽऽऽऽऽऽऽऽऽऽऽऽऽऽऽऽऽऽऽऽऽऽऽऽऽऽऽऽऽऽऽऽऽऽऽऽऽऽऽऽऽऽऽऽऽऽऽऽऽऽऽऽऽऽऽऽऽऽऽऽऽऽऽऽऽऽऽऽऽऽऽऽऽऽऽऽऽऽऽऽऽऽऽऽऽऽऽऽऽऽऽऽऽऽऽऽऽऽऽऽऽऽऽऽऽऽऽऽऽऽऽऽऽऽऽऽऽऽऽऽऽऽऽऽऽऽऽऽऽऽऽऽऽऽऽऽऽऽऽऽऽऽऽऽऽऽऽऽऽऽऽऽऽऽऽऽऽऽऽऽऽऽऽऽऽऽऽऽऽऽऽऽऽऽऽऽऽऽऽऽऽऽऽऽऽऽऽऽऽऽऽऽऽऽऽऽऽऽऽऽऽऽऽऽऽऽऽऽऽऽऽऽऽऽऽऽऽऽऽऽऽऽऽऽऽऽऽऽऽऽऽऽऽऽऽऽऽऽऽऽऽऽऽऽऽऽऽऽऽऽऽऽऽऽऽऽऽऽऽऽऽऽऽऽऽऽऽऽऽऽऽऽऽऽऽऽऽऽऽऽऽऽऽऽऽऽऽऽऽऽऽऽऽऽऽऽऽऽऽऽऽऽऽऽऽऽऽऽऽऽऽऽऽऽऽऽऽऽऽऽऽऽऽऽऽऽऽऽऽऽऽऽऽऽऽऽऽऽऽऽऽऽऽऽऽऽऽऽऽऽऽऽऽऽऽऽऽऽऽऽऽऽऽऽऽऽऽऽऽऽऽऽऽऽऽऽऽऽऽऽऽऽऽऽऽऽऽऽऽऽऽऽऽऽऽऽऽऽऽऽऽऽऽऽऽऽऽऽऽऽऽऽऽऽऽऽऽऽऽऽऽऽऽऽऽऽऽऽऽऽऽऽऽऽऽऽऽऽऽऽऽऽऽऽऽऽऽऽऽऽऽऽऽऽऽऽऽऽऽऽऽऽऽऽऽऽऽऽऽऽऽऽऽऽऽऽऽऽऽऽऽऽऽऽऽऽऽऽऽऽऽऽऽऽऽऽऽऽऽऽऽऽऽऽऽऽऽऽऽऽऽऽऽऽऽऽऽऽऽऽऽऽऽऽऽऽऽऽऽऽऽऽऽऽऽऽऽऽऽऽऽऽऽऽऽऽऽऽऽऽऽऽऽऽऽऽऽऽऽऽऽऽऽऽऽऽऽऽऽऽऽऽऽऽऽऽऽऽऽऽऽऽऽऽऽऽऽऽऽऽऽऽऽऽऽऽऽऽऽऽऽऽऽऽऽऽऽऽऽऽऽऽऽऽऽऽऽऽऽऽऽऽऽऽऽऽऽऽऽऽऽऽऽऽऽऽऽऽऽऽऽऽऽऽऽऽऽऽऽऽऽऽऽऽऽऽऽऽऽऽऽऽऽऽऽऽऽऽऽऽऽऽऽऽऽऽऽऽऽऽऽऽऽऽऽऽऽऽऽऽऽऽऽऽऽऽऽऽऽऽऽऽऽऽऽऽऽऽऽऽऽऽऽऽऽऽऽऽऽऽऽऽऽऽऽऽऽऽऽऽऽऽऽऽऽऽऽऽऽऽऽऽऽऽऽऽऽऽऽऽऽऽऽऽऽऽऽऽऽऽऽऽऽऽऽऽऽऽऽऽऽऽऽऽऽऽऽऽऽऽऽऽऽऽऽऽऽऽऽऽऽऽऽऽऽऽऽऽऽऽऽऽऽऽऽऽऽऽऽऽऽऽऽऽऽऽऽऽऽऽऽऽऽऽऽऽऽऽऽऽऽऽऽऽऽऽऽऽऽऽऽऽऽऽऽऽऽऽऽऽऽऽऽऽऽऽऽऽऽऽऽऽऽऽऽऽऽऽऽऽऽऽऽऽऽऽऽऽऽऽऽऽऽऽऽऽऽऽऽऽऽऽऽऽऽऽऽऽऽऽऽऽऽऽऽऽऽऽऽऽऽऽऽऽऽऽऽऽऽऽऽऽऽऽऽऽऽऽऽऽऽऽऽऽऽऽऽऽऽऽऽऽऽऽऽऽऽऽऽऽऽऽऽऽऽऽऽऽऽऽऽऽऽऽऽऽऽऽऽऽऽऽऽऽऽऽऽऽऽऽऽऽऽऽऽऽऽऽऽऽऽऽऽऽऽऽऽऽऽऽऽऽऽऽऽऽऽऽऽऽऽऽऽऽऽऽऽऽऽऽऽऽऽऽऽऽऽऽऽऽऽऽऽऽऽऽऽऽऽऽऽऽऽऽऽऽऽऽऽऽऽऽऽऽऽऽऽऽऽऽऽऽऽऽऽऽऽऽऽऽऽऽऽऽऽऽऽऽऽऽऽऽऽऽऽऽऽऽऽऽऽऽऽऽऽऽऽऽऽऽऽऽऽऽऽऽऽऽऽऽऽऽऽऽऽऽऽऽऽऽऽऽऽऽऽऽऽऽऽऽऽऽऽऽऽऽऽऽऽऽऽऽऽऽऽऽऽऽऽऽऽऽऽऽऽऽऽऽऽऽऽऽऽऽऽऽऽऽऽऽऽऽऽऽऽऽऽऽऽऽऽऽऽऽऽऽऽऽऽऽऽऽऽऽऽऽऽऽऽऽऽऽऽऽऽऽऽऽऽऽऽऽऽऽऽऽऽऽऽऽऽऽऽऽऽऽऽऽऽऽऽऽऽऽऽऽऽऽऽऽऽऽऽऽऽऽऽऽऽऽऽऽऽऽऽऽऽऽऽऽऽऽऽऽऽऽऽऽऽऽऽऽऽऽऽऽऽऽऽऽऽऽऽऽऽऽऽऽऽऽऽऽऽऽऽऽऽऽऽऽऽऽऽऽऽऽऽऽऽऽऽऽऽऽऽऽऽऽऽऽऽऽऽऽऽऽऽऽऽऽऽऽऽऽऽऽऽऽऽऽऽऽऽऽऽऽऽऽऽऽऽऽऽऽऽऽऽऽऽऽऽऽऽऽऽऽऽऽऽऽऽऽऽऽऽऽऽऽऽऽऽऽऽऽऽऽऽऽऽऽऽऽऽऽऽऽऽऽऽऽऽऽऽऽऽऽऽऽऽऽऽऽऽऽऽऽऽऽऽऽऽऽऽऽऽऽऽऽऽऽऽऽऽऽऽऽऽऽऽऽऽऽऽऽऽऽऽऽऽऽऽऽऽऽऽऽऽऽऽऽऽऽऽऽऽऽऽऽऽऽऽऽऽऽऽऽऽऽऽऽऽऽऽऽऽऽऽऽऽऽऽऽऽऽऽऽऽऽऽऽऽऽऽऽऽऽऽऽऽऽऽऽऽऽऽऽऽऽऽऽऽऽऽऽऽऽऽऽऽऽऽऽऽऽऽऽऽऽऽऽऽऽऽऽऽऽऽऽऽऽऽऽऽऽऽऽऽऽऽऽऽऽऽऽऽऽऽऽऽऽऽऽऽऽऽऽऽऽऽऽऽऽऽऽऽऽऽऽऽऽऽऽऽऽऽऽऽऽऽऽऽऽऽऽऽऽऽऽऽऽऽऽऽऽऽऽऽऽऽऽऽऽऽऽऽऽऽऽऽऽऽऽऽऽऽऽऽऽऽऽऽऽऽऽऽऽऽऽऽऽऽऽऽऽऽऽऽऽऽऽऽऽऽऽऽऽऽऽऽऽऽऽऽऽऽऽऽऽऽऽऽऽऽऽऽऽऽऽऽऽऽऽऽऽऽऽऽऽऽऽऽऽऽऽऽऽऽऽऽऽऽऽऽऽऽऽऽऽऽऽऽऽऽऽऽऽऽऽऽऽऽऽऽऽऽऽऽऽऽऽऽऽऽऽऽऽऽऽऽऽऽऽऽऽऽऽऽऽऽऽऽऽऽऽऽऽऽऽऽऽऽऽऽऽऽऽऽऽऽऽऽऽऽऽऽऽऽऽऽऽऽऽऽऽऽऽऽऽऽऽऽऽऽऽऽऽऽऽऽऽऽऽऽऽऽऽऽऽऽऽऽऽऽऽऽऽऽऽऽऽऽऽऽऽऽऽऽऽऽऽऽऽऽऽऽऽऽऽऽऽऽऽऽऽऽऽऽऽऽऽऽऽऽऽऽऽऽऽऽऽऽऽऽऽऽऽऽऽऽऽऽऽऽऽऽऽऽऽऽऽऽऽऽऽऽऽऽऽऽऽऽऽऽऽऽऽऽऽऽऽऽऽऽऽऽऽऽऽऽऽऽऽऽऽऽऽऽऽऽऽऽऽऽऽऽऽऽऽऽऽऽऽऽऽऽऽऽऽऽऽऽऽऽऽऽऽऽऽऽऽऽऽऽऽऽऽऽऽऽऽऽऽऽऽऽऽऽऽऽऽऽऽऽऽऽऽऽऽऽऽऽऽऽऽऽऽऽऽऽऽऽऽऽऽऽऽऽऽऽऽऽऽऽऽऽऽऽऽऽऽऽऽऽऽऽऽऽऽऽऽऽऽऽऽऽऽऽऽऽऽऽऽऽऽऽऽऽऽऽऽऽऽऽऽऽऽऽऽऽऽऽऽऽऽऽऽऽऽऽऽऽऽऽऽऽऽऽऽऽऽऽऽऽऽऽऽऽऽऽऽऽऽऽऽऽऽऽऽऽऽऽऽऽऽऽऽऽऽऽऽऽऽऽऽऽऽऽऽऽऽऽऽऽऽऽऽऽऽऽऽऽऽऽऽऽऽऽऽऽऽऽऽऽऽऽऽऽऽऽऽऽऽऽऽऽऽऽऽऽऽऽऽऽऽऽऽऽऽऽऽऽऽऽऽऽऽऽऽऽऽऽऽऽऽऽऽऽऽऽऽऽऽऽऽऽऽऽऽऽऽऽऽऽऽऽऽऽऽऽऽऽऽऽऽऽऽऽऽऽऽऽऽऽऽऽऽऽऽऽऽऽऽऽऽऽऽऽऽऽऽऽऽऽऽऽऽऽऽऽऽऽऽऽऽऽऽऽऽऽऽऽऽऽऽऽऽऽऽऽऽऽऽऽऽऽऽऽऽऽऽऽऽऽऽऽऽऽऽऽऽऽऽऽऽऽऽऽऽऽऽऽऽऽऽऽऽऽऽऽऽऽऽऽऽऽऽऽऽऽऽऽऽऽऽऽऽऽऽऽऽऽऽऽऽऽऽऽऽऽऽऽऽऽऽऽऽऽऽऽऽऽऽऽऽऽऽऽऽऽऽऽऽऽऽऽऽऽऽऽऽऽऽऽऽऽऽऽऽऽऽऽऽऽऽऽऽऽऽऽऽऽऽऽऽऽऽऽऽऽऽऽऽऽऽऽऽऽऽऽऽऽऽऽऽऽऽऽऽऽऽऽऽऽऽऽऽऽऽऽऽऽऽऽऽऽऽऽऽऽऽऽऽऽऽऽऽऽऽऽऽऽऽऽऽऽऽऽऽऽऽऽऽऽऽऽऽऽऽऽऽऽऽऽऽऽऽऽऽऽऽऽऽऽऽऽऽऽऽऽऽऽऽऽऽऽऽऽऽऽऽऽऽऽऽऽऽऽऽऽऽऽऽऽऽऽऽऽऽऽऽऽऽऽऽऽऽऽऽऽऽऽऽऽऽऽऽऽऽऽऽऽऽऽऽऽऽऽऽऽऽऽऽऽऽऽऽऽऽऽऽऽऽऽऽऽऽऽऽऽऽऽऽऽऽऽऽऽऽऽऽऽऽऽऽऽऽऽऽऽऽऽऽऽऽऽऽऽऽऽऽऽऽऽऽऽऽऽऽऽऽऽऽऽऽऽऽऽऽऽऽऽऽऽऽऽऽऽऽऽऽऽऽऽऽऽऽऽऽऽऽऽऽऽऽऽऽऽऽऽऽऽऽऽऽऽऽऽऽऽऽऽऽऽऽऽऽऽऽऽऽऽऽऽऽऽऽऽऽऽऽऽऽऽऽऽऽऽऽऽऽऽऽऽऽऽऽऽऽऽऽऽऽऽऽऽऽऽऽऽऽऽऽऽऽऽऽऽऽऽऽऽऽऽऽऽऽऽऽऽऽऽऽऽऽऽऽऽऽऽऽऽऽऽऽऽऽऽऽऽऽऽऽऽऽऽऽऽऽऽऽऽऽऽऽऽऽऽऽऽऽऽऽऽऽऽऽऽऽऽऽऽऽऽऽऽऽऽऽऽऽऽऽऽऽऽऽऽऽऽऽऽऽऽऽऽऽऽऽऽऽऽऽऽऽऽऽऽऽऽऽऽऽऽऽऽऽऽऽऽऽऽऽऽऽऽऽऽऽऽऽऽऽऽऽऽऽऽऽऽऽऽऽऽऽऽऽऽऽऽऽऽऽऽऽऽऽऽऽऽऽऽऽऽऽऽऽऽऽऽऽऽऽऽऽऽऽऽऽऽऽऽऽऽऽऽऽऽऽऽऽऽऽऽऽऽऽऽऽऽऽऽऽऽऽऽऽऽऽऽऽऽऽऽऽऽऽऽऽऽऽऽऽऽऽऽऽऽऽऽऽऽऽऽऽऽऽऽऽऽऽऽऽऽऽऽऽऽऽऽऽऽऽऽऽऽऽऽऽऽऽऽऽऽऽऽऽऽऽऽऽऽऽऽऽऽऽऽऽऽऽऽऽऽऽऽऽऽऽऽऽऽऽऽऽऽऽऽऽऽऽऽऽऽऽऽऽऽऽऽऽऽऽऽऽऽऽऽऽऽऽऽऽऽऽऽऽऽऽऽऽऽऽऽऽऽऽऽऽऽऽऽऽऽऽऽऽऽऽऽऽऽऽऽऽऽऽऽऽऽऽऽऽऽऽऽऽऽऽऽऽऽऽऽऽऽऽऽऽऽऽऽऽऽऽऽऽऽऽऽऽऽऽऽऽऽऽऽऽऽऽऽऽऽऽऽऽऽऽऽऽऽऽऽऽऽऽऽऽऽऽऽऽऽऽऽऽऽऽऽऽऽऽऽऽऽऽऽऽऽऽऽऽऽऽऽऽऽऽऽऽऽऽऽऽऽऽऽऽऽऽऽऽऽऽऽऽऽऽऽऽऽऽऽऽऽऽऽऽऽऽऽऽऽऽऽऽऽऽऽऽऽऽऽऽऽऽऽऽऽऽऽऽऽऽऽऽऽऽऽऽऽऽऽऽऽऽऽऽऽऽऽऽऽऽऽऽऽऽऽऽऽऽऽऽऽऽऽऽऽऽऽऽऽऽऽऽऽऽऽऽऽऽऽऽऽऽऽऽऽऽऽऽऽऽऽऽऽऽऽऽऽऽऽऽऽऽऽऽऽऽऽऽऽऽऽऽऽऽऽऽऽऽऽऽऽऽऽऽऽऽऽऽऽऽऽऽऽऽऽऽऽऽऽऽऽऽऽऽऽऽऽऽऽऽऽऽऽऽऽऽऽऽऽऽऽऽऽऽऽऽऽऽऽऽऽऽऽऽऽऽऽऽऽऽऽऽऽऽऽऽऽऽऽऽऽऽऽऽऽऽऽऽऽऽऽऽऽऽऽऽऽऽऽऽऽऽऽऽऽऽऽऽऽऽऽऽऽऽऽऽऽऽऽऽऽऽऽऽऽऽऽऽऽऽऽऽऽऽऽऽऽऽऽऽऽऽऽऽऽऽऽऽऽऽऽऽऽऽऽऽऽऽऽऽऽऽऽऽऽऽऽऽऽऽऽऽऽऽऽऽऽऽऽऽऽऽऽऽऽऽऽऽऽऽऽऽऽऽऽऽऽऽऽऽऽऽऽऽऽऽऽऽऽऽऽऽऽऽऽऽऽऽऽऽऽऽऽऽऽऽऽऽऽऽऽऽऽऽऽऽऽऽऽऽऽऽऽऽऽऽऽऽऽऽऽऽऽऽऽऽऽऽऽऽऽऽऽऽऽऽऽऽऽऽऽऽऽऽऽऽऽऽऽऽऽऽऽऽऽऽऽऽऽऽऽऽऽऽऽऽऽऽऽऽऽऽऽऽऽऽऽऽऽऽऽऽऽऽऽऽऽऽऽऽऽऽऽऽऽऽऽऽऽऽऽऽऽऽऽऽऽऽऽऽऽऽऽऽऽऽऽऽऽऽऽऽऽऽऽऽऽऽऽऽऽऽऽऽऽऽऽऽऽऽऽऽऽऽऽऽऽऽऽऽऽऽऽऽऽऽऽऽऽऽऽऽऽऽऽऽऽऽऽऽऽऽऽऽऽऽऽऽऽऽऽऽऽऽऽऽऽऽऽऽऽऽऽऽऽऽऽऽऽऽऽऽऽऽऽऽऽऽऽऽऽऽऽऽऽऽऽऽऽऽऽऽऽऽऽऽऽऽऽऽऽऽऽऽऽऽऽऽऽऽऽऽऽऽऽऽऽऽऽऽऽऽऽऽऽऽऽऽऽऽऽऽऽऽऽऽऽऽऽऽऽऽऽऽऽऽऽऽऽऽऽऽऽऽऽऽऽऽऽऽऽऽऽऽऽऽऽऽऽऽऽऽऽऽऽऽऽऽऽऽऽऽऽऽऽऽऽऽऽऽऽऽऽऽऽऽऽऽऽऽऽऽऽऽऽऽऽऽऽऽऽऽऽऽऽऽऽऽऽऽऽऽऽऽऽऽऽऽऽऽऽऽऽऽऽऽऽऽऽऽऽऽऽऽऽऽऽऽऽऽऽऽऽऽऽऽऽऽऽऽऽऽऽऽऽऽऽऽऽऽऽऽऽऽऽऽऽऽऽऽऽऽऽऽऽऽऽऽऽऽऽऽऽऽऽऽऽऽऽऽऽऽऽऽऽऽऽऽऽऽऽऽऽऽऽऽऽऽऽऽऽऽऽऽऽऽऽऽऽऽऽऽऽऽऽऽऽऽऽऽऽऽऽऽऽऽऽऽऽऽऽऽऽऽऽऽऽऽऽऽऽऽऽऽऽऽऽऽऽऽऽऽऽऽऽऽऽऽऽऽऽऽऽऽऽऽऽऽऽऽऽऽऽऽऽऽऽऽऽऽऽऽऽऽऽऽऽऽऽऽऽऽऽऽऽऽऽऽऽऽऽऽऽऽऽऽऽऽऽऽऽऽऽऽऽऽऽऽऽऽऽऽऽऽऽऽऽऽऽऽऽऽऽऽऽऽऽऽऽऽऽऽऽऽऽऽऽऽऽऽऽऽऽऽऽऽऽऽऽऽऽऽऽऽऽऽऽऽऽऽऽऽऽऽऽऽऽऽऽऽऽऽऽऽऽऽऽऽऽऽऽऽऽऽऽऽऽऽऽऽऽऽऽऽऽऽऽऽऽऽऽऽऽऽऽऽऽऽऽऽऽऽऽऽऽऽऽऽऽऽऽऽऽऽऽऽऽऽऽऽऽऽऽऽऽऽऽऽऽऽऽऽऽऽऽऽऽऽऽऽऽऽऽऽऽऽऽऽऽऽऽऽऽऽऽऽऽऽऽऽऽऽऽऽऽऽऽऽऽऽऽऽऽऽऽऽऽऽऽऽऽऽऽऽऽऽऽऽऽऽऽऽऽऽऽऽऽऽऽऽऽऽऽऽऽऽऽऽऽऽऽऽऽऽऽऽऽऽऽऽऽऽऽऽऽऽऽऽऽऽऽऽऽऽऽऽऽऽऽऽऽऽऽऽऽऽऽऽऽऽऽऽऽऽऽऽऽऽऽऽऽऽऽऽऽऽऽऽऽऽऽऽऽऽऽऽऽऽऽऽऽऽऽऽऽऽऽऽऽऽऽऽऽऽऽऽऽऽऽऽऽऽऽऽऽऽऽऽऽऽऽऽऽऽऽऽऽऽऽऽऽऽऽऽऽऽऽऽऽऽऽऽऽऽऽऽऽऽऽऽऽऽऽऽऽऽऽऽऽऽऽऽऽऽऽऽऽऽऽऽऽऽऽऽऽऽऽऽऽऽऽऽऽऽऽऽऽऽऽऽऽऽऽऽऽऽऽऽऽऽऽऽऽऽऽऽऽऽऽऽऽऽऽऽऽऽऽऽऽऽऽऽऽऽऽऽऽऽऽऽऽऽऽऽऽऽऽऽऽऽऽऽऽऽऽऽऽऽऽऽऽऽऽऽऽऽऽऽऽऽऽऽऽऽऽऽऽऽऽऽऽऽऽऽऽऽऽऽऽऽऽऽऽऽऽऽऽऽऽऽऽऽऽऽऽऽऽऽऽऽऽऽऽऽऽऽऽऽऽऽऽऽऽऽऽऽऽऽऽऽऽऽऽऽऽऽऽऽऽऽऽऽऽऽऽऽऽऽऽऽऽऽऽऽऽऽऽऽऽऽऽऽऽऽऽऽऽऽऽऽऽऽऽऽऽऽऽऽऽऽऽऽऽऽऽऽऽऽऽऽऽऽऽऽऽऽऽऽऽऽऽऽऽऽऽऽऽऽऽऽऽऽऽऽऽऽऽऽऽऽऽऽऽऽऽऽऽऽऽऽऽऽऽऽऽऽऽऽऽऽऽऽऽऽऽऽऽऽऽऽऽऽऽऽऽऽऽऽऽऽऽऽऽऽऽऽऽऽऽऽऽऽऽऽऽऽऽऽऽऽऽऽऽऽऽऽऽऽऽऽऽऽऽऽऽऽऽऽऽऽऽऽऽऽऽऽऽऽऽऽऽऽऽऽऽऽऽऽऽऽऽऽऽऽऽऽऽऽऽऽऽऽऽऽऽऽऽऽऽऽऽऽऽऽऽऽऽऽऽऽऽऽऽऽऽऽऽऽऽऽऽऽऽऽऽऽऽऽऽऽऽऽऽऽऽऽऽऽऽऽऽऽऽऽऽऽऽऽऽऽऽऽऽऽऽऽऽऽऽऽऽऽऽऽऽऽऽऽऽऽऽऽऽऽऽऽऽऽऽऽऽऽऽऽऽऽऽऽऽऽऽऽऽऽऽऽऽऽऽऽऽऽऽऽऽऽऽऽऽऽऽऽऽऽऽऽऽऽऽऽऽऽऽऽऽऽऽऽऽऽऽऽऽऽऽऽऽऽऽऽऽऽऽऽऽऽऽऽऽऽऽऽऽऽऽऽऽऽऽऽऽऽऽऽऽऽऽऽऽऽऽऽऽऽऽऽऽऽऽऽऽऽऽऽऽऽऽऽऽऽऽऽऽऽऽऽऽऽऽऽऽऽऽऽऽऽऽऽऽऽऽऽऽऽऽऽऽऽऽऽऽऽऽऽऽऽऽऽऽऽऽऽऽऽऽऽऽऽऽऽऽऽऽऽऽऽऽऽऽऽऽऽऽऽऽऽऽऽऽऽऽऽऽऽऽऽऽऽऽऽऽऽऽऽऽऽऽऽऽऽऽऽऽऽऽऽऽऽऽऽऽऽऽऽऽऽऽऽऽऽऽऽऽऽऽऽऽऽऽऽऽऽऽऽऽऽऽऽऽऽऽऽऽऽऽऽऽऽऽऽऽऽऽऽऽऽऽऽऽऽऽऽऽऽऽऽऽऽऽऽऽऽऽऽऽऽऽऽऽऽऽऽऽऽऽऽऽऽऽऽऽऽऽऽऽऽऽऽऽऽऽऽऽऽऽऽऽऽऽऽऽऽऽऽऽऽऽऽऽऽऽऽऽऽऽऽऽऽऽऽऽऽऽऽऽऽऽऽऽऽऽऽऽऽऽऽऽऽऽऽऽऽऽऽऽऽऽऽऽऽऽऽऽऽऽऽऽऽऽऽऽऽऽऽऽऽऽऽऽऽऽऽऽऽऽऽऽऽऽऽऽऽऽऽऽऽऽऽऽऽऽऽऽऽऽऽऽऽऽऽऽऽऽऽऽऽऽऽऽऽऽऽऽऽऽऽऽऽऽऽऽऽऽऽऽऽऽऽऽऽऽऽऽऽऽऽऽऽऽऽऽऽऽऽऽऽऽऽऽऽऽऽऽऽऽऽऽऽऽऽऽऽऽऽऽऽऽऽऽऽऽऽऽऽऽऽऽऽऽऽऽऽऽऽऽऽऽऽऽऽऽऽऽऽऽऽऽऽऽऽऽऽऽऽऽऽऽऽऽऽऽऽऽऽऽऽऽऽऽऽऽऽऽऽऽऽऽऽऽऽऽऽऽऽऽऽऽऽऽऽऽऽऽऽऽऽऽऽऽऽऽऽऽऽऽऽऽऽऽऽऽऽऽऽऽऽऽऽऽऽऽऽऽऽऽऽऽऽऽऽऽऽऽऽऽऽऽऽऽऽऽऽऽऽऽऽऽऽऽऽऽऽऽऽऽऽऽऽऽऽऽऽऽऽऽऽऽऽऽऽऽऽऽऽऽऽऽऽऽऽऽऽऽऽऽऽऽऽऽऽऽऽऽऽऽऽऽऽऽऽऽऽऽऽऽऽऽऽऽऽऽऽऽऽऽऽऽऽऽऽऽऽऽऽऽऽऽऽऽऽऽऽऽऽऽऽऽऽऽऽऽऽऽऽऽऽऽऽऽऽऽऽऽऽऽऽऽऽऽऽऽऽऽऽऽऽऽऽऽऽऽऽऽऽऽऽऽऽऽऽऽऽऽऽऽऽऽऽऽऽऽऽऽऽऽऽऽऽऽऽऽऽऽऽऽऽऽऽऽऽऽऽऽऽऽऽऽऽऽऽऽऽऽऽऽऽऽऽऽऽऽऽऽऽऽऽऽऽऽऽऽऽऽऽऽऽऽऽऽऽऽऽऽऽऽऽऽऽऽऽऽऽऽऽऽऽऽऽऽऽऽऽऽऽऽऽऽऽऽऽऽऽऽऽऽऽऽऽऽऽऽऽऽऽऽऽऽऽऽऽऽऽऽऽऽऽऽऽऽऽऽऽऽऽऽऽऽऽऽऽऽऽऽऽऽऽऽऽऽऽऽऽऽऽऽऽऽऽऽऽऽऽऽऽऽऽऽऽऽऽऽऽऽऽऽऽऽऽऽऽऽऽऽऽऽऽऽऽऽऽऽऽऽऽऽऽऽऽऽऽऽऽऽऽऽऽऽऽऽऽऽऽऽऽऽऽऽऽऽऽऽऽऽऽऽऽऽऽऽऽऽऽऽऽऽऽऽऽऽऽऽऽऽऽऽऽऽऽऽऽऽऽऽऽऽऽऽऽऽऽऽऽऽऽऽऽऽऽऽऽऽऽऽऽऽऽऽऽऽऽऽऽऽऽऽऽऽऽऽऽऽऽऽऽऽऽऽऽऽऽऽऽऽऽऽऽऽऽऽऽऽऽऽऽऽऽऽऽऽऽऽऽऽऽऽऽऽऽऽऽऽऽऽऽऽऽऽऽऽऽऽऽऽऽऽऽऽऽऽऽऽऽऽऽऽऽऽऽऽऽऽऽऽऽऽऽऽऽऽऽऽऽऽऽऽऽऽऽऽऽऽऽऽऽऽऽऽऽऽऽऽऽऽऽऽऽऽऽऽऽऽऽऽऽऽऽऽऽऽऽऽऽऽऽऽऽऽऽऽऽऽऽऽऽऽऽऽऽऽऽऽऽऽऽऽऽऽऽऽऽऽऽऽऽऽऽऽऽऽऽऽऽऽऽऽऽऽऽऽऽऽऽऽऽऽऽऽऽऽऽऽऽऽऽऽऽऽऽऽऽऽऽऽऽऽऽऽऽऽऽऽऽऽऽऽऽऽऽऽऽऽऽऽऽऽऽऽऽऽऽऽऽऽऽऽऽऽऽऽऽऽऽऽऽऽऽऽऽऽऽऽऽऽऽऽऽऽऽऽऽऽऽऽऽऽऽऽऽऽऽऽऽऽऽऽऽऽऽऽऽऽऽऽऽऽऽऽऽऽऽऽऽऽऽऽऽऽऽऽऽऽऽऽऽऽऽऽऽऽऽऽऽऽऽऽऽऽऽऽऽऽऽऽऽऽऽऽऽऽऽऽऽऽऽऽऽऽऽऽऽऽऽऽऽऽऽऽऽऽऽऽऽऽऽऽऽऽऽऽऽऽऽऽऽऽऽऽऽऽऽऽऽऽऽऽऽऽऽऽऽऽऽऽऽऽऽऽऽऽऽऽऽऽऽऽऽऽऽऽऽऽऽऽऽऽऽऽऽऽऽऽऽऽऽऽऽऽऽऽऽऽऽऽऽऽऽऽऽऽऽऽऽऽऽऽऽऽऽऽऽऽऽऽऽऽऽऽऽऽऽऽऽऽऽऽऽऽऽऽऽऽऽऽऽऽऽऽऽऽऽऽऽऽऽऽऽऽऽऽऽऽऽऽऽऽऽऽऽऽऽऽऽऽऽऽऽऽऽऽऽऽऽऽऽऽऽऽऽऽऽऽऽऽऽऽऽऽऽऽऽऽऽऽऽऽऽऽऽऽऽऽऽऽऽऽऽऽऽऽऽऽऽऽऽऽऽऽऽऽऽऽऽऽऽऽऽऽऽऽऽऽऽऽऽऽऽऽऽऽऽऽऽऽऽऽऽऽऽऽऽऽऽऽऽऽऽऽऽऽऽऽऽऽऽऽऽऽऽऽऽऽऽऽऽऽऽऽऽऽऽऽऽऽऽऽऽऽऽऽऽऽऽऽऽऽऽऽऽऽऽऽऽऽऽऽऽऽऽऽऽऽऽऽऽऽऽऽऽऽऽऽऽऽऽऽऽऽऽऽऽऽऽऽऽऽऽऽऽऽऽऽऽऽऽऽऽऽऽऽऽऽऽऽऽऽऽऽऽऽऽऽऽऽऽऽऽऽऽऽऽऽऽऽऽऽऽऽऽऽऽऽऽऽऽऽऽऽऽऽऽऽऽऽऽऽऽऽऽऽऽऽऽऽऽऽऽऽऽऽऽऽऽऽऽऽऽऽऽऽऽऽऽऽऽऽऽऽऽऽऽऽऽऽऽऽऽऽऽऽऽऽऽऽऽऽऽऽऽऽऽऽऽऽऽऽऽऽऽऽऽऽऽऽऽऽऽऽऽऽऽऽऽऽऽऽऽऽऽऽऽऽऽऽऽऽऽऽऽऽऽऽऽऽऽऽऽऽऽऽऽऽऽऽऽऽऽऽऽऽऽऽऽऽऽऽऽऽऽऽऽऽऽऽऽऽऽऽऽऽऽऽऽऽऽऽऽऽऽऽऽऽऽऽऽऽऽऽऽऽऽऽऽऽऽऽऽऽऽऽऽऽऽऽऽऽऽऽऽऽऽऽऽऽऽऽऽऽऽऽऽऽऽऽऽऽऽऽऽऽऽऽऽऽऽऽऽऽऽऽऽऽऽऽऽऽऽऽऽऽऽऽऽऽऽऽऽऽऽऽऽऽऽऽऽऽऽऽऽऽऽऽऽऽऽऽऽऽऽऽऽऽऽऽऽऽऽऽऽऽऽऽऽऽऽऽऽऽऽऽऽऽऽऽऽऽऽऽऽऽऽऽऽऽऽऽऽऽऽऽऽऽऽऽऽऽऽऽऽऽऽऽऽऽऽऽऽऽऽऽऽऽऽऽऽऽऽऽऽऽऽऽऽऽऽऽऽऽऽऽऽऽऽऽऽऽऽऽऽऽऽऽऽऽऽऽऽऽऽऽऽऽऽऽऽऽऽऽऽऽऽऽऽऽऽऽऽऽऽऽऽऽऽऽऽऽऽऽऽऽऽऽऽऽऽऽऽऽऽऽऽऽऽऽऽऽऽऽऽऽऽऽऽऽऽऽऽऽऽऽऽऽऽऽऽऽऽऽऽऽऽऽऽऽऽऽऽऽऽऽऽऽऽऽऽऽऽऽऽऽऽऽऽऽऽऽऽऽऽऽऽऽऽऽऽऽऽऽऽऽऽऽऽऽऽऽऽऽऽऽऽऽऽऽऽऽऽऽऽऽऽऽऽऽऽऽऽऽऽऽऽऽऽऽऽऽऽऽऽऽऽऽऽऽऽऽऽऽऽऽऽऽऽऽऽऽऽऽऽऽऽऽऽऽऽऽऽऽऽऽऽऽऽऽऽऽऽऽऽऽऽऽऽऽऽऽऽऽऽऽऽऽऽऽऽऽऽऽऽऽऽऽऽऽऽऽऽऽऽऽऽऽऽऽऽऽऽऽऽऽऽऽऽऽऽऽऽऽऽऽऽऽऽऽऽऽऽऽऽऽऽऽऽऽऽऽऽऽऽऽऽऽऽऽऽऽऽऽऽऽऽऽऽऽऽऽऽऽऽऽऽऽऽऽऽऽऽऽऽऽऽऽऽऽऽऽऽऽऽऽऽऽऽऽऽऽऽऽऽऽऽऽऽऽऽऽऽऽऽऽऽऽऽऽऽऽऽऽऽऽऽऽऽऽऽऽऽऽऽऽऽऽऽऽऽऽऽऽऽऽऽऽऽऽऽऽऽऽऽऽऽऽऽऽऽऽऽऽऽऽऽऽऽऽऽऽऽऽऽऽऽऽऽऽऽऽऽऽऽऽऽऽऽऽऽऽऽऽऽऽऽऽऽऽऽऽऽऽऽऽऽऽऽऽऽऽऽऽऽऽऽऽऽऽऽऽऽऽऽऽऽऽऽऽऽऽऽऽऽऽऽऽऽऽऽऽऽऽऽऽऽऽऽऽऽऽऽऽऽऽऽऽऽऽऽऽऽऽऽऽऽऽऽऽऽऽऽऽऽऽऽऽऽऽऽऽऽऽऽऽऽऽऽऽऽऽऽऽऽऽऽऽऽऽऽऽऽऽऽऽऽऽऽऽऽऽऽऽऽऽऽऽऽऽऽऽऽऽऽऽऽऽऽऽऽऽऽऽऽऽऽऽऽऽऽऽऽऽऽऽऽऽऽऽऽऽऽऽऽऽऽऽऽऽऽऽऽऽऽऽऽऽऽऽऽऽऽऽऽऽऽऽऽऽऽऽऽऽऽऽऽऽऽऽऽऽऽऽऽऽऽऽऽऽऽऽऽऽऽऽऽऽऽऽऽऽऽऽऽऽऽऽऽऽऽऽऽऽऽऽऽऽऽऽऽऽऽऽऽऽऽऽऽऽऽऽऽऽऽऽऽऽऽऽऽऽऽऽऽऽऽऽऽऽऽऽऽऽऽऽऽऽऽऽऽऽऽऽऽऽऽऽऽऽऽऽऽऽऽऽऽऽऽऽऽऽऽऽऽऽऽऽऽऽऽऽऽऽऽऽऽऽऽऽऽऽऽऽऽऽऽऽऽऽऽऽऽऽऽऽऽऽऽऽऽऽऽऽऽऽऽऽऽऽऽऽऽऽऽऽऽऽऽऽऽऽऽऽऽऽऽऽऽऽऽऽऽऽऽऽऽऽऽऽऽऽऽऽऽऽऽऽऽऽऽऽऽऽऽऽऽऽऽऽऽऽऽऽऽऽऽऽऽऽऽऽऽऽऽऽऽऽऽऽऽऽऽऽऽऽऽऽऽऽऽऽऽऽऽऽऽऽऽऽऽऽऽऽऽऽऽऽऽऽऽऽऽऽऽऽऽऽऽऽऽऽऽऽऽऽऽऽऽऽऽऽऽऽऽऽऽऽऽऽऽऽऽऽऽऽऽऽऽऽऽऽऽऽऽऽऽऽऽऽऽऽऽऽऽऽऽऽऽऽऽऽऽऽऽऽऽऽऽऽऽऽऽऽऽऽऽऽऽऽऽऽऽऽऽऽऽऽऽऽऽऽऽऽऽऽऽऽऽऽऽऽऽऽऽऽऽऽऽऽऽऽऽऽऽऽऽऽऽऽऽऽऽऽऽऽऽऽऽऽऽऽऽऽऽऽऽऽऽऽऽऽऽऽऽऽऽऽऽऽऽऽऽऽऽऽऽऽऽऽऽऽऽऽऽऽऽऽऽऽऽऽऽऽऽऽऽऽऽऽऽऽऽऽऽऽऽऽऽऽऽऽऽऽऽऽऽऽऽऽऽऽऽऽऽऽऽऽऽऽऽऽऽऽऽऽऽऽऽऽऽऽऽऽऽऽऽऽऽऽऽऽऽऽऽऽऽऽऽऽऽऽऽऽऽऽऽऽऽऽऽऽऽऽऽऽऽऽऽऽऽऽऽऽऽऽऽऽऽऽऽऽऽऽऽऽऽऽऽऽऽऽऽऽऽऽऽऽऽऽऽऽऽऽऽऽऽऽऽऽऽऽऽऽऽऽऽऽऽऽऽऽऽऽऽऽऽऽऽऽऽऽऽऽऽऽऽऽऽऽऽऽऽऽऽऽऽऽऽऽऽऽऽऽऽऽऽऽऽऽऽऽऽऽऽऽऽऽऽऽऽऽऽऽऽऽऽऽऽऽऽऽऽऽऽऽऽऽऽऽऽऽऽऽऽऽऽऽऽऽऽऽऽऽऽऽऽऽऽऽऽऽऽऽऽऽऽऽऽऽऽऽऽऽऽऽऽऽऽऽऽऽऽऽऽऽऽऽऽऽऽऽऽऽऽऽऽऽऽऽऽऽऽऽऽऽऽऽऽऽऽऽऽऽऽऽऽऽऽऽऽऽऽऽऽऽऽऽऽऽऽऽऽऽऽऽऽऽऽऽऽऽऽऽऽऽऽऽऽऽऽऽऽऽऽऽऽऽऽऽऽऽऽऽऽऽऽऽऽऽऽऽऽऽऽऽऽऽऽऽऽऽऽऽऽऽऽऽऽऽऽऽऽऽऽऽऽऽऽऽऽऽऽऽऽऽऽऽऽऽऽऽऽऽऽऽऽऽऽऽऽऽऽऽऽऽऽऽऽऽऽऽऽऽऽऽऽऽऽऽऽऽऽऽऽऽऽऽऽऽऽऽऽऽऽऽऽऽऽऽऽऽऽऽऽऽऽऽऽऽऽऽऽऽऽऽऽऽऽऽऽऽऽऽऽऽऽऽऽऽऽऽऽऽऽऽऽऽऽऽऽऽऽऽऽऽऽऽऽऽऽऽऽऽऽऽऽऽऽऽऽऽऽऽऽऽऽऽऽऽऽऽऽऽऽऽऽऽऽऽऽऽऽऽऽऽऽऽऽऽऽऽऽऽऽऽऽऽऽऽऽऽऽऽऽऽऽऽऽऽऽऽऽऽऽऽऽऽऽऽऽऽऽऽऽऽऽऽऽऽऽऽऽऽऽऽऽऽऽऽऽऽऽऽऽऽऽऽऽऽऽऽऽऽऽऽऽऽऽऽऽऽऽऽऽऽऽऽऽऽऽऽऽऽऽऽऽऽऽऽऽऽऽऽऽऽऽऽऽऽऽऽऽऽऽऽऽऽऽऽऽऽऽऽऽऽऽऽऽऽऽऽऽऽऽऽऽऽऽऽऽऽऽऽऽऽऽऽऽऽऽऽऽऽऽऽऽऽऽऽऽऽऽऽऽऽऽऽऽऽऽऽऽऽऽऽऽऽऽऽऽऽऽऽऽऽऽऽऽऽऽऽऽऽऽऽऽऽऽऽऽऽऽऽऽऽऽऽऽऽऽऽऽऽऽऽऽऽऽऽऽऽऽऽऽऽऽऽऽऽऽऽऽऽऽऽऽऽऽऽऽऽऽऽऽऽऽऽऽऽऽऽऽऽऽऽऽऽऽऽऽऽऽऽऽऽऽऽऽऽऽऽऽऽऽऽऽऽऽऽऽऽऽऽऽऽऽऽऽऽऽऽऽऽऽऽऽऽऽऽऽऽऽऽऽऽऽऽऽऽऽऽऽऽऽऽऽऽऽऽऽऽऽऽऽऽऽऽऽऽऽऽऽऽऽऽऽऽऽऽऽऽऽऽऽऽऽऽऽऽऽऽऽऽऽऽऽऽऽऽऽऽऽऽऽऽऽऽऽऽऽऽऽऽऽऽऽऽऽऽऽऽऽऽऽऽऽऽऽऽऽऽऽऽऽऽऽऽऽऽऽऽऽऽऽऽऽऽऽऽऽऽऽऽऽऽऽऽऽऽऽऽऽऽऽऽऽऽऽऽऽऽऽऽऽऽऽऽऽऽऽऽऽऽऽऽऽऽऽऽऽऽऽऽऽऽऽऽऽऽऽऽऽऽऽऽऽऽऽऽऽऽऽऽऽऽऽऽऽऽऽऽऽऽऽऽऽऽऽऽऽऽऽऽऽऽऽऽऽऽऽऽऽऽऽऽऽऽऽऽऽऽऽऽऽऽऽऽऽऽऽऽऽऽऽऽऽऽऽऽऽऽऽऽऽऽऽऽऽऽऽऽऽऽऽऽऽऽऽऽऽऽऽऽऽऽऽऽऽऽऽऽऽऽऽऽऽऽऽऽऽऽऽऽऽऽऽऽऽऽऽऽऽऽऽऽऽऽऽऽऽऽऽऽऽऽऽऽऽऽऽऽऽऽऽऽऽऽऽऽऽऽऽऽऽऽऽऽऽऽऽऽऽऽऽऽऽऽऽऽऽऽऽऽऽऽऽऽऽऽऽऽऽऽऽऽऽऽऽऽऽऽऽऽऽऽऽऽऽऽऽऽऽऽऽऽऽऽऽऽऽऽऽऽऽऽऽऽऽऽऽऽऽऽऽऽऽऽऽऽऽऽऽऽऽऽऽऽऽऽऽऽऽऽऽऽऽऽऽऽऽऽऽऽऽऽऽऽऽऽऽऽऽऽऽऽऽऽऽऽऽऽऽऽऽऽऽऽऽऽऽऽऽऽऽऽऽऽऽऽऽऽऽऽऽऽऽऽऽऽऽऽऽऽऽऽऽऽऽऽऽऽऽऽऽऽऽऽऽऽऽऽऽऽऽऽऽऽऽऽऽऽऽऽऽऽऽऽऽऽऽऽऽऽऽऽऽऽऽऽऽऽऽऽऽऽऽऽऽऽऽऽऽऽऽऽऽऽऽऽऽऽऽऽऽऽऽऽऽऽऽऽऽऽऽऽऽऽऽऽऽऽऽऽऽऽऽऽऽऽऽऽऽऽऽऽऽऽऽऽऽऽऽऽऽऽऽऽऽऽऽऽऽऽऽऽऽऽऽऽऽऽऽऽऽऽऽऽऽऽऽऽऽऽऽऽऽऽऽऽऽऽऽऽऽऽऽऽऽऽऽऽऽऽऽऽऽऽऽऽऽऽऽऽऽऽऽऽऽऽऽऽऽऽऽऽऽऽऽऽऽऽऽऽऽऽऽऽऽऽऽऽऽऽऽऽऽऽऽऽऽऽऽऽऽऽऽऽऽऽऽऽऽऽऽऽऽऽऽऽऽऽऽऽऽऽऽऽऽऽऽऽऽऽऽऽऽऽऽऽऽऽऽऽऽऽऽऽऽऽऽऽऽऽऽऽऽऽऽऽऽऽऽऽऽऽऽऽऽऽऽऽऽऽऽऽऽऽऽऽऽऽऽऽऽऽऽऽऽऽऽऽऽऽऽऽऽऽऽऽऽऽऽऽऽऽऽऽऽऽऽऽऽऽऽऽऽऽऽऽऽऽऽऽऽऽऽऽऽऽऽऽऽऽऽऽऽऽऽऽऽऽऽऽऽऽऽऽऽऽऽऽऽऽऽऽऽऽऽऽऽऽऽऽऽऽऽऽऽऽऽऽऽऽऽऽऽऽऽऽऽऽऽऽऽऽऽऽऽऽऽऽऽऽऽऽऽऽऽऽऽऽऽऽऽऽऽऽऽऽऽऽऽऽऽऽऽऽऽऽऽऽऽऽऽऽऽऽऽऽऽऽऽऽऽऽऽऽऽऽऽऽऽऽऽऽऽऽऽऽऽऽऽऽऽऽऽऽऽऽऽऽऽऽऽऽऽऽऽऽऽऽऽऽऽऽऽऽऽऽऽऽऽऽऽऽऽऽऽऽऽऽऽऽऽऽऽऽऽऽऽऽऽऽऽऽऽऽऽऽऽऽऽऽऽऽऽऽऽऽऽऽऽऽऽऽऽऽऽऽऽऽऽऽऽऽऽऽऽऽऽऽऽऽऽऽऽऽऽऽऽऽऽऽऽऽऽऽऽऽऽऽऽऽऽऽऽऽऽऽऽऽऽऽऽऽऽऽऽऽऽऽऽऽऽऽऽऽऽऽऽऽऽऽऽऽऽऽऽऽऽऽऽऽऽऽऽऽऽऽऽऽऽऽऽऽऽऽऽऽऽऽऽऽऽऽऽऽऽऽऽऽऽऽऽऽऽऽऽऽऽऽऽऽऽऽऽऽऽऽऽऽऽऽऽऽऽऽऽऽऽऽऽऽऽऽऽऽऽऽऽऽऽऽऽऽऽऽऽऽऽऽऽऽऽऽऽऽऽऽऽऽऽऽऽऽऽऽऽऽऽऽऽऽऽऽऽऽऽऽऽऽऽऽऽऽऽऽऽऽऽऽऽऽऽऽऽऽऽऽऽऽऽऽऽऽऽऽऽऽऽऽऽऽऽऽऽऽऽऽऽऽऽऽऽऽऽऽऽऽऽऽऽऽऽऽऽऽऽऽऽऽऽऽऽऽऽऽऽऽऽऽऽऽऽऽऽऽऽऽऽऽऽऽऽऽऽऽऽऽऽऽऽऽऽऽऽऽऽऽऽऽऽऽऽऽऽऽऽऽऽऽऽऽऽऽऽऽऽऽऽऽऽऽऽऽऽऽऽऽऽऽऽऽऽऽऽऽऽऽऽऽऽऽऽऽऽऽऽऽऽऽऽऽऽऽऽऽऽऽऽऽऽऽऽऽऽऽऽऽऽऽऽऽऽऽऽऽऽऽऽऽऽऽऽऽऽऽऽऽऽऽऽऽऽऽऽऽऽऽऽऽऽऽऽऽऽऽऽऽऽऽऽऽऽऽऽऽऽऽऽऽऽऽऽऽऽऽऽऽऽऽऽऽऽऽऽऽऽऽऽऽऽऽऽऽऽऽऽऽऽऽऽऽऽऽऽऽऽऽऽऽऽऽऽऽऽऽऽऽऽऽऽऽऽऽऽऽऽऽऽऽऽऽऽऽऽऽऽऽऽऽऽऽऽऽऽऽऽऽऽऽऽऽऽऽऽऽऽऽऽऽऽऽऽऽऽऽऽऽऽऽऽऽऽऽऽऽऽऽऽऽऽऽऽऽऽऽऽऽऽऽऽऽऽऽऽऽऽऽऽऽऽऽऽऽऽऽऽऽऽऽऽऽऽऽऽऽऽऽऽऽऽऽऽऽऽऽऽऽऽऽऽऽऽऽऽऽऽऽऽऽऽऽऽऽऽऽऽऽऽऽऽऽऽऽऽऽऽऽऽऽऽऽऽऽऽऽऽऽऽऽऽऽऽऽऽऽऽऽऽऽऽऽऽऽऽऽऽऽऽऽऽऽऽऽऽऽऽऽऽऽऽऽऽऽऽऽऽऽऽऽऽऽऽऽऽऽऽऽऽऽऽऽऽऽऽऽऽऽऽऽऽऽऽऽऽऽऽऽऽऽऽऽऽऽऽऽऽऽऽऽऽऽऽऽऽऽऽऽऽऽऽऽऽऽऽऽऽऽऽऽऽऽऽऽऽऽऽऽऽऽऽऽऽऽऽऽऽऽऽऽऽऽऽऽऽऽऽऽऽऽऽऽऽऽऽऽऽऽऽऽऽऽऽऽऽऽऽऽऽऽऽऽऽऽऽऽऽऽऽऽऽऽऽऽऽऽऽऽऽऽऽऽऽऽऽऽऽऽऽऽऽऽऽऽऽऽऽऽऽऽऽऽऽऽऽऽऽऽऽऽऽऽऽऽऽऽऽऽऽऽऽऽऽऽऽऽऽऽऽऽऽऽऽऽऽऽऽऽऽऽऽऽऽऽऽऽऽऽऽऽऽऽऽऽऽऽऽऽऽऽऽऽऽऽऽऽऽऽऽऽऽऽऽऽऽऽऽऽऽऽऽऽऽऽऽऽऽऽऽऽऽऽऽऽऽऽऽऽऽऽऽऽऽऽऽऽऽऽऽऽऽऽऽऽऽऽऽऽऽऽऽऽऽऽऽऽऽऽऽऽऽऽऽऽऽऽऽऽऽऽऽऽऽऽऽऽऽऽऽऽऽऽऽऽऽऽऽऽऽऽऽऽऽऽऽऽऽऽऽऽऽऽऽऽऽऽऽऽऽऽऽऽऽऽऽऽऽऽऽऽऽऽऽऽऽऽऽऽऽऽऽऽऽऽऽऽऽऽऽऽऽऽऽऽऽऽऽऽऽऽऽऽऽऽऽऽऽऽऽऽऽऽऽऽऽऽऽऽऽऽऽऽऽऽऽऽऽऽऽऽऽऽऽऽऽऽऽऽऽऽऽऽऽऽऽऽऽऽऽऽऽऽऽऽऽऽऽऽऽऽऽऽऽऽऽऽऽऽऽऽऽऽऽऽऽऽऽऽऽऽऽऽऽऽऽऽऽऽऽऽऽऽऽऽऽऽऽऽऽऽऽऽऽऽऽऽऽऽऽऽऽऽऽऽऽऽऽऽऽऽऽऽऽऽऽऽऽऽऽऽऽऽऽऽऽऽऽऽऽऽऽऽऽऽऽऽऽऽऽऽऽऽऽऽऽऽऽऽऽऽऽऽऽऽऽऽऽऽऽऽऽऽऽऽऽऽऽऽऽऽऽऽऽऽऽऽऽऽऽऽऽऽऽऽऽऽऽऽऽऽऽऽऽऽऽऽऽऽऽऽऽऽऽऽऽऽऽऽऽऽऽऽऽऽऽऽऽऽऽऽऽऽऽऽऽऽऽऽऽऽऽऽऽऽऽऽऽऽऽऽऽऽऽऽऽऽऽऽऽऽऽऽऽऽऽऽऽऽऽऽऽऽऽऽऽऽऽऽऽऽऽऽऽऽऽऽऽऽऽऽऽऽऽऽऽऽऽऽऽऽऽऽऽऽऽऽऽऽऽऽऽऽऽऽऽऽऽऽऽऽऽऽऽऽऽऽऽऽऽऽऽऽऽऽऽऽऽऽऽऽऽऽऽऽऽऽऽऽऽऽऽऽऽऽऽऽऽऽऽऽऽऽऽऽऽऽऽऽऽऽऽऽऽऽऽऽऽऽऽऽऽऽऽऽऽऽऽऽऽऽऽऽऽऽऽऽऽऽऽऽऽऽऽऽऽऽऽऽऽऽऽऽऽऽऽऽऽऽऽऽऽऽऽऽऽऽऽऽऽऽऽऽऽऽऽऽऽऽऽऽऽऽऽऽऽऽऽऽऽऽऽऽऽऽऽऽऽऽऽऽऽऽऽऽऽऽऽऽऽऽऽऽऽऽऽऽऽऽऽऽऽऽऽऽऽऽऽऽऽऽऽऽऽऽऽऽऽऽऽऽऽऽऽऽऽऽऽऽऽऽऽऽऽऽऽऽऽऽऽऽऽऽऽऽऽऽऽऽऽऽऽऽऽऽऽऽऽऽऽऽऽऽऽऽऽऽऽऽऽऽऽऽऽऽऽऽऽऽऽऽऽऽऽऽऽऽऽऽऽऽऽऽऽऽऽऽऽऽऽऽऽऽऽऽऽऽऽऽऽऽऽऽऽऽऽऽऽऽऽऽऽऽऽऽऽऽऽऽऽऽऽऽऽऽऽऽऽऽऽऽऽऽऽऽऽऽऽऽऽऽऽऽऽऽऽऽऽऽऽऽऽऽऽऽऽऽऽऽऽऽऽऽऽऽऽऽऽऽऽऽऽऽऽऽऽऽऽऽऽऽऽऽऽऽऽऽऽऽऽऽऽऽऽऽऽऽऽऽऽऽऽऽऽऽऽऽऽऽऽऽऽऽऽऽऽऽऽऽऽऽऽऽऽऽऽऽऽऽऽऽऽऽऽऽऽऽऽऽऽऽऽऽऽऽऽऽऽऽऽऽऽऽऽऽऽऽऽऽऽऽऽऽऽऽऽऽऽऽऽऽऽऽऽऽऽऽऽऽऽऽऽऽऽऽऽऽऽऽऽऽऽऽऽऽऽऽऽऽऽऽऽऽऽऽऽऽऽऽऽऽऽऽऽऽऽऽऽऽऽऽऽऽऽऽऽऽऽऽऽऽऽऽऽऽऽऽऽऽऽऽऽऽऽऽऽऽऽऽऽऽऽऽऽऽऽऽऽऽऽऽऽऽऽऽऽऽऽऽऽऽऽऽऽऽऽऽऽऽऽऽऽऽऽऽऽऽऽऽऽऽऽऽऽऽऽऽऽऽऽऽऽऽऽऽऽऽऽऽऽऽऽऽऽऽऽऽऽऽऽऽऽऽऽऽऽऽऽऽऽऽऽऽऽऽऽऽऽऽऽऽऽऽऽऽऽऽऽऽऽऽऽऽऽऽऽऽऽऽऽऽऽऽऽऽऽऽऽऽऽऽऽऽऽऽऽऽऽऽऽऽऽऽऽऽऽऽऽऽऽऽऽऽऽऽऽऽऽऽऽऽऽऽऽऽऽऽऽऽऽऽऽऽऽऽऽऽऽऽऽऽऽऽऽऽऽऽऽऽऽऽऽऽऽऽऽऽऽऽऽऽऽऽऽऽऽऽऽऽऽऽऽऽऽऽऽऽऽऽऽऽऽऽऽऽऽऽऽऽऽऽऽऽऽऽऽऽऽऽऽऽऽऽऽऽऽऽऽऽऽऽऽऽऽऽऽऽऽऽऽऽऽऽऽऽऽऽऽऽऽऽऽऽऽऽऽऽऽऽऽऽऽऽऽऽऽऽऽऽऽऽऽऽऽऽऽऽऽऽऽऽऽऽऽऽऽऽऽऽऽऽऽऽऽऽऽऽऽऽऽऽऽऽऽऽऽऽऽऽऽऽऽऽऽऽऽऽऽऽऽऽऽऽऽऽऽऽऽऽऽऽऽऽऽऽऽऽऽऽऽऽऽऽऽऽऽऽऽऽऽऽऽऽऽऽऽऽऽऽऽऽऽऽऽऽऽऽऽऽऽऽऽऽऽऽऽऽऽऽऽऽऽऽऽऽऽऽऽऽऽऽऽऽऽऽऽऽऽऽऽऽऽऽऽऽऽऽऽऽऽऽऽऽऽऽऽऽऽऽऽऽऽऽऽऽऽऽऽऽऽऽऽऽऽऽऽऽऽऽऽऽऽऽऽऽऽऽऽऽऽऽऽऽऽऽऽऽऽऽऽऽऽऽऽऽऽऽऽऽऽऽऽऽऽऽऽऽऽऽऽऽऽऽऽऽऽऽऽऽऽऽऽऽऽऽऽऽऽऽऽऽऽऽऽऽऽऽऽऽऽऽऽऽऽऽऽऽऽऽऽऽऽऽऽऽऽऽऽऽऽऽऽऽऽऽऽऽऽऽऽऽऽऽऽऽऽऽऽऽऽऽऽऽऽऽऽऽऽऽऽऽऽऽऽऽऽऽऽऽऽऽऽऽऽऽऽऽऽऽऽऽऽऽऽऽऽऽऽऽऽऽऽऽऽऽऽऽऽऽऽऽऽऽऽऽऽऽऽऽऽऽऽऽऽऽऽऽऽऽऽऽऽऽऽऽऽऽऽऽऽऽऽऽऽऽऽऽऽऽऽऽऽऽऽऽऽऽऽऽऽऽऽऽऽऽऽऽऽऽऽऽऽऽऽऽऽऽऽऽऽऽऽऽऽऽऽऽऽऽऽऽऽऽऽऽऽऽऽऽऽऽऽऽऽऽऽऽऽऽऽऽऽऽऽऽऽऽऽऽऽऽऽऽऽऽऽऽऽऽऽऽऽऽऽऽऽऽऽऽऽऽऽऽऽऽऽऽऽऽऽऽऽऽऽऽऽऽऽऽऽऽऽऽऽऽऽऽऽऽऽऽऽऽऽऽऽऽऽऽऽऽऽऽऽऽऽऽऽऽऽऽऽऽऽऽऽऽऽऽऽऽऽऽऽऽऽऽऽऽऽऽऽऽऽऽऽऽऽऽऽऽऽऽऽऽऽऽऽऽऽऽऽऽऽऽऽऽऽऽऽऽऽऽऽऽऽऽऽऽऽऽऽऽऽऽऽऽऽऽऽऽऽऽऽऽऽऽऽऽऽऽऽऽऽऽऽऽऽऽऽऽऽऽऽऽऽऽऽऽऽऽऽऽऽऽऽऽऽऽऽऽऽऽऽऽऽऽऽऽऽऽऽऽऽऽऽऽऽऽऽऽऽऽऽऽऽऽऽऽऽऽऽऽऽऽऽऽऽऽऽऽऽऽऽऽऽऽऽऽऽऽऽऽऽऽऽऽऽऽऽऽऽऽऽऽऽऽऽऽऽऽऽऽऽऽऽऽऽऽऽऽऽऽऽऽऽऽऽऽऽऽऽऽऽऽऽऽऽऽऽऽऽऽऽऽऽऽऽऽऽऽऽऽऽऽऽऽऽऽऽऽऽऽऽऽऽऽऽऽऽऽऽऽऽऽऽऽऽऽऽऽऽऽऽऽऽऽऽऽऽऽऽऽऽऽऽऽऽऽऽऽऽऽऽऽऽऽऽऽऽऽऽऽऽऽऽऽऽऽऽऽऽऽऽऽऽऽऽऽऽऽऽऽऽऽऽऽऽऽऽऽऽऽऽऽऽऽऽऽऽऽऽऽऽऽऽऽऽऽऽऽऽऽऽऽऽऽऽऽऽऽऽऽऽऽऽऽऽऽऽऽऽऽऽऽऽऽऽऽऽऽऽऽऽऽऽऽऽऽऽऽऽऽऽऽऽऽऽऽऽऽऽऽऽऽऽऽऽऽऽऽऽऽऽऽऽऽऽऽऽऽऽऽऽऽऽऽऽऽऽऽऽऽऽऽऽऽऽऽऽऽऽऽऽऽऽऽऽऽऽऽऽऽऽऽऽऽऽऽऽऽऽऽऽऽऽऽऽऽऽऽऽऽऽऽऽऽऽऽऽऽऽऽऽऽऽऽऽऽऽऽऽऽऽऽऽऽऽऽऽऽऽऽऽऽऽऽऽऽऽऽऽऽऽऽऽऽऽऽऽऽऽऽऽऽऽऽऽऽऽऽऽऽऽऽऽऽऽऽऽऽऽऽऽऽऽऽऽऽऽऽऽऽऽऽऽऽऽऽऽऽऽऽऽऽऽऽऽऽऽऽऽऽऽऽऽऽऽऽऽऽऽऽऽऽऽऽऽऽऽऽऽऽऽऽऽऽऽऽऽऽऽऽऽऽऽऽऽऽऽऽऽऽऽऽऽऽऽऽऽऽऽऽऽऽऽऽऽऽऽऽऽऽऽऽऽऽऽऽऽऽऽऽऽऽऽऽऽऽऽऽऽऽऽऽऽऽऽऽऽऽऽऽऽऽऽऽऽऽऽऽऽऽऽऽऽऽऽऽऽऽऽऽऽऽऽऽऽऽऽऽऽऽऽऽऽऽऽऽऽऽऽऽऽऽऽऽऽऽऽऽऽऽऽऽऽऽऽऽऽऽऽऽऽऽऽऽऽऽऽऽऽऽऽऽऽऽऽऽऽऽऽऽऽऽऽऽऽऽऽऽऽऽऽऽऽऽऽऽऽऽऽऽऽऽऽऽऽऽऽऽऽऽऽऽऽऽऽऽऽऽऽऽऽऽऽऽऽऽऽऽऽऽऽऽऽऽऽऽऽऽऽऽऽऽऽऽऽऽऽऽऽऽऽऽऽऽऽऽऽऽऽऽऽऽऽऽऽऽऽऽऽऽऽऽऽऽऽऽऽऽऽऽऽऽऽऽऽऽऽऽऽऽऽऽऽऽऽऽऽऽऽऽऽऽऽऽऽऽऽऽऽऽऽऽऽऽऽऽऽऽऽऽऽऽऽऽऽऽऽऽऽऽऽऽऽऽऽऽऽऽऽऽऽऽऽऽऽऽऽऽऽऽऽऽऽऽऽऽऽऽऽऽऽऽऽऽऽऽऽऽऽऽऽऽऽऽऽऽऽऽऽऽऽऽऽऽऽऽऽऽऽऽऽऽऽऽऽऽऽऽऽऽऽऽऽऽऽऽऽऽऽऽऽऽऽऽऽऽऽऽऽऽऽऽऽऽऽऽऽऽऽऽऽऽऽऽऽऽऽऽऽऽऽऽऽऽऽऽऽऽऽऽऽऽऽऽऽऽऽऽऽऽऽऽऽऽऽऽऽऽऽऽऽऽऽऽऽऽऽऽऽऽऽऽऽऽऽऽऽऽऽऽऽऽऽऽऽऽऽऽऽऽऽऽऽऽऽऽऽऽऽऽऽऽऽऽऽऽऽऽऽऽऽऽऽऽऽऽऽऽऽऽऽऽऽऽऽऽऽऽऽऽऽऽऽऽऽऽऽऽऽऽऽऽऽऽऽऽऽऽऽऽऽऽऽऽऽऽऽऽऽऽऽऽऽऽऽऽऽऽऽऽऽऽऽऽऽऽऽऽऽऽऽऽऽऽऽऽऽऽऽऽऽऽऽऽऽऽऽऽऽऽऽऽऽऽऽऽऽऽऽऽऽऽऽऽऽऽऽऽऽऽऽऽऽऽऽऽऽऽऽऽऽऽऽऽऽऽऽऽऽऽऽऽऽऽऽऽऽऽऽऽऽऽऽऽऽऽऽऽऽऽऽऽऽऽऽऽऽऽऽऽऽऽऽऽऽऽऽऽऽऽऽऽऽऽऽऽऽऽऽऽऽऽऽऽऽऽऽऽऽऽऽऽऽऽऽऽऽऽऽऽऽऽऽऽऽऽऽऽऽऽऽऽऽऽऽऽऽऽऽऽऽऽऽऽऽऽऽऽऽऽऽऽऽऽऽऽऽऽऽऽऽऽऽऽऽऽऽऽऽऽऽऽऽऽऽऽऽऽऽऽऽऽऽऽऽऽऽऽऽऽऽऽऽऽऽऽऽऽऽऽऽऽऽऽऽऽऽऽऽऽऽऽऽऽऽऽऽऽऽऽऽऽऽऽऽऽऽऽऽऽऽऽऽऽऽऽऽऽऽऽऽऽऽऽऽऽऽऽऽऽऽऽऽऽऽऽऽऽऽऽऽऽऽऽऽऽऽऽऽऽऽऽऽऽऽऽऽऽऽऽऽऽऽऽऽऽऽऽऽऽऽऽऽऽऽऽऽऽऽऽऽऽऽऽऽऽऽऽऽऽऽऽऽऽऽऽऽऽऽऽऽऽऽऽऽऽऽऽऽऽऽऽऽऽऽऽऽऽऽऽऽऽऽऽऽऽऽऽऽऽऽऽऽऽऽऽऽऽऽऽऽऽऽऽऽऽऽऽऽऽऽऽऽऽऽऽऽऽऽऽऽऽऽऽऽऽऽऽऽऽऽऽऽऽऽऽऽऽऽऽऽऽऽऽऽऽऽऽऽऽऽऽऽऽऽऽऽऽऽऽऽऽऽऽऽऽऽऽऽऽऽऽऽऽऽऽऽऽऽऽऽऽऽऽऽऽऽऽऽऽऽऽऽऽऽऽऽऽऽऽऽऽऽऽऽऽऽऽऽऽऽऽऽऽऽऽऽऽऽऽऽऽऽऽऽऽऽऽऽऽऽऽऽऽऽऽऽऽऽऽऽऽऽऽऽऽऽऽऽऽऽऽऽऽऽऽऽऽऽऽऽऽऽऽऽऽऽऽऽऽऽऽऽऽऽऽऽऽऽऽऽऽऽऽऽऽऽऽऽऽऽऽऽऽऽऽऽऽऽऽऽऽऽऽऽऽऽऽऽऽऽऽऽऽऽऽऽऽऽऽऽऽऽऽऽऽऽऽऽऽऽऽऽऽऽऽऽऽऽऽऽऽऽऽऽऽऽऽऽऽऽऽऽऽऽऽऽऽऽऽऽऽऽऽऽऽऽऽऽऽऽऽऽऽऽऽऽऽऽऽऽऽऽऽऽऽऽऽऽऽऽऽऽऽऽऽऽऽऽऽऽऽऽऽऽऽऽऽऽऽऽऽऽऽऽऽऽऽऽऽऽऽऽऽऽऽऽऽऽऽऽऽऽऽऽऽऽऽऽऽऽऽऽऽऽऽऽऽऽऽऽऽऽऽऽऽऽऽऽऽऽऽऽऽऽऽऽऽऽऽऽऽऽऽऽऽऽऽऽऽऽऽऽऽऽऽऽऽऽऽऽऽऽऽऽऽऽऽऽऽऽऽऽऽऽऽऽऽऽऽऽऽऽऽऽऽऽऽऽऽऽऽऽऽऽऽऽऽऽऽऽऽऽऽऽऽऽऽऽऽऽऽऽऽऽऽऽऽऽऽऽऽऽऽऽऽऽऽऽऽऽऽऽऽऽऽऽऽऽऽऽऽऽऽऽऽऽऽऽऽऽऽऽऽऽऽऽऽऽऽऽऽऽऽऽऽऽऽऽऽऽऽऽऽऽऽऽऽऽऽऽऽऽऽऽऽऽऽऽऽऽऽऽऽऽऽऽऽऽऽऽऽऽऽऽऽऽऽऽऽऽऽऽऽऽऽऽऽऽऽऽऽऽऽऽऽऽऽऽऽऽऽऽऽऽऽऽऽऽऽऽऽऽऽऽऽऽऽऽऽऽऽऽऽऽऽऽऽऽऽऽऽऽऽऽऽऽऽऽऽऽऽऽऽऽऽऽऽऽऽऽऽऽऽऽऽऽऽऽऽऽऽऽऽऽऽऽऽऽऽऽऽऽऽऽऽऽऽऽऽऽऽऽऽऽऽऽऽऽऽऽऽऽऽऽऽऽऽऽऽऽऽऽऽऽऽऽऽऽऽऽऽऽऽऽऽऽऽऽऽऽऽऽऽऽऽऽऽऽऽऽऽऽऽऽऽऽऽऽऽऽऽऽऽऽऽऽऽऽऽऽऽऽऽऽऽऽऽऽऽऽऽऽऽऽऽऽऽऽऽऽऽऽऽऽऽऽऽऽऽऽऽऽऽऽऽऽऽऽऽऽऽऽऽऽऽऽऽऽऽऽऽऽऽऽऽऽऽऽऽऽऽऽऽऽऽऽऽऽऽऽऽऽऽऽऽऽऽऽऽऽऽऽऽऽऽऽऽऽऽऽऽऽऽऽऽऽऽऽऽऽऽऽऽऽऽऽऽऽऽऽऽऽऽऽऽऽऽऽऽऽऽऽऽऽऽऽऽऽऽऽऽऽऽऽऽऽऽऽऽऽऽऽऽऽऽऽऽऽऽऽऽऽऽऽऽऽऽऽऽऽऽऽऽऽऽऽऽऽऽऽऽऽऽऽऽऽऽऽऽऽऽऽऽऽऽऽऽऽऽऽऽऽऽऽऽऽऽऽऽऽऽऽऽऽऽऽऽऽऽऽऽऽऽऽऽऽऽऽऽऽऽऽऽऽऽऽऽऽऽऽऽऽऽऽऽऽऽऽऽऽऽऽऽऽऽऽऽऽऽऽऽऽऽऽऽऽऽऽऽऽऽऽऽऽऽऽऽऽऽऽऽऽऽऽऽऽऽऽऽऽऽऽऽऽऽऽऽऽऽऽऽऽऽऽऽऽऽऽऽऽऽऽऽऽऽऽऽऽऽऽऽऽऽऽऽऽऽऽऽऽऽऽऽऽऽऽऽऽऽऽऽऽऽऽऽऽऽऽऽऽऽऽऽऽऽऽऽऽऽऽऽऽऽऽऽऽऽऽऽऽऽऽऽऽऽऽऽऽऽऽऽऽऽऽऽऽऽऽऽऽऽऽऽऽऽऽऽऽऽऽऽऽऽऽऽऽऽऽऽऽऽऽऽऽऽऽऽऽऽऽऽऽऽऽऽऽऽऽऽऽऽऽऽऽऽऽऽऽऽऽऽऽऽऽऽऽऽऽऽऽऽऽऽऽऽऽऽऽऽऽऽऽऽऽऽऽऽऽऽऽऽऽऽऽऽऽऽऽऽऽऽऽऽऽऽऽऽऽऽऽऽऽऽऽऽऽऽऽऽऽऽऽऽऽऽऽऽऽऽऽऽऽऽऽऽऽऽऽऽऽऽऽऽऽऽऽऽऽऽऽऽऽऽऽऽऽऽऽऽऽऽऽऽऽऽऽऽऽऽऽऽऽऽऽऽऽऽऽऽऽऽऽऽऽऽऽऽऽऽऽऽऽऽऽऽऽऽऽऽऽऽऽऽऽऽऽऽऽऽऽऽऽऽऽऽऽऽऽऽऽऽऽऽऽऽऽऽऽऽऽऽऽऽऽऽऽऽऽऽऽऽऽऽऽऽऽऽऽऽऽऽऽऽऽऽऽऽऽऽऽऽऽऽऽऽऽऽऽऽऽऽऽऽऽऽऽऽऽऽऽऽऽऽऽऽऽऽऽऽऽऽऽऽऽऽऽऽऽऽऽऽऽऽऽऽऽऽऽऽऽऽऽऽऽऽऽऽऽऽऽऽऽऽऽऽऽऽऽऽऽऽऽऽऽऽऽऽऽऽऽऽऽऽऽऽऽऽऽऽऽऽऽऽऽऽऽऽऽऽऽऽऽऽऽऽऽऽऽऽऽऽऽऽऽऽऽऽऽऽऽऽऽऽऽऽऽऽऽऽऽऽऽऽऽऽऽऽऽऽऽऽऽऽऽऽऽऽऽऽऽऽऽऽऽऽऽऽऽऽऽऽऽऽऽऽऽऽऽऽऽऽऽऽऽऽऽऽऽऽऽऽऽऽऽऽऽऽऽऽऽऽऽऽऽऽऽऽऽऽऽऽऽऽऽऽऽऽऽऽऽऽऽऽऽऽऽऽऽऽऽऽऽऽऽऽऽऽऽऽऽऽऽऽऽऽऽऽऽऽऽऽऽऽऽऽऽऽऽऽऽऽऽऽऽऽऽऽऽऽऽऽऽऽऽऽऽऽऽऽऽऽऽऽऽऽऽऽऽऽऽऽऽऽऽऽऽऽऽऽऽऽऽऽऽऽऽऽऽऽऽऽऽऽऽऽऽऽऽऽऽऽऽऽऽऽऽऽऽऽऽऽऽऽऽऽऽऽऽऽऽऽऽऽऽऽऽऽऽऽऽऽऽऽऽऽऽऽऽऽऽऽऽऽऽऽऽऽऽऽऽऽऽऽऽऽऽऽऽऽऽऽऽऽऽऽऽऽऽऽऽऽऽऽऽऽऽऽऽऽऽऽऽऽऽऽऽऽऽऽऽऽऽऽऽऽऽऽऽऽऽऽऽऽऽऽऽऽऽऽऽऽऽऽऽऽऽऽऽऽऽऽऽऽऽऽऽऽऽऽऽऽऽऽऽऽऽऽऽऽऽऽऽऽऽऽऽऽऽऽऽऽऽऽऽऽऽऽऽऽऽऽऽऽऽऽऽऽऽऽऽऽऽऽऽऽऽऽऽऽऽऽऽऽऽऽऽऽऽऽऽऽऽऽऽऽऽऽऽऽऽऽऽऽऽऽऽऽऽऽऽऽऽऽऽऽऽऽऽऽऽऽऽऽऽऽऽऽऽऽऽऽऽऽऽऽऽऽऽऽऽऽऽऽऽऽऽऽऽऽऽऽऽऽऽऽऽऽऽऽऽऽऽऽऽऽऽऽऽऽऽऽऽऽऽऽऽऽऽऽऽऽऽऽऽऽऽऽऽऽऽऽऽऽऽऽऽऽऽऽऽऽऽऽऽऽऽऽऽऽऽऽऽऽऽऽऽऽऽऽऽऽऽऽऽऽऽऽऽऽऽऽऽऽऽऽऽऽऽऽऽऽऽऽऽऽऽऽऽऽऽऽऽऽऽऽऽऽऽऽऽऽऽऽऽऽऽऽऽऽऽऽऽऽऽऽऽऽऽऽऽऽऽऽऽऽऽऽऽऽऽऽऽऽऽऽऽऽऽऽऽऽऽऽऽऽऽऽऽऽऽऽऽऽऽऽऽऽऽऽऽऽऽऽऽऽऽऽऽऽऽऽऽऽऽऽऽऽऽऽऽऽऽऽऽऽऽऽऽऽऽऽऽऽऽऽऽऽऽऽऽऽऽऽऽऽऽऽऽऽऽऽऽऽऽऽऽऽऽऽऽऽऽऽऽऽऽऽऽऽऽऽऽऽऽऽऽऽऽऽऽऽऽऽऽऽऽऽऽऽऽऽऽऽऽऽऽऽऽऽऽऽऽऽऽऽऽऽऽऽऽऽऽऽऽऽऽऽऽऽऽऽऽऽऽऽऽऽऽऽऽऽऽऽऽऽऽऽऽऽऽऽऽऽऽऽऽऽऽऽऽऽऽऽऽऽऽऽऽऽऽऽऽऽऽऽऽऽऽऽऽऽऽऽऽऽऽऽऽऽऽऽऽऽऽऽऽऽऽऽऽऽऽऽऽऽऽऽऽऽऽऽऽऽऽऽऽऽऽऽऽऽऽऽऽऽऽऽऽऽऽऽऽऽऽऽऽऽऽऽऽऽऽऽऽऽऽऽऽऽऽऽऽऽऽऽऽऽऽऽऽऽऽऽऽऽऽऽऽऽऽऽऽऽऽऽऽऽऽऽऽऽऽऽऽऽऽऽऽऽऽऽऽऽऽऽऽऽऽऽऽऽऽऽऽऽऽऽऽऽऽऽऽऽऽऽऽऽऽऽऽऽऽऽऽऽऽऽऽऽऽऽऽऽऽऽऽऽऽऽऽऽऽऽऽऽऽऽऽऽऽऽऽऽऽऽऽऽऽऽऽऽऽऽऽऽऽऽऽऽऽऽऽऽऽऽऽऽऽऽऽऽऽऽऽऽऽऽऽऽऽऽऽऽऽऽऽऽऽऽऽऽऽऽऽऽऽऽऽऽऽऽऽऽऽऽऽऽऽऽऽऽऽऽऽऽऽऽऽऽऽऽऽऽऽऽऽऽऽऽऽऽऽऽऽऽऽऽऽऽऽऽऽऽऽऽऽऽऽऽऽऽऽऽऽऽऽऽऽऽऽऽऽऽऽऽऽऽऽऽऽऽऽऽऽऽऽऽऽऽऽऽऽऽऽऽऽऽऽऽऽऽऽऽऽऽऽऽऽऽऽऽऽऽऽऽऽऽऽऽऽऽऽऽऽऽऽऽऽऽऽऽऽऽऽऽऽऽऽऽऽऽऽऽऽऽऽऽऽऽऽऽऽऽऽऽऽऽऽऽऽऽऽऽऽऽऽऽऽऽऽऽऽऽऽऽऽऽऽऽऽऽऽऽऽऽऽऽऽऽऽऽऽऽऽऽऽऽऽऽऽऽऽऽऽऽऽऽऽऽऽऽऽऽऽऽऽऽऽऽऽऽऽऽऽऽऽऽऽऽऽऽऽऽऽऽऽऽऽऽऽऽऽऽऽऽऽऽऽऽऽऽऽऽऽऽऽऽऽऽऽऽऽऽऽऽऽऽऽऽऽऽऽऽऽऽऽऽऽऽऽऽऽऽऽऽऽऽऽऽऽऽऽऽऽऽऽऽऽऽऽऽऽऽऽऽऽऽऽऽऽऽऽऽऽऽऽऽऽऽऽऽऽऽऽऽऽऽऽऽऽऽऽऽऽऽऽऽऽऽऽऽऽऽऽऽऽऽऽऽऽऽऽऽऽऽऽऽऽऽऽऽऽऽऽऽऽऽऽऽऽऽऽऽऽऽऽऽऽऽऽऽऽऽऽऽऽऽऽऽऽऽऽऽऽऽऽऽऽऽऽऽऽऽऽऽऽऽऽऽऽऽऽऽऽऽऽऽऽऽऽऽऽऽऽऽऽऽऽऽऽऽऽऽऽऽऽऽऽऽऽऽऽऽऽऽऽऽऽऽऽऽऽऽऽऽऽऽऽऽऽऽऽऽऽऽऽऽऽऽऽऽऽऽऽऽऽऽऽऽऽऽऽऽऽऽऽऽऽऽऽऽऽऽऽऽऽऽऽऽऽऽऽऽऽऽऽऽऽऽऽऽऽऽऽऽऽऽऽऽऽऽऽऽऽऽऽऽऽऽऽऽऽऽऽऽऽऽऽऽऽऽऽऽऽऽऽऽऽऽऽऽऽऽऽऽऽऽऽऽऽऽऽऽऽऽऽऽऽऽऽऽऽऽऽऽऽऽऽऽऽऽऽऽऽऽऽऽऽऽऽऽऽऽऽऽऽऽऽऽऽऽऽऽऽऽऽऽऽऽऽऽऽऽऽऽऽऽऽऽऽऽऽऽऽऽऽऽऽऽऽऽऽऽऽऽऽऽऽऽऽऽऽऽऽऽऽऽऽऽऽऽऽऽऽऽऽऽऽऽऽऽऽऽऽऽऽऽऽऽऽऽऽऽऽऽऽऽऽऽऽऽऽऽऽऽऽऽऽऽऽऽऽऽऽऽऽऽऽऽऽऽऽऽऽऽऽऽऽऽऽऽऽऽऽऽऽऽऽऽऽऽऽऽऽऽऽऽऽऽऽऽऽऽऽऽऽऽऽऽऽऽऽऽऽऽऽऽऽऽऽऽऽऽऽऽऽऽऽऽऽऽऽऽऽऽऽऽऽऽऽऽऽऽऽऽऽऽऽऽऽऽऽऽऽऽऽऽऽऽऽऽऽऽऽऽऽऽऽऽऽऽऽऽऽऽऽऽऽऽऽऽऽऽऽऽऽऽऽऽऽऽऽऽऽऽऽऽऽऽऽऽऽऽऽऽऽऽऽऽऽऽऽऽऽऽऽऽऽऽऽऽऽऽऽऽऽऽऽऽऽऽऽऽऽऽऽऽऽऽऽऽऽऽऽऽऽऽऽऽऽऽऽऽऽऽऽऽऽऽऽऽऽऽऽऽऽऽऽऽऽऽऽऽऽऽऽऽऽऽऽऽऽऽऽऽऽऽऽऽऽऽऽऽऽऽऽऽऽऽऽऽऽऽऽऽऽऽऽऽऽऽऽऽऽऽऽऽऽऽऽऽऽऽऽऽऽऽऽऽऽऽऽऽऽऽऽऽऽऽऽऽऽऽऽऽऽऽऽऽऽऽऽऽऽऽऽऽऽऽऽऽऽऽऽऽऽऽऽऽऽऽऽऽऽऽऽऽऽऽऽऽऽऽऽऽऽऽऽऽऽऽऽऽऽऽऽऽऽऽऽऽऽऽऽऽऽऽऽऽऽऽऽऽऽऽऽऽऽऽऽऽऽऽऽऽऽऽऽऽऽऽऽऽऽऽऽऽऽऽऽऽऽऽऽऽऽऽऽऽऽऽऽऽऽऽऽऽऽऽऽऽऽऽऽऽऽऽऽऽऽऽऽऽऽऽऽऽऽऽऽऽऽऽऽऽऽऽऽऽऽऽऽऽऽऽऽऽऽऽ","[{""start_i"":3,""end_i"":514,""severity"":""minor"",""text"":""मेश... मे ना चाहता हई कि हनीमून फेज खत्म हो जाए >_>. बढ़िया जर्मन चीज़ें और चाहिए :P\nठीक बा। कुछ कमियाँ भी ईहाँ बाड़े। सब चीज़ के स्वाद ईहाँ... का कहुँ... जर्मन के लागता। ई हाँसी के मज़ाक उड़ावे लागल!\nमेने कोरियाई, चीनी, ताइवान के, और जापानी खाना खाइल बा। और सब के स्वाद ईहाँ... सॉकरौट के लागता?? लेकिन ई चावल में भी बा। ओ भाग में जहाँ के स्वाद सबसे सीधा होखे के चाही।\nमेने ग्नोक्की कार्बनारा (सफेद सॉस) बनवले, और जबसे ई बढ़िया लागल, ई ब्रैटवुर्स्ट के लागता। मेने घरे पर खाना बनावे में सुरक्षित मानल, लेकिन मे सुरक्षित ""}]",1,0,1,11.0,71.51675079675594,60.51675079675594
en_bho_cv,ten_largest_catboost_F3_errors,en-bho_IN_#_social_#_114417630342798842_#_15::COILD-BHO::0,en-bho_IN_#_social_#_114417630342798842_#_15,en-bho_IN:::social:::114417630342798842,15,en-bho_IN,COILD-BHO,en-bho_#_annotator3,"🧵 So I was upset to give away my Sodastream and Restaurant sized canister mod for it, because I've been big into fizzy water and making homemade healthy sodas.
TURNS OUT Germany LOVES FIZZY WATER! You actually have to specify Flat sometimes! 😅 
I just like it because when it's overcarbonated and you drink it and it's so intense it hurts... it feels refreshing! 
🫧🫧🫧🫧🫧🫧🫧🫧🫧🫧🫧🫧🫧🫧🫧🫧🫧🫧🫧🫧🫧🫧🫧🫧🫧🫧🫧🫧🫧🫧🫧🫧🫧🫧🫧🫧🫧🫧🫧🫧🫧🫧🫧🫧🫧🫧🫧🫧🫧🫧🫧🫧","ðŸ§μ त हम एकरा खातिर आपन सोडास्ट्रीम आ रेस्टोरेंट साइज के कनस्तर मॉड देवे से परेशान रहनी, काहे कि हम फिजी पानी आ घर के बनावल हेल्दी सोडा बनावे में बड़ रहनी।
पता चलल जर्मनी के फिजी पानी से प्यार बा! असल में रउरा कबो कबो फ्लैट निर्दिष्ट करे के पड़ेला! ðŸ ̃ के बा...
हमरा त बस इहे पसंद बा काहे कि जब एकरा के ओवरकार्बोनेटेड होखेला अवुरी रउवा एकरा के पी लेनी अवुरी इ एतना तीव्र होखेला त दर्द होखेला... त ताज़ा लागेला!
ðŸ«§ðŸ«§ðŸ«§ðŸ«§ðŸ«§ðŸ«§ðŸ«§ðŸ«§ðŸ«§ðŸ«§ðŸ«§ðŸ«§ðŸ«§ ðŸ«§ðŸ«§ðŸ«§ðŸ«§ðŸ«§ðŸ«§ðŸ«§ðŸ«§ðŸ«§ðŸ«§ðŸ«§ðŸ«§ðŸ«§ ðŸ«§ðŸ«§ðŸ«§ðŸ«§ðŸ«§ðŸ«§ðŸ«§ðŸ«§ðŸ«§ðŸ«§ðŸ«§ðŸ«§ðŸ«§ ðŸ«§ðŸ«§ðŸ«§ðŸ«§ðŸ«§ðŸ«§ðŸ«§ðŸ«§ðŸ«§ðŸ«§ðŸ«§ðŸ«§ðŸ«§","[{""start_i"":413,""end_i"":623,""severity"":""major"",""text"":""ðŸ«§ðŸ«§ðŸ«§ðŸ«§ðŸ«§ðŸ«§ðŸ«§ðŸ«§ðŸ«§ðŸ«§ðŸ«§ðŸ«§ðŸ«§ ðŸ«§ðŸ«§ðŸ«§ðŸ«§ðŸ«§ðŸ«§ðŸ«§ðŸ«§ðŸ«§ðŸ«§ðŸ«§ðŸ«§ðŸ«§ ðŸ«§ðŸ«§ðŸ«§ðŸ«§ðŸ«§ðŸ«§ðŸ«§ðŸ«§ðŸ«§ðŸ«§ðŸ«§ðŸ«§ðŸ«§ ðŸ«§ðŸ«§ðŸ«§ðŸ«§ðŸ«§ðŸ«§ðŸ«§ðŸ«§ðŸ«§ðŸ«§ðŸ«§ðŸ«§ðŸ«§""},{""start_i"":0,""end_i"":3,""severity"":""major"",""text"":""ðŸ§μ""},{""start_i"":250,""end_i"":251,""severity"":""major"",""text"":""ðŸ""},{""start_i"":175,""end_i"":182,""severity"":""major"",""text"":""फिजी पान""}]",0,4,4,88.0,27.91245344712441,60.087546552875594
en_bho_cv,human_score_le_50_with_no_marked_errors,en-bho_IN_#_literary_#_rink_rats_chapter2_#_18::Shy::0,en-bho_IN_#_literary_#_rink_rats_chapter2_#_18,en-bho_IN:::literary:::rink_rats_chapter2,18,en-bho_IN,Shy,en-bho_#_annotator3,"Declan didn’t even realize he was nodding until the motion was halfway done.
Something about the way Kyle spoke; calm, direct, like he actually got it. It cut through the usual static in Declan’s brain. He didn’t know what was happening, not really. Just that, for some reason, this guy already had a kind of hold on him. Not in a forced way. Just…steady. Solid. Like someone who meant what he said and wouldn’t flake the second things got hard.
No adult had ever made him feel that before. Not a teacher. Not a coach. Not even his own dad. ","डेक्लन को एहसास भी न हुआ कि वह सिर हिला रहा है, जब तक कि वह हरकत पूरी न हो।  
काइल के बोलने के तरीके में कुछ ऐसा था; शांत, सीधा, जैसे वह वास्तव में सब कुछ समझ रहा हो। यह डेक्लन के दिमाग में चल रहे सभी विचारों एवं उलझनों को पूरी तरह ध्वस्त कर दिया। वह नहीं जानता था कि क्या हो रहा है, वास्तव में नहीं। बस इतना ही कि, किसी वजह से, यह आदमी पहले से ही उस पर प्रभाव डाल चुका था। जबरदस्ती से नहीं। बस... स्थिर, मजबूत। ऐसा कोई व्यक्ति जो अपनी बात पर विश्वास रखे एवं मुश्किलों में भी पीछे न हटे।  
कोई भी वयस्क पहले कभी उसे ऐसा महसूस कराया न था। न कोई शिक्षक, न कोई कोच, न ही उसका अपना पिता।",[],0,0,0,0.0,97.40004572853684,97.40004572853684
en_bho_cv,human_score_le_50_with_no_marked_errors,en-bho_IN_#_speech_#_vid_JoTLTGv8kqA_#_0::SalamandraTA::0,en-bho_IN_#_speech_#_vid_JoTLTGv8kqA_#_0,en-bho_IN:::speech:::vid_JoTLTGv8kqA,0,en-bho_IN,SalamandraTA,en-bho_#_annotator1,"Just barely see the heads of those screws. So it's coming out nice and level really flow is good let's watch these guys as they come in here right up this end be good that's two bags right there, so we'll dump that out like that and then i'll i'll move it around with my magic trial here you could use a gauge rake if the floor was more level but this floor is really out of level and then i got a screw head right there if you can see it the stuff's almost there. I'll just level off to those screw heads as i go. I got another screw head there i got another one there. So i'm just i'm just kind of moving it around leveling it to the screw heads","जहां-कहां के पड़े के सिर देखल जा सकेला। इ सब ठीक आ स्तर पर निकलत बा, वास्तविक प्रवाह बहुत अच्छा बा, हमन के देखना चाहिं जब लोग यहां से अंदर आए अंत में बढ़िया हो गइल बा, ई दो बैग रहे, एही से हमने उसे बाहर निकाल देहलें अउर फिर मैं अपने जांच के जरुरत करे खातिर एगो गेज राके इस्तेमाल कर सकेले, अगर फोर के स्तर अधिक हो गइल बा, लेकिन ई मंजिल वास्तविक स्तर से बाहर होला, तब मुझे एक पड़े के सिर मिल गइल बा, अगर आप देख सकेलें, तो सामान लगभग पूरा हो गइल बा। मैं कउनो भी पड़े के सिर के ऊपर खड़े वाला हूं, वहां से दू गो पड़े के सिर मिलल बा। एसे मे बस पड़े के सिर के ऊपर खड़े वाला हूं, जब मैं चलेला। मुझे दूसरा पड़े के सिर मिले, दू गो पड़े के सिर मिले। इ सब ठीक आ स्तर पर निकलत बा, वास्तविक प्रवाह बहुत अच्छा बा, हमन के देखना चाहिं जब लोग यहां से अंदर आए अंत में बढ़िया हो गइल बा, ई दो बैग",[],0,0,0,0.0,96.03007184237498,96.03007184237498
en_bho_cv,human_score_le_50_with_no_marked_errors,en-bho_IN_#_speech_#_vid_v2NNTNAXRWY_#_0::Algharb::0,en-bho_IN_#_speech_#_vid_v2NNTNAXRWY_#_0,en-bho_IN:::speech:::vid_v2NNTNAXRWY,0,en-bho_IN,Algharb,en-bho_#_annotator1,"Let me show you the rest so i have this pair from h &m and i got the same exact pair but in red it's christmasy for this time of year, but also you could wear red anytime red is a universal color it's not like you just need to wear it in december and i've been obsessed with red burgundy like all those colors lately so it's very on point for me right now, but look at how cute let me give you guys a close -up look at how freaking cute and you can see the material. It's very loungey very soft they're low -waisted which i love and these are the exact same pants i have on right now i got these in an extra small. I am so obsessed. They're just so freaking comfortable i think i got them for 30 something dollars on sale and then as you could see the red matching top as i'm literally wearing right now. If you take a closer look at the material it's like super cute","Toh chaliye, hum rauwa log ke baki ke chij dekhawatani, hamare paas H&M se e jodi ba aur hum ekdam oisane hi एगो jodi lele bani, lekin laal rang me. E saal ke ee samay khatir Christmas jaisan ba, lekin laal rang kabo bhi pahiral ja sakela, laal एगो universal rang ha, e oisan naikhe ki bas December me hi pahire ke ba. Aur aajkal hum laal, burgundy, e sab rang ke diwana ho gail bani, toh abhi e hamare khatir ekdam sahi ba. Lekin dekhi e ketna sundar ba, ruki, hum rauwa log ke najdik se dekhawatani, dekhi e ketna jabardast sundar ba aur rauwa ekhar kapda dekh sakatani. E bahut aaramdayak aur bahut mulayam ba. E kamar ke niche pahire wala ba, jawan hamke bahut pasand ba, aur e ekdam ohi pant ha jawan hum abhi pahinle bani. Hum e extra small size me lele bani. Hum ekdam pagal ho gail bani. E sab etna aaramdayak ba ki ka kahi. Hamke lagata ki hum e sale me 30-something dollar me lele rahni. Phir, jaisan ki rauwa dekh sakatani, laal rang ke matching top, jaisan ki hum abhi sach me pahinle bani. Agar rauwa ekhar kapda ke najdik se dekhi, ta e bahut sundar ba.",[],0,0,0,0.0,95.47874122678384,95.47874122678384
en_bho_cv,human_score_le_50_with_no_marked_errors,en-bho_IN_#_speech_#_vid_2cLeDVfEqG4_#_0::Algharb::0,en-bho_IN_#_speech_#_vid_2cLeDVfEqG4_#_0,en-bho_IN:::speech:::vid_2cLeDVfEqG4,0,en-bho_IN,Algharb,en-bho_#_annotator1,"Curve line up, down, connect on the left, and i'm going to go one, two, three, four little dots, and on the right -hand side, i'm going to do it again. I draw a curve line up, over, curve line in, connect, and i'm going to draw one, two, three, four little dots. I come all the way up to the top, and i'm going to draw a straight line, straight line, keep going, keep going, all the way across to divide up that space, and then i come down to the bottom, and i do straight line, straight line, straight line, all the way across.","गोलाई में लकीर ऊपर, नीचे, बायाँ ओर से जोड़ दीं, आ हम एक, दू, तीन, चार गो छोट-छोट बिंदु बनाइब, आ दाहिना ओर हम फेर से अइसही करब। हम एगो गोलाई में लकीर ऊपर, ओहि पर से, गोलाई में अंदर खींच के जोड़ देब, आ हम एक, दू, तीन, चार गो छोट-छोट बिंदु बनाइब। हम एकदम ऊपर आके, एगो सोझ लकीर खींचब, सोझ लकीर, खींचत जाईं, खींचत जाईं, पूरा ओह पार तक ताकि उ जगह बँटा जाए, आ फेर हम नीचे आके, सोझ लकीर, सोझ लकीर, सोझ लकीर, पूरा ओह पार तक खींचब।",[],0,0,0,0.0,98.0164231740306,98.0164231740306
en_bho_cv,human_score_le_50_with_no_marked_errors,en-bho_IN_#_speech_#_vid_2cLeDVfEqG4_#_0::COILD-BHO::0,en-bho_IN_#_speech_#_vid_2cLeDVfEqG4_#_0,en-bho_IN:::speech:::vid_2cLeDVfEqG4,0,en-bho_IN,COILD-BHO,en-bho_#_annotator1,"Curve line up, down, connect on the left, and i'm going to go one, two, three, four little dots, and on the right -hand side, i'm going to do it again. I draw a curve line up, over, curve line in, connect, and i'm going to draw one, two, three, four little dots. I come all the way up to the top, and i'm going to draw a straight line, straight line, keep going, keep going, all the way across to divide up that space, and then i come down to the bottom, and i do straight line, straight line, straight line, all the way across.","सीधी लईन, सीधी लईन, सीधी लईन, पूरे तरे से नीचे ले जात हईं अउर फिनू हम उप्पर आवत हईं, अउर हम एक सीधी लईन खींचत हईं हम पूरे तरे से नीचे ले जात हईं अउर फिनू हम उप्पर आवत हईं, अउर हम एक सीधी लईन खींचत हईं हम पूरे तरे से नीचे ले जात हईं अउर फिनू हम उप्पर आवत हईं, अउर हम एक सीधी लईन खींचत हईं हम पूरे तरे से नीचे ले जात हईं अउर फिनू हम उप्पर आवत हईं, अउर हम एक सीधी लईन खींचत हईं हम पूरे तरे से नीचे ले जात हईं",[],0,0,0,0.0,98.0164231740306,98.0164231740306
en_bho_cv,human_score_ge_80_with_major_error,en-bho_IN_#_social_#_114151944720213193_#_6::ONLINE-B::1,en-bho_IN_#_social_#_114151944720213193_#_6,en-bho_IN:::social:::114151944720213193,6,en-bho_IN,ONLINE-B,en-bho_#_annotator4,"Back to T9. SMS was a cool new invention in the GSM standard, because providers needed text transmissions anyway why not open it for a quick chat at 15 cents per 160 characters (ascii that is my friends)","वापस टी9 पर वापस आ गइल बानी। जीएसएम मानक में एसएमएस एगो मस्त नया आविष्कार रहे, काहे कि प्रदाता लोग के वैसे भी टेक्स्ट ट्रांसमिशन के जरूरत रहे काहे ना एकरा के 15 सेंट प्रति 160 अक्षर (ascii कि हमार दोस्त ह) पर त्वरित चैट खातिर खोलल जाव","[{""start_i"":0,""end_i"":3,""severity"":""major"",""text"":""वापस""}]",0,1,1,100.0,82.04251029906875,17.957489700931248
en_bho_cv,human_score_ge_80_with_major_error,en-bho_IN_#_speech_#_vid__S0GOwEJXUA_#_0::TranssionTranslate::1,en-bho_IN_#_speech_#_vid__S0GOwEJXUA_#_0,en-bho_IN:::speech:::vid__S0GOwEJXUA,0,en-bho_IN,TranssionTranslate,en-bho_#_annotator2,"He was like you did so good, and i was like man. I don't know man. I was like oh i sit back i didn't like it at all. He said this isn't about you he said have you seen all the comments? Protestants that are saying that you won whatever one is saying about you online people that are making reaction videos to it he said this is about you, and when he said that i finally had peace and i said you're right it's not a who cares what i think it's good if i'm helping people if i look stupid doing it but i'm helping people who cares it's not about me all right that makes me feel a little better cuz i cannot stand watching myself every time i'm like could have been ten things better, but just got to be humble it's about what god is doing with what whatever the attempts are really good reminder","ऊ अइसन रहले जइसे रउरा अतना बढ़िया कइले बानी, आ हम आदमी जइसन रहनी.हम ना जानत बानी यार।हम त अइसन रहनी कि ओह हम बइठ जाइब हमरा बिल्कुल पसंद ना आइल।उ कहले कि इ आपके बारे में नईखे उ कहले कि का रउवा सभे कमेंट देखले बानी?प्रोटेस्टेंट लोग कि कह रहल बा कि रउआ जीत गइल बानी जवन भी रउआ बारे में एगो रउआ ऑनलाइन कह रहल बा लोग कि एकरा पर रिएक्शन वीडियो बना रहल बा उ कहले कि ई रउआ बारे में बा, आ जब उ कहले कि हमरा आखिरकार शांति मिलल बा आ हम कहनी कि रउआ सही बानी ई एगो ना ह जेकरा परवाह बा कि हमरा का लागत बा कि ई अच्छा बा अगर हम लोग के मदद कर रहल बानी अगर हम ई करत बेवकूफ लउकत बानी लेकिन हम अइसन लोग के मदद कर रहल बानी जेकरा परवाह बा कि ई हमरा बारे में ठीक नइखे कि हमरा तनी बेहतर महसूस होला cuz हम खड़ा नइखीं हो सकत हर बेर जब हम जइसन बानी त अपना के देखल दस बात बेहतर हो सकत रहे, लेकिन बस विनम्र होखे के मिलल इ एह बारे में बा कि भगवान का कर रहल बाड़े जवन भी कोशिश सचमुच बढ़िया याद दिलावत बा","[{""start_i"":674,""end_i"":676,""severity"":""major"",""text"":""cuz""}]",0,1,1,100.0,86.76840716523952,13.231592834760477
en_bho_cv,human_score_ge_80_with_major_error,en-bho_IN_#_social_#_114417630342798842_#_0::Wenyiil::1,en-bho_IN_#_social_#_114417630342798842_#_0,en-bho_IN:::social:::114417630342798842,0,en-bho_IN,Wenyiil,en-bho_#_annotator2,"🧵 Indigo's journey to a new life! A thread
Note: all major updates will start with the thread emoji
Im attempting to move to Germany and find a new life! Follow this thread to follow this journey
The last 32 hours or so were HORRIBLE! Panic attack, extreme fatigue, nausea.
But! Look at where I am! The airport!! I fucking did it!
I pushed myself too hard and ended up not sleeping for 32 hours. As of right now (write now) I am on the 33rd hour :p. Looking back, this is the way, and it wouldnt have happened any other way. ADHD is a Tanzanian to tame. 
EDIT: tazmanian.
I have done so much in the last 3 months! I thought it would have only taken me 1 month, but severely underestimated EVERYTHING. Rebooked the flight twice, but with 2 deadlines, this plane is it! 
Gosh.. I met with realtor, packed (most) of the house, gave a 1/3 of my stuff away, the appropriate ppl have access to the rest, and my sister can be a PoA should need be. 7 or so documents apostille'd, degree recognized in Germany, language coarse booked, (potentially a scam) appartment rental reserved, vital documents ascertained! I also have a internationally certified document proving I am not a criminal! ITS GO TIME!","🧵 इंडिगो के नया जिनगी के सफर! एगो थ्रेड
नोट: सभ प्रमुख अपडेट थ्रेड इमोजी से शुरू होइहें।
हम जर्मनी जाए के कोशिश करत बानी आ एगो नया जिनगी शुरू करे के चाहत बानी!एह सफर के फॉलो करे खातिर एह थ्रेड के फॉलो करीं।
पिछला लगभग 32 घंटा बड़ भयानक रहे! घबराहट के दौरा, जबरदस्त थकान, मिच्छा।
बाकि! देखऽ, हम कहाँ हईं! हवाई अड्डा!! हम कर देखवनी त!
हम अपना के बहुत जादे मेहनत कइनी आ परिणाम ई भइल कि हम 32 घंटा ले ना सूत पइनी।अभी ले (लिखे के समय) हम 33वाँ घंटा में बानी :p।पीछे मुड़ के देखल जाव त, बस इहे तरीका रहे, आ ई कवनो दोसरा तरीका से ना होइत।ADHD के काबू में करल बहुते मुश्किल बा।
सुधार: तस्मानियन।
पिछला तीन महीना में हम बहुते कुछ कइले बानी!हम सोचले रहनी कि एक महीना में ही सब कुछ हो जाई, लेकिन हर चीज के हम बहुत कम आकलन कइले रहनी।फ्लाइट दू बेर बदलले बानी, लेकिन दुनु डेडलाइन के बाद, अब ई फ्लाइट हई आखिरी।
अरे बाप रे!.. हम रियल्टर से मुलाकात कर लिहनी, घर के (जादातर) सामान पैक क दिहनी, आपन 1/3 सामान दान क दिहनी, बाकी सामान तक जरूरी लोग के पहुँच हो जाई, आ जरूरत पड़े त हमार बहिन हमार वाकई (PoA) बन सकेली। लगभग 7 गो दस्तावेज के अपोस्टिल हो गइल बा, डिग्री जर्मनी में मान्य भइल बा, भाषा सिखे वाला किताब मिल गइल बा, (सायद एगो ठगी) फ्लैट किराया पर ले लिहनी, आ जरूरी दस्तावेज सब के जाँच हो गइल बा!हमार पास इहो अंतरराष्ट्रीय मान्यता प्राप्त दस्तावेज बा जवन साबित करेला कि हम अपराधी ना हईं!अब समय आ गइल बा","[{""start_i"":289,""end_i"":289,""severity"":""major"",""text"":"",""}]",0,1,1,100.0,87.71601606225501,12.283983937744992
en_bho_cv,human_score_ge_80_with_major_error,en-bho_IN_#_social_#_114174389242714730_#_6::Yolu::1,en-bho_IN_#_social_#_114174389242714730_#_6,en-bho_IN:::social:::114174389242714730,6,en-bho_IN,Yolu,en-bho_#_annotator2,"And that's about as good a job as I can do really. Hopefully some of it will still be useable in a few months when it's done properly by a professional.
At least the fridge ought to carry over.
The bed folding down past the passenger seat is great. I'm too talk for this van really, but that makes it workable. Shame the seat/bed has to be so narrow though. The two-seater was very temping and feels like it ought to just about fit but, wouldn't really be any way to unfold it from within the van and the steering wheel gets in the way for folding the driving seat down like the passenger seat does so couldn't really go flat without also lifting up.","आ आ आम तौर पर इहे सबसे बढ़िया काम बा जे हम कर सकीला। उम्मीद बा कि कुछ हिस्सा अबहियो उपयोगी रहेगा कुछ महीना बाद जब एक प्रोफेशनल सही से इसे करेगा।
कम से कम फ्रिज त चलत रहल चाहीं।
यात्री सीट के बाद नीचे झुकने वाली पलंग बढ़िया बा। आस्ते-आस्ते इ कहना मान लेवे के पड़ी कि इ वैन के इस्तेमाल त मुश्किल बा, लेकिन एकरा से इ उपयोगी हो जाला। बुरा बात बा कि सीट/पलंग बहुत छोट बा। दू-सीटर बहुत आकर्षक बा आ लागल कि ई थोड़ा-बहुत फिट हो जाए, लेकिन, इ के वैन के अंदर से खोलल ना जा सकेला आ स्टीयरिंग व्हील ड्राइविंग सीट के नीचे झुकावे में बाधा बन जाला जइसे यात्री सीट के के नीचे झुकल जा सकेला, त इ स्थाई रूप से समतल ना हो सकेला बिना ऊपर उठावले।","[{""start_i"":0,""end_i"":3,""severity"":""major"",""text"":""आ आ ""}]",0,1,1,100.0,88.97458893198208,11.025411068017917
en_bho_cv,human_score_ge_80_with_major_error,en-bho_IN_#_literary_#_rink_rats_chapter2_#_34::Yolu::1,en-bho_IN_#_literary_#_rink_rats_chapter2_#_34,en-bho_IN:::literary:::rink_rats_chapter2,34,en-bho_IN,Yolu,en-bho_#_annotator2,"Declan couldn’t deny the way those words landed on him. His gut twisted a little, not from anger, but from something else. It wasn’t exactly comfort , but maybe that’s what he needed: boundaries. 
Ryan eyed him again, his face unreadable now, like he was sizing Declan up all over again. Nicole, on the other hand, was already back to plating up another round of food, acting like nothing had happened. But Declan could tell, this family didn’t mess around.
Declan let out a small exhale, unsure what to say. “Yeah, sure. Sorry about that.” 
He leaned back in his chair and stared at his plate, trying to collect his thoughts. The sudden shift in atmosphere threw him off. ","डेक्लन इ बात से इंकार नहीं कर सकल कि ई शब्द उन पर कइसे असर कइलस। उनकर पेट कुछ तिलमिलायल, भले ही गुस्सा से ना, बल्कि कुछ अउरी से। ई पूरा इलाज ना रहल, लेकिन हो सकेला कि इहे उनकर जरूरत बा: सीमाएं।
रयान ओकरा पर फेर से नजर डाललस, ओकर चेहरा अब पढ़ल ना जा सके, जइसे ऊ डिक्लान के फिर से आकलन कर रहल होखे। निकोल एकदम दूसर हाल में रहल, जइसे कि कुछो ना भइल होखे, ऊ दोबारा से खाना बनावे के काम करत रहल। लेकिन डिक्लान के लग रहल रहे कि ई परिवार मजाक पर ना आवे।
डिक्लैन धीरे से सांस निकाला, समझ में नहीं आवता कि का कहे। ""हां, ठीक बा। माफ करऽ।""
उ ऊकर कुरसी पर पीछे झुकल आ आपन थाली के तरफ देखल, विचार संभालल के कोशिश करत रहल। बातचीत के माहौल में अचानक बदलाव ओकरा के असमंजस में डाल दिहलस।","[{""start_i"":525,""end_i"":525,""severity"":""major"",""text"":""ऽ""}]",0,1,1,100.0,90.11998936838556,9.88001063161444
en_bho_cv,human_score_ge_80_with_major_error,en-bho_IN_#_news_#_guardian.229703_#_1::TranssionTranslate::0,en-bho_IN_#_news_#_guardian.229703_#_1,en-bho_IN:::news:::guardian.229703,1,en-bho_IN,TranssionTranslate,en-bho_#_annotator3,"You would be forgiven for thinking we were back at the Bullingdon Club, in the company of Jonty, Munty, Stiffy, Kipper, Chugger and, to use the polite version, Pig Botherer - only in this case it's Big Balls and a guy with a history of racist tweeting. This is the sudden, startling emergence into American political life of a type deeply recognisable to Brits: that is, jaunty young men with juvenile nicknames and a firm belief they should be running the world.","रउरा ई सोचे खातिर माफ कर दिहल जाई कि हमनी का बुलिंगडन क्लब में वापस आ गइल बानी जा, जोंटी, मुंटी, स्टिफी, किपर, चगर के कंपनी में आ, विनम्र संस्करण के इस्तेमाल करे खातिर, पिग बोदरर के संगत में - बस एह मामला में ई बिग बॉल्स आ एगो अइसन लड़िका ह जवना के नस्लवादी ट्वीट करे के इतिहास बा.अमेरिकी राजनीतिक जीवन में ई अचानक, चौंकावे वाला उभरल बा जवना तरह के ब्रिटिश लोग गहिराह पहचान सकेला: माने कि किशोर उपनाम वाला जॉन्टी नवही आ एगो पक्का विश्वास कि ओह लोग के दुनिया चलावे के चाहीं.","[{""start_i"":280,""end_i"":280,""severity"":""major"",""text"":"".""},{""start_i"":472,""end_i"":472,""severity"":""major"",""text"":"".""}]",0,2,2,99.0,79.59118461788101,19.408815382118988
en_bho_cv,human_score_ge_80_with_major_error,en-bho_IN_#_news_#_brisbanetimes.com.au.306576_#_1::Algharb::1,en-bho_IN_#_news_#_brisbanetimes.com.au.306576_#_1,en-bho_IN:::news:::brisbanetimes.com.au.306576,1,en-bho_IN,Algharb,en-bho_#_annotator3,"Some folks really do deserve a badge of honour for their pedantry (C8). Veronica Coyne of Springfield claims that ""when bemoaning the loss of the express lane at Woolies ""12 items or less,"" a friend told me she'd never used it on principle as it should have been ""12 items or fewer.""""","कुछ लोग के त उनकर नुक्ताचीनी खातिर सच में सम्मान के पदक मिले के चाहीं (C8). स्प्रिंगफील्ड के वेरोनिका कॉयन कहेली कि जब ऊ वूलीज़ में ""12 सामान भा ओसे कम"" वाला एक्सप्रेस लेन के बंद होखला पर अफसोस करत रहली, त उनकर एगो सखी बतवली कि ऊ सिद्धांत के तौर पर ओकर इस्तेमाल कहियो ना कइली, काहेकि उहाँ ""12 सामान भा ओसे कमती"" लिखल होखे के चाहीं रहे।","[{""start_i"":74,""end_i"":74,""severity"":""major"",""text"":"".""}]",0,1,1,99.0,84.73471568545656,14.265284314543436
en_bho_cv,human_score_ge_80_with_major_error,en-bho_IN_#_literary_#_rink_rats_chapter2_#_23::refA::0,en-bho_IN_#_literary_#_rink_rats_chapter2_#_23,en-bho_IN:::literary:::rink_rats_chapter2,23,en-bho_IN,refA,en-bho_#_annotator3,"It hit him in a way he didn’t expect.
Kyle glanced up and spotted Declan, a smile already forming as he lifted a hand in an easy wave. “There he is. You survive your first Coach Luc practice?”
Declan nodded, catching up to them. “Barely,” he said, though the grin tugging at the corner of his mouth gave him away.
Ryan gave him a short glance, but didn’t say much. Just gave a subtle nod, then walked ahead toward the parking lot.
“Come on,” Kyle said, clapping a hand gently on Declan’s back. “Let’s get you home.”
Home. The word sounded weird in his head. But as he followed them to the car, something in his chest loosened, just a little.","ई ओकरा पर अइसन असर कइल जइसन उ कबहुं ना सोचले रहल।
काइल नजर ऊपर उठाके डेक्लन के देखलन आउर मुस्की के साथे हाथ उठा के सहज अंदाज में हिलवलें। “उ इहाँ बाटे। “त तू पहिला कोच ल्युक के प्रैक्टिस के झेल लेल?”
डेक्लन सहमति में सिर हिलवलस आउर ओहनी के साथे हो गइल। “मुश्किल से,” उ कहलस, हालाँकि ओठ पर खिंचल मुस्कान सब बतावत रहे।
रयान ओकरा ओर झट से नजर घुमवलस बाकिर कुछ ना कहलस। बस हल्का सिर हिलवलस, फेर पार्किंग लॉट के तरफ चल दिहलस।
“चल,” डेक्लन के पीठ पर हल्का थपकी मारत काइल कहलें। “चल, तोहके घरे ले चलातानि।”
घरे। ई शब्द ओकर दिमाग में अजीब लागल। लेकिन जब उ उनका पीछे-पीछे कार तक गइल, त छाती कुछ हल्का हो गइल, बस तनिका एका।","[{""start_i"":151,""end_i"":152,""severity"":""major"",""text"":"" “""}]",0,1,1,99.0,86.42873957750989,12.571260422490113
en_bho_cv,human_score_ge_80_with_major_error,en-bho_IN_#_news_#_guardian.230737_#_2::GPT-4.1::0,en-bho_IN_#_news_#_guardian.230737_#_2,en-bho_IN:::news:::guardian.230737,2,en-bho_IN,GPT-4.1,en-bho_#_annotator3,"The duchess and her husband, Prince Harry, have to do something and good luck to them, but it's hard not to study the rollout of As Ever for signs of the widening gap between Meghan's self-image and how the rest of the world sees her. """"As ever,"""" writes the duchess on Instagram, ""means ""as it's always been"" or some even say ""in the same way as always,"""" the ""some"" in this sentence apparently referring to the dictionary definition of a two-word phrase that no one has ever had trouble understanding.","डचेस आ उनकर पति, प्रिंस हैरी, के कुछ ना कुछ त करे के बा आ हमनी के उनकर भलाई के कामना करेलीं, बाकिर ऐज एवर के शुरुआत के देख के ई समझल मुश्किल नइखे कि मेघन के खुद के छवि आ बाकी दुनिया के नजर में उनकर छवि के बीच के फासला बढ़त जा रहल बा. ""ऐज एवर,"" डचेस इंस्टाग्राम पर लिखली, ""मतलब 'जइसन हमेशा रहल बा' या कुछ लोग कहेला 'जइसन हमेशा से होत आइल बा',"" ई ""कुछ"" शायद ओह डिक्शनरी के ओर इशारा करत बा जेकरा में ई दू शब्द के मतलब के कवनो के कबो समझे में दिक्कत नइखे भइल.","[{""start_i"":454,""end_i"":454,""severity"":""major"",""text"":"".""}]",0,1,1,99.0,87.06133242222465,11.938667577775348
en_bho_cv,human_score_ge_80_with_major_error,en-bho_IN_#_news_#_guardian.230737_#_2::COILD-BHO::0,en-bho_IN_#_news_#_guardian.230737_#_2,en-bho_IN:::news:::guardian.230737,2,en-bho_IN,COILD-BHO,en-bho_#_annotator3,"The duchess and her husband, Prince Harry, have to do something and good luck to them, but it's hard not to study the rollout of As Ever for signs of the widening gap between Meghan's self-image and how the rest of the world sees her. """"As ever,"""" writes the duchess on Instagram, ""means ""as it's always been"" or some even say ""in the same way as always,"""" the ""some"" in this sentence apparently referring to the dictionary definition of a two-word phrase that no one has ever had trouble understanding.","डचेस आ उनकर पति राजकुमार हैरी के कुछ करे के पड़ी आ ओह लोग के शुभकामना, बाकिर मेघन के आत्म छवि आ बाकी दुनिया उनुका के कइसे देखत बिया, एह बीच बढ़त खाई के संकेत खातिर एज एवर के रोलआउट के अध्ययन ना कइल मुश्किल बा. डचेस इंस्टाग्राम प लिखले बाड़ी कि, """"हमेशा निहन,"" ""मतलब ""जईसे हमेशा से रहल बा"" चाहे कुछ लोग त ""हमेशा निहन तरीका से"" तक कहेले,"" ए वाक्य में ""कुछ"" के मतलब लागता कि दु शब्द के वाक्यांश के शब्दकोश परिभाषा के ओर इशारा कईल जाता, जवना के समझे में केहु के कबो परेशानी नईखे भईल।","[{""start_i"":208,""end_i"":208,""severity"":""major"",""text"":"".""}]",0,1,1,99.0,87.06133242222465,11.938667577775348
