experiment_scope,language_pair,split_strategy,model,feature_set,n_annotations,n_unique_segments,n_unique_documents,n_translation_systems,n_annotators,mae,mae_bootstrap_ci_low,mae_bootstrap_ci_high,rmse,pearson,spearman,pairwise_ranking_accuracy,pairwise_comparable_pairs,mae_major_error,n_major_error_annotations,mae_minor_only,n_minor_only_annotations,mae_zero_errors,n_zero_error_annotations
en_bho_cv,en-bho_IN,5-fold GroupKFold out-of-fold evaluation,mean,F1,6698,189,50,19,4,25.264329494741744,24.487192400671486,25.996403096156396,30.795984880424008,-0.04323117425556496,-0.047561822106311075,0.5,31029,26.656212828289654,3732,20.980149103490383,1771,27.266651563449155,1195
en_bho_cv,en-bho_IN,5-fold GroupKFold out-of-fold evaluation,fixed_penalty,F1,6698,189,50,19,4,21.83995222454464,20.40244916196555,22.962296828800906,35.72145566385418,0.25934784754139495,0.5532321504877779,0.7010216249315157,31029,28.2529474812433,3732,21.696781479390175,1771,2.024267782426778,1195
en_bho_cv,en-bho_IN,5-fold GroupKFold out-of-fold evaluation,ridge,F1,6698,189,50,19,4,23.859960885408324,22.671188868223982,24.909394144508383,29.867138746645246,0.24184074396692667,0.5180225545901517,0.6984111637500403,31029,26.47900495949991,3732,19.678073034832828,1771,21.878246156420392,1195
en_bho_cv,en-bho_IN,5-fold GroupKFold out-of-fold evaluation,catboost,F1,6698,189,50,19,4,19.334778168447627,18.128715586953085,20.392956450520025,25.276224060425594,0.5708906757838027,0.6310461610345138,0.7393567308002191,31029,24.838672007718163,3732,18.063205250982875,1771,4.030530326332516,1195
en_bho_cv,en-bho_IN,5-fold GroupKFold out-of-fold evaluation,ridge,F2,6698,189,50,19,4,11.616407545715903,10.78123619241971,12.224862172310946,15.620684278440258,0.8617987960911085,0.8343715067657772,0.8485126816848755,31029,13.02462862139703,3732,11.700504028066732,1771,7.093883759368395,1195
en_bho_cv,en-bho_IN,5-fold GroupKFold out-of-fold evaluation,catboost,F2,6698,189,50,19,4,10.168848689639093,9.362966806601442,10.781403312671245,14.601647085817834,0.8803286904762535,0.8484945074903962,0.8551194044281156,31029,12.13306434628763,3732,10.537587961505853,1771,3.4881038519082326,1195
en_bho_cv,en-bho_IN,5-fold GroupKFold out-of-fold evaluation,ridge,F3,6698,189,50,19,4,11.439936856745103,10.660418386817911,11.997009592369205,15.504631155631932,0.8640831756477879,0.8374051930655965,0.8470301975571239,31029,13.794704872662857,3732,11.807835982895208,1771,3.5407372016681946,1195
en_bho_cv,en-bho_IN,5-fold GroupKFold out-of-fold evaluation,catboost,F3,6698,189,50,19,4,9.920641334316079,9.27680280456571,10.431728878949762,14.280843015994556,0.8860033830239619,0.8579922572222599,0.8568274839666119,31029,11.592792358812748,3732,10.524488710865947,1771,3.8035858303065555,1195
pooled_holdout,ALL_ESA,grouped 70/15/15 holdout,mean,F1,14407,408,159,47,152,28.217388604058854,24.995313204371325,32.32500067443934,34.68448749404501,,,0.5,61837,34.10006126601429,5342,23.90233105983698,4581,25.61748700948136,4484
pooled_per_language_pair,cs-de_DE,pooled grouped holdout; per-language subset,mean,F1,1004,27,19,21,12,24.202638180690982,,,26.804765262713367,,,0.5,4952,19.044948309213023,414,23.634562497222475,289,31.84203179967529,301
pooled_per_language_pair,cs-uk_UA,pooled grouped holdout; per-language subset,mean,F1,966,26,19,19,7,22.657850490067528,,,25.284612897006557,,,0.5,4218,16.023730685320608,197,16.63680770406949,339,30.44402515515701,430
pooled_per_language_pair,en-ar_EG,pooled grouped holdout; per-language subset,mean,F1,1275,34,10,19,3,48.142264369879086,,,55.34472558813352,,,0.5,3997,49.46612630778086,288,54.206664641197186,827,14.413943979280493,160
pooled_per_language_pair,en-bho_IN,pooled grouped holdout; per-language subset,mean,F1,924,26,9,19,4,27.034004401190238,,,31.829375685483125,,,0.5,4253,28.29963762412194,517,21.707143230492093,243,30.93702201231193,164
pooled_per_language_pair,en-cs_CZ,pooled grouped holdout; per-language subset,mean,F1,1669,47,14,20,17,18.459756567868062,,,21.477272669950544,,,0.5,8233,16.843244906498953,428,15.412173997132822,565,22.030394354157103,676
pooled_per_language_pair,en-et_EE,pooled grouped holdout; per-language subset,mean,F1,1059,29,10,19,8,20.79752275572353,,,25.550962462879397,,,0.5,4840,22.736362733271836,400,19.052175725537502,464,20.973445991554268,195
pooled_per_language_pair,en-is_IS,pooled grouped holdout; per-language subset,mean,F1,1000,29,10,19,5,26.773768466614634,,,33.07444348079142,,,0.5,4532,33.56104428815901,562,17.056443157322718,322,20.864542069063386,116
pooled_per_language_pair,en-it_IT,pooled grouped holdout; per-language subset,mean,F1,858,25,10,18,7,22.248129930099697,,,26.223427177867794,,,0.5,3632,27.81364796287099,243,11.836481907251851,291,27.42519379641236,324
pooled_per_language_pair,en-ja_JP,pooled grouped holdout; per-language subset,mean,F1,927,26,9,19,38,20.366379645889058,,,24.035680544558133,,,0.5,4274,26.296327802971177,88,11.321205640509689,229,22.90655900557537,610
pooled_per_language_pair,en-mas_KE,pooled grouped holdout; per-language subset,mean,F1,1167,35,11,19,4,66.71217340605142,,,66.86229001711483,,,0.5,2471,67.07779546608222,1144,48.1889759522627,21,52.069928333215074,2
pooled_per_language_pair,en-ru_RU,pooled grouped holdout; per-language subset,mean,F1,997,29,10,19,6,21.51681298062925,,,25.6977669479217,,,0.5,4598,21.99520419657861,361,12.58221348296208,312,29.587479074192327,324
pooled_per_language_pair,en-sr_Cyrl_RS,pooled grouped holdout; per-language subset,mean,F1,929,26,9,19,4,23.087195186641527,,,26.492328552745537,,,0.5,4241,19.753834213797543,513,25.476779452933272,265,30.218151136983597,151
pooled_per_language_pair,en-uk_UA,pooled grouped holdout; per-language subset,mean,F1,968,29,10,19,2,21.458144700522435,,,22.954983695955622,,,0.5,4332,8.700993172084974,93,14.679970689212864,208,25.350611396919863,667
pooled_per_language_pair,en-zh_CN,pooled grouped holdout; per-language subset,mean,F1,664,20,9,19,35,22.408302228996877,,,25.537770957591093,,,0.5,3264,25.386771914833233,94,15.062768543771988,206,25.796224725391685,364
pooled_holdout,ALL_ESA,grouped 70/15/15 holdout,fixed_penalty,F1,14407,408,159,47,152,30.525994308322343,24.525361801152542,37.6891437815628,44.76675474960644,0.270178338033397,0.6252649048111513,0.7338001520125491,61837,48.00992137776114,5342,33.21261733246016,4581,6.951828724353256,4484
pooled_per_language_pair,cs-de_DE,pooled grouped holdout; per-language subset,fixed_penalty,F1,1004,27,19,21,12,10.329681274900398,,,19.219403168863767,0.5605204047395024,0.8648887698219501,0.8312802907915994,4952,19.41062801932367,414,7.467128027681661,289,0.5880398671096345,301
pooled_per_language_pair,cs-uk_UA,pooled grouped holdout; per-language subset,fixed_penalty,F1,966,26,19,19,7,11.409937888198758,,,19.019604139279735,0.4935311998705305,0.790252732422835,0.7827169274537695,4218,15.548223350253807,197,20.958702064896755,339,1.986046511627907,430
pooled_per_language_pair,en-ar_EG,pooled grouped holdout; per-language subset,fixed_penalty,F1,1275,34,10,19,3,71.66666666666667,,,80.2036085443131,-0.021328328227983688,0.07771148237508536,0.4954966224668501,3997,70.17013888888889,288,82.55864570737606,827,18.0625,160
pooled_per_language_pair,en-bho_IN,pooled grouped holdout; per-language subset,fixed_penalty,F1,924,26,9,19,4,21.57251082251082,,,36.13905623119377,0.279137036830469,0.5749357879206068,0.7090289207618152,4253,28.822050290135397,517,19.68724279835391,243,1.5121951219512195,164
pooled_per_language_pair,en-cs_CZ,pooled grouped holdout; per-language subset,fixed_penalty,F1,1669,47,14,20,17,17.85380467345716,,,23.420786781087795,0.6251176124917013,0.6719858831941438,0.7568929916190938,8233,29.453271028037385,428,17.934513274336283,565,10.442307692307692,676
pooled_per_language_pair,en-et_EE,pooled grouped holdout; per-language subset,fixed_penalty,F1,1059,29,10,19,8,32.20585457979226,,,39.64900297869936,0.31916547715067173,0.5083924556364986,0.6944214876033058,4840,35.495,400,37.92672413793103,464,11.846153846153847,195
pooled_per_language_pair,en-is_IS,pooled grouped holdout; per-language subset,fixed_penalty,F1,1000,29,10,19,5,41.582,,,48.45094426324424,0.3762486198287972,0.5558773930091517,0.7547440423654016,4532,49.75978647686833,562,37.68944099378882,322,12.767241379310345,116
pooled_per_language_pair,en-it_IT,pooled grouped holdout; per-language subset,fixed_penalty,F1,858,25,10,18,7,23.53962703962704,,,32.24572395352155,0.7839270814861786,0.8570210003964429,0.8359030837004405,3632,47.80246913580247,243,23.883161512027492,291,5.033950617283951,324
pooled_per_language_pair,en-ja_JP,pooled grouped holdout; per-language subset,fixed_penalty,F1,927,26,9,19,38,15.976267529665588,,,23.38348747547384,0.482999656763623,0.6085322517125894,0.7288254562470753,4274,42.86363636363637,88,22.624454148471617,229,9.601639344262296,610
pooled_per_language_pair,en-mas_KE,pooled grouped holdout; per-language subset,fixed_penalty,F1,1167,35,11,19,4,93.81576692373608,,,93.97697488244044,-0.038814206525566504,0.11472896762988453,0.5443140428976123,2471,94.09965034965035,1144,79.23809523809524,21,84.5,2
pooled_per_language_pair,en-ru_RU,pooled grouped holdout; per-language subset,fixed_penalty,F1,997,29,10,19,6,22.118355065195587,,,29.75267492167696,0.7397818554493345,0.8975961443099864,0.8272074815137016,4598,39.96398891966759,361,21.487179487179485,312,2.8425925925925926,324
pooled_per_language_pair,en-sr_Cyrl_RS,pooled grouped holdout; per-language subset,fixed_penalty,F1,929,26,9,19,4,16.433799784714747,,,27.76657661973768,0.3250495483890025,0.6564704866541703,0.7049045036547984,4241,24.296296296296298,513,9.316981132075473,265,2.2119205298013247,151
pooled_per_language_pair,en-uk_UA,pooled grouped holdout; per-language subset,fixed_penalty,F1,968,29,10,19,2,10.22004132231405,,,12.726095724796911,0.6654327185404132,0.7131383240188627,0.7349953831948292,4332,18.956989247311828,93,16.384615384615383,208,7.079460269865067,667
pooled_per_language_pair,en-zh_CN,pooled grouped holdout; per-language subset,fixed_penalty,F1,664,20,9,19,35,14.908132530120483,,,23.119484037682906,0.554301623655994,0.6899707751686952,0.758578431372549,3264,40.41489361702128,94,17.383495145631066,206,6.920329670329671,364
pooled_holdout,ALL_ESA,grouped 70/15/15 holdout,ridge,F1,14407,408,159,47,152,26.07951946508664,22.625689927229555,30.706280988359328,33.440817695195186,0.27054982444147097,0.6118581008430742,0.7320940537218817,61837,33.363037736370536,5342,23.31339283350159,4581,20.22828652442931,4484
pooled_per_language_pair,cs-de_DE,pooled grouped holdout; per-language subset,ridge,F1,1004,27,19,21,12,23.01948564926592,,,25.34052465692003,0.5777780579363593,0.8609625426358953,0.8342084006462036,4952,21.8674839363465,414,21.63721031584832,289,25.931134421712187,301
pooled_per_language_pair,cs-uk_UA,pooled grouped holdout; per-language subset,ridge,F1,966,26,19,19,7,19.83330650722121,,,22.00160969713804,0.5314942482789512,0.8005970000497539,0.7916073968705548,4218,18.151002414091767,197,14.767988394660184,339,24.597391964208857,430
pooled_per_language_pair,en-ar_EG,pooled grouped holdout; per-language subset,ridge,F1,1275,34,10,19,3,49.28332088526501,,,57.55494491907232,-0.03383322294589355,0.06567626003447656,0.48736552414310735,3997,47.56078927865196,288,57.30348480702695,827,10.929655506561499,160
pooled_per_language_pair,en-bho_IN,pooled grouped holdout; per-language subset,ridge,F1,924,26,9,19,4,26.4031164246018,,,31.17278006089575,0.28410870737138383,0.5743633409809734,0.7127909710792382,4253,29.704817605539102,517,20.248104666805794,243,25.114630733137442,164
pooled_per_language_pair,en-cs_CZ,pooled grouped holdout; per-language subset,ridge,F1,1669,47,14,20,17,15.029260789295844,,,17.700143006931675,0.6287694224755839,0.6692612246049688,0.756771529211709,8233,14.77425133405986,428,13.032439808142911,565,16.859657092834905,676
pooled_per_language_pair,en-et_EE,pooled grouped holdout; per-language subset,ridge,F1,1059,29,10,19,8,18.649359767907512,,,23.724098039222124,0.3395563039085692,0.5082833165236517,0.6930785123966943,4840,19.331595976058303,400,18.895348118778795,464,16.664574752191648,195
pooled_per_language_pair,en-is_IS,pooled grouped holdout; per-language subset,ridge,F1,1000,29,10,19,5,22.683351905838958,,,29.01450959917194,0.38536043831520433,0.5309668728822565,0.7454766107678729,4532,27.062562397792583,562,17.210348106130375,322,16.659135759530546,116
pooled_per_language_pair,en-it_IT,pooled grouped holdout; per-language subset,ridge,F1,858,25,10,18,7,18.81788703520733,,,22.244648690010344,0.7904318200141277,0.8533945041324714,0.8299834801762115,3632,24.70295199730964,243,10.567476870895801,291,21.81417892416966,324
pooled_per_language_pair,en-ja_JP,pooled grouped holdout; per-language subset,ridge,F1,927,26,9,19,38,16.774806347234453,,,20.179709710344664,0.49924001767402026,0.6070469184275883,0.7283575105287786,4274,25.959621115123806,88,10.12270901794958,229,17.947046656795063,610
pooled_per_language_pair,en-mas_KE,pooled grouped holdout; per-language subset,ridge,F1,1167,35,11,19,4,67.57150882373712,,,67.76246069855978,-0.05767737932991436,0.09673140120352602,0.537029542695265,2471,67.86966679869363,1144,52.239855838030245,21,58.00750349853412,2
pooled_per_language_pair,en-ru_RU,pooled grouped holdout; per-language subset,ridge,F1,997,29,10,19,6,16.861379745323294,,,20.47931572724031,0.7405069783518881,0.8894282614657562,0.824815137016094,4598,15.884104437494047,361,10.94251614640073,312,23.649903908873288,324
pooled_per_language_pair,en-sr_Cyrl_RS,pooled grouped holdout; per-language subset,ridge,F1,929,26,9,19,4,24.14325946139533,,,27.448802155865167,0.3121014355533644,0.6230482641634116,0.6971233199717047,4241,24.643811187456848,513,23.09602237263982,265,24.280575971664554,151
pooled_per_language_pair,en-uk_UA,pooled grouped holdout; per-language subset,ridge,F1,968,29,10,19,2,16.76701750817469,,,18.026600371643607,0.688758569079011,0.7131800023608118,0.7363804247460757,4332,9.671562047185573,93,11.425300399321268,208,19.42212173083361,667
pooled_per_language_pair,en-zh_CN,pooled grouped holdout; per-language subset,ridge,F1,664,20,9,19,35,19.10425518403568,,,22.06894054867613,0.4908687984905293,0.6862787796437985,0.7549019607843137,3264,22.02479570766368,94,15.316168389526561,206,20.493857025925365,364
pooled_holdout,ALL_ESA,grouped 70/15/15 holdout,catboost,F1,14407,408,159,47,152,19.29949359315646,16.793217046346392,22.614297418282437,25.860513353257417,0.66954388271569,0.6997113186709935,0.738158384138946,61837,25.489526881275154,5342,23.40497541451701,4581,7.730722395836489,4484
pooled_per_language_pair,cs-de_DE,pooled grouped holdout; per-language subset,catboost,F1,1004,27,19,21,12,20.2670530262561,,,25.424366503529566,0.5559014663849507,0.789897775042372,0.7680735056542811,4952,28.608875663278297,414,21.801866709101827,289,7.319957590808906,301
pooled_per_language_pair,cs-uk_UA,pooled grouped holdout; per-language subset,catboost,F1,966,26,19,19,7,14.817136719163452,,,20.100250034533516,0.5307744750685146,0.6936213614462231,0.7422949265054528,4218,29.47606344609186,197,15.798289805201437,339,7.327789134577937,430
pooled_per_language_pair,en-ar_EG,pooled grouped holdout; per-language subset,catboost,F1,1275,34,10,19,3,44.06769319850478,,,51.840667183466536,0.431492166958218,0.3811295408533471,0.6900175131348512,3997,28.438774342400897,288,55.38361803357686,827,13.710560648212958,160
pooled_per_language_pair,en-bho_IN,pooled grouped holdout; per-language subset,catboost,F1,924,26,9,19,4,23.23204634835795,,,28.11288120135268,0.5636853807571967,0.6099260160296165,0.7335998118974841,4253,29.430088003116143,517,20.957760545186858,243,7.062923876776178,164
pooled_per_language_pair,en-cs_CZ,pooled grouped holdout; per-language subset,catboost,F1,1669,47,14,20,17,12.778031699606542,,,16.53388441339341,0.6168397455859067,0.6176624392380661,0.7231264423660877,8233,18.163232764574648,428,13.844323928545816,565,8.477260745232224,676
pooled_per_language_pair,en-et_EE,pooled grouped holdout; per-language subset,catboost,F1,1059,29,10,19,8,16.953176423554186,,,21.580779229363696,0.5430958485128181,0.5126044297195107,0.715599173553719,4840,18.123223135728228,400,19.053032140930984,464,9.556500845439048,195
pooled_per_language_pair,en-is_IS,pooled grouped holdout; per-language subset,catboost,F1,1000,29,10,19,5,18.83072098063252,,,23.604619039258033,0.665547362733907,0.6538913392287891,0.7825463371579876,4532,21.345764830525024,562,17.34827521218475,322,10.760832134085906,116
pooled_per_language_pair,en-it_IT,pooled grouped holdout; per-language subset,catboost,F1,858,25,10,18,7,13.821521807387553,,,18.106757173490802,0.7088297602868707,0.7938649959095667,0.7983204845814978,3632,23.585984303091056,243,11.433876283366965,291,8.642634341443236,324
pooled_per_language_pair,en-ja_JP,pooled grouped holdout; per-language subset,catboost,F1,927,26,9,19,38,11.25012399924091,,,14.759374730572112,0.6438971892210986,0.591765153728563,0.7263687412260178,4274,24.29030867043339,88,10.876292932360133,229,9.509256889815928,610
pooled_per_language_pair,en-mas_KE,pooled grouped holdout; per-language subset,catboost,F1,1167,35,11,19,4,31.39107483171815,,,31.98406373524805,0.4974591928723197,0.16929529607475116,0.5548360987454471,2471,30.963044969872875,1144,50.345419863631605,21,77.20353297212284,2
pooled_per_language_pair,en-ru_RU,pooled grouped holdout; per-language subset,catboost,F1,997,29,10,19,6,12.450829978525672,,,16.78021573868338,0.7523465314188743,0.8449324179558028,0.7979556328838625,4598,18.418791107227747,361,11.833787859584485,312,6.3955311317608565,324
pooled_per_language_pair,en-sr_Cyrl_RS,pooled grouped holdout; per-language subset,catboost,F1,929,26,9,19,4,22.451283059470295,,,26.765636565852628,0.6216388834994919,0.7482865540226895,0.7737561895779297,4241,26.738219267508907,513,23.671962390894123,265,5.744804267740995,151
pooled_per_language_pair,en-uk_UA,pooled grouped holdout; per-language subset,catboost,F1,968,29,10,19,2,8.00143477354913,,,12.543698150101996,0.708632807491425,0.6985466036831804,0.7192982456140351,4332,27.12566282655667,93,12.76164731542503,208,3.8504941174173637,667
pooled_per_language_pair,en-zh_CN,pooled grouped holdout; per-language subset,catboost,F1,664,20,9,19,35,11.574873818452648,,,15.357390369083836,0.6962969835010911,0.6882478930651389,0.7438725490196079,3264,20.31656217864756,94,14.190450431670625,206,7.8371609388338985,364
pooled_holdout,ALL_ESA,grouped 70/15/15 holdout,ridge,F2,14407,408,159,47,152,12.66753570116613,11.65596546007126,13.73647702760445,17.312149693102697,0.8658994607628845,0.830497254636158,0.787837378915536,61837,14.749442293593427,5342,13.344811506030691,4581,9.495335549776483,4484
pooled_per_language_pair,cs-de_DE,pooled grouped holdout; per-language subset,ridge,F2,1004,27,19,21,12,12.281029171720666,,,14.659710229233273,0.8099329569488749,0.8899981715811537,0.8453150242326333,4952,12.775183233228587,414,12.756229579599834,289,11.14510658254672,301
pooled_per_language_pair,cs-uk_UA,pooled grouped holdout; per-language subset,ridge,F2,966,26,19,19,7,10.644784582054417,,,12.492013224178901,0.7565173828319081,0.8458348873727332,0.8290659080132764,4218,10.024501941450822,197,10.871192993994018,339,10.750466508918095,430
pooled_per_language_pair,en-ar_EG,pooled grouped holdout; per-language subset,ridge,F2,1275,34,10,19,3,14.63767328260144,,,16.816497825930394,0.9590798357570722,0.7682098388028024,0.83562672004003,3997,8.245331313876239,288,17.40236070207502,827,11.85391072690276,160
pooled_per_language_pair,en-bho_IN,pooled grouped holdout; per-language subset,ridge,F2,924,26,9,19,4,12.889216248281386,,,15.41126462294447,0.8940527250926117,0.8711502001599992,0.8695038796143898,4253,13.915979323756977,517,12.290070623745967,243,10.540166716215687,164
pooled_per_language_pair,en-cs_CZ,pooled grouped holdout; per-language subset,ridge,F2,1669,47,14,20,17,10.63407434952566,,,13.699544005292335,0.6835662547795908,0.6694242561514728,0.7474189238430705,8233,15.962711172932579,428,8.69943835817123,565,8.877288513278753,676
pooled_per_language_pair,en-et_EE,pooled grouped holdout; per-language subset,ridge,F2,1059,29,10,19,8,13.255015729577593,,,16.37256806707745,0.7860377624911667,0.7928582871426122,0.8129132231404959,4840,12.90219355691894,400,14.957232587308713,464,9.928350329968472,195
pooled_per_language_pair,en-is_IS,pooled grouped holdout; per-language subset,ridge,F2,1000,29,10,19,5,14.63766351929288,,,19.301305585458792,0.7977571817126543,0.8125379134290176,0.8599955869373345,4532,15.745202350240834,562,14.114721774606842,322,10.723442991673515,116
pooled_per_language_pair,en-it_IT,pooled grouped holdout; per-language subset,ridge,F2,858,25,10,18,7,17.66867872096511,,,22.62160556356572,0.764668912137302,0.8287222359429497,0.8123623348017621,3632,33.97608678511842,243,11.673123343952962,291,10.823019631833263,324
pooled_per_language_pair,en-ja_JP,pooled grouped holdout; per-language subset,ridge,F2,927,26,9,19,38,12.083286800020497,,,15.528629452945067,0.5773020782640289,0.6141805963340399,0.7214553111839027,4274,27.965959542080647,88,10.48642982961332,229,10.39149179169583,610
pooled_per_language_pair,en-mas_KE,pooled grouped holdout; per-language subset,ridge,F2,1167,35,11,19,4,5.076621263934551,,,7.331325719410414,0.36483673401343736,0.05959492962724262,0.5584783488466208,2471,4.7082168479361695,1144,18.662327603621694,21,73.1540306482936,2
pooled_per_language_pair,en-ru_RU,pooled grouped holdout; per-language subset,ridge,F2,997,29,10,19,6,15.074201137273928,,,20.256997130021706,0.6672646514292936,0.8350609360285431,0.7994780339277947,4598,25.054145170270274,361,9.271270913548019,312,9.542579019652944,324
pooled_per_language_pair,en-sr_Cyrl_RS,pooled grouped holdout; per-language subset,ridge,F2,929,26,9,19,4,22.83783232711874,,,32.56461298026045,0.6353394563629533,0.7171282631225862,0.7829521339306768,4241,24.79855186107604,513,26.745658065185324,265,9.318475098590659,151
pooled_per_language_pair,en-uk_UA,pooled grouped holdout; per-language subset,ridge,F2,968,29,10,19,2,5.672409382148161,,,7.045773167807425,0.7304053758357553,0.7176954488864705,0.7391505078485688,4332,8.456836646942053,93,4.444859255818908,208,5.66698013274884,667
pooled_per_language_pair,en-zh_CN,pooled grouped holdout; per-language subset,ridge,F2,664,20,9,19,35,13.359849198994096,,,18.776058647106677,0.46011802722445955,0.668154418735505,0.7348345588235294,3264,26.178157607083183,94,14.015686543258878,206,9.678466003172888,364
pooled_holdout,ALL_ESA,grouped 70/15/15 holdout,catboost,F2,14407,408,159,47,152,11.27599578166571,10.483496993312743,12.205777227344075,15.954035623012821,0.8876060823984722,0.8406083475318655,0.8002975564791306,61837,14.179328273592509,5342,11.726281944661682,4581,7.357092328374555,4484
pooled_per_language_pair,cs-de_DE,pooled grouped holdout; per-language subset,catboost,F2,1004,27,19,21,12,11.650347433772067,,,13.988829163787239,0.844757808891356,0.9140839502890253,0.8649030694668821,4952,15.362826031975347,414,12.01893480284618,289,6.190254778228625,301
pooled_per_language_pair,cs-uk_UA,pooled grouped holdout; per-language subset,catboost,F2,966,26,19,19,7,9.171200219381385,,,11.493552761050411,0.7789982857056713,0.8231690047769139,0.8098624940730204,4218,13.400409893680036,197,10.299250640420972,339,6.3443085948017215,430
pooled_per_language_pair,en-ar_EG,pooled grouped holdout; per-language subset,catboost,F2,1275,34,10,19,3,11.121719720877127,,,17.851526987059472,0.912177782016132,0.7725800118582292,0.8505128846634976,3997,7.822343593553048,288,11.64986586639713,827,14.330741360403938,160
pooled_per_language_pair,en-bho_IN,pooled grouped holdout; per-language subset,catboost,F2,924,26,9,19,4,13.902278644252469,,,17.171247727600456,0.8717055375263484,0.839862480306707,0.8443451681166235,4253,17.039423174422662,517,12.50586167785697,243,6.081703038984892,164
pooled_per_language_pair,en-cs_CZ,pooled grouped holdout; per-language subset,catboost,F2,1669,47,14,20,17,9.914318886381515,,,12.817850122986172,0.7455912185099814,0.6912842811216575,0.7651524353212681,8233,13.8385025021751,428,8.582463067634166,565,8.542940114240384,676
pooled_per_language_pair,en-et_EE,pooled grouped holdout; per-language subset,catboost,F2,1059,29,10,19,8,13.011380677372175,,,16.470405204847278,0.7792253673893089,0.770233092546523,0.8235537190082645,4840,12.48811529211336,400,14.893498373668656,464,9.606270641587345,195
pooled_per_language_pair,en-is_IS,pooled grouped holdout; per-language subset,catboost,F2,1000,29,10,19,5,12.469921836590755,,,16.55059635343379,0.8435753349029048,0.8414109406970585,0.8698146513680495,4532,11.781696128048896,562,14.22667809244063,322,10.92774367983958,116
pooled_per_language_pair,en-it_IT,pooled grouped holdout; per-language subset,catboost,F2,858,25,10,18,7,14.22227318026086,,,18.473782974671394,0.8632206883000214,0.8676644633641561,0.8513215859030837,3632,25.778163513811013,243,11.475193036064173,291,8.022640374423043,324
pooled_per_language_pair,en-ja_JP,pooled grouped holdout; per-language subset,catboost,F2,927,26,9,19,38,10.807695383071628,,,14.202845012851292,0.6959157941620431,0.620295544682876,0.7375994384651381,4274,22.092059921326282,88,10.39466483865934,229,9.334842785209336,610
pooled_per_language_pair,en-mas_KE,pooled grouped holdout; per-language subset,catboost,F2,1167,35,11,19,4,6.48775411258519,,,9.521765876369216,0.38298624981675133,0.12117630350428935,0.5849858356940509,2471,5.744646760283013,1144,40.119327250736944,21,78.41364167883695,2
pooled_per_language_pair,en-ru_RU,pooled grouped holdout; per-language subset,catboost,F2,997,29,10,19,6,11.017602540336672,,,16.04441852793467,0.8207771339070558,0.8900283451062893,0.8341670291431057,4598,17.852475054495706,361,8.82243074003384,312,5.516073602321461,324
pooled_per_language_pair,en-sr_Cyrl_RS,pooled grouped holdout; per-language subset,catboost,F2,929,26,9,19,4,21.31428308278974,,,29.188538980443433,0.6994984559235228,0.7916976829767609,0.7979250176845084,4241,27.18500189947116,513,19.36900516703608,265,4.783289008068892,151
pooled_per_language_pair,en-uk_UA,pooled grouped holdout; per-language subset,catboost,F2,968,29,10,19,2,4.35801301211697,,,6.022548575516807,0.7767738455939808,0.7192853102551389,0.7393813481071099,4332,8.099953717620254,93,4.521556130288825,208,3.785273200735334,667
pooled_per_language_pair,en-zh_CN,pooled grouped holdout; per-language subset,catboost,F2,664,20,9,19,35,10.96136191838456,,,15.519130590219937,0.6635452062174445,0.6926471460878668,0.7532169117647058,3264,23.619252104701886,94,11.413189566555618,206,7.436861443008003,364
pooled_holdout,ALL_ESA,grouped 70/15/15 holdout,ridge,F3,14407,408,159,47,152,11.852800945987816,10.87200669297065,12.915552944458668,16.43841681943202,0.8801816085276076,0.8259429336027736,0.7932952762908938,61837,14.33222707606343,5342,13.35386174617971,4581,7.365411581013904,4484
pooled_per_language_pair,cs-de_DE,pooled grouped holdout; per-language subset,ridge,F3,1004,27,19,21,12,11.676683746936561,,,14.248262863016352,0.8289333617362512,0.8890331255941522,0.8521809369951535,4952,16.269757499748795,414,11.741596762103867,289,5.296974793289993,301
pooled_per_language_pair,cs-uk_UA,pooled grouped holdout; per-language subset,ridge,F3,966,26,19,19,7,9.385710623858868,,,12.036899042623379,0.7478588396609731,0.784551288513608,0.7931484115694643,4218,14.376142516882407,197,11.40501306733295,339,5.507434783711539,430
pooled_per_language_pair,en-ar_EG,pooled grouped holdout; per-language subset,ridge,F3,1275,34,10,19,3,15.497869697128538,,,17.666575953197253,0.9558430927664483,0.7672331352863184,0.8388791593695272,3997,8.249052799596049,288,18.183383326172716,827,14.66499154256493,160
pooled_per_language_pair,en-bho_IN,pooled grouped holdout; per-language subset,ridge,F3,924,26,9,19,4,13.639500450672344,,,16.68532292360093,0.8781328515066947,0.845169508067,0.8474018339995297,4253,17.052662284577192,517,11.9121102243779,243,5.439202626652487,164
pooled_per_language_pair,en-cs_CZ,pooled grouped holdout; per-language subset,ridge,F3,1669,47,14,20,17,10.175294993458156,,,13.154658001282012,0.7295337469647616,0.660056585762825,0.7584720029150978,8233,14.390466751746594,428,8.78031888936822,565,8.672436984972006,676
pooled_per_language_pair,en-et_EE,pooled grouped holdout; per-language subset,ridge,F3,1059,29,10,19,8,12.588167884718715,,,16.006622264600228,0.7990875559336356,0.789663521201879,0.8269628099173554,4840,11.608334052684418,400,14.706130338276996,464,9.558418932732442,195
pooled_per_language_pair,en-is_IS,pooled grouped holdout; per-language subset,ridge,F3,1000,29,10,19,5,13.376882278028626,,,17.705520472336545,0.8253220998217312,0.8237822827636594,0.8650706090026479,4532,13.0919379149378,562,14.697244529288865,322,11.092245098297994,116
pooled_per_language_pair,en-it_IT,pooled grouped holdout; per-language subset,ridge,F3,858,25,10,18,7,14.289971689009283,,,18.535211812420453,0.8533898621556638,0.8290261573212897,0.8499449339207048,3632,25.58462658994064,243,11.682222322658266,291,8.16112577753344,324
pooled_per_language_pair,en-ja_JP,pooled grouped holdout; per-language subset,ridge,F3,927,26,9,19,38,11.026701649546988,,,14.233299551781858,0.6694635066950978,0.5041312115192524,0.7413430042115114,4274,22.506574004325422,88,10.226787183348879,229,9.670884675020538,610
pooled_per_language_pair,en-mas_KE,pooled grouped holdout; per-language subset,ridge,F3,1167,35,11,19,4,5.7661019955825354,,,7.745954035729403,0.37049160229410666,-0.000862831851050585,0.5254957507082153,2471,5.430864830658422,1144,17.917522485211197,21,69.93184519107476,2
pooled_per_language_pair,en-ru_RU,pooled grouped holdout; per-language subset,ridge,F3,997,29,10,19,6,11.217190872316905,,,16.54524425618037,0.804463278292526,0.8657289193453109,0.8315571987820791,4598,18.087786962495517,361,9.151038024077142,312,5.551618341750011,324
pooled_per_language_pair,en-sr_Cyrl_RS,pooled grouped holdout; per-language subset,ridge,F3,929,26,9,19,4,23.03462496154725,,,32.522265004447085,0.6398859844317536,0.7150543782383194,0.7887290733317613,4241,26.753242941109765,513,26.220695444943978,265,4.809726275350553,151
pooled_per_language_pair,en-uk_UA,pooled grouped holdout; per-language subset,ridge,F3,968,29,10,19,2,4.558467889894137,,,6.170980325107305,0.7727434032103027,0.5732969798840624,0.7352262234533703,4332,8.540387302083621,93,4.568270303598651,208,4.000210907309187,667
pooled_per_language_pair,en-zh_CN,pooled grouped holdout; per-language subset,ridge,F3,664,20,9,19,35,11.61660032898677,,,16.258276335359945,0.6227143018541051,0.5993110106353068,0.7529105392156863,3264,23.233918849246546,94,12.590020725152872,206,8.065631805594911,364
pooled_holdout,ALL_ESA,grouped 70/15/15 holdout,catboost,F3,14407,408,159,47,152,11.313743814754359,10.537704698154851,12.185986698688973,15.746890587915361,0.8911396666770236,0.8355894160326504,0.8010333619030677,61837,14.320954070723822,5342,11.774719586615388,4581,7.26016504618071,4484
pooled_per_language_pair,cs-de_DE,pooled grouped holdout; per-language subset,catboost,F3,1004,27,19,21,12,11.09284701141239,,,13.563024111824829,0.8456365373707543,0.8992276811099518,0.8677302100161551,4952,14.986873586270246,414,11.405597713166486,289,5.436661115073232,301
pooled_per_language_pair,cs-uk_UA,pooled grouped holdout; per-language subset,catboost,F3,966,26,19,19,7,8.895604751089573,,,11.201946954179142,0.7883452616600873,0.7911493411151947,0.8093883357041252,4218,13.038575934261662,197,10.216849678213,339,5.9559132316018,430
pooled_per_language_pair,en-ar_EG,pooled grouped holdout; per-language subset,catboost,F3,1275,34,10,19,3,11.892023124444206,,,16.408392679635014,0.9361594788832925,0.7989705758214257,0.8615211408556417,3997,9.484127865811766,288,12.197952188213032,827,14.644963741627475,160
pooled_per_language_pair,en-bho_IN,pooled grouped holdout; per-language subset,catboost,F3,924,26,9,19,4,13.238242927576843,,,16.376843482988363,0.8783377530686314,0.8476659195780861,0.8524570891135669,4253,16.933986969768636,517,10.918532269767942,243,5.024767439981748,164
pooled_per_language_pair,en-cs_CZ,pooled grouped holdout; per-language subset,catboost,F3,1669,47,14,20,17,9.986859047912912,,,12.989335158881644,0.7419753289574468,0.6764906653831696,0.7610834446738735,8233,13.937895687927215,428,8.73209025653758,565,8.534049410636193,676
pooled_per_language_pair,en-et_EE,pooled grouped holdout; per-language subset,catboost,F3,1059,29,10,19,8,13.011187069001863,,,16.533801823828696,0.7793952666894848,0.7677411212840811,0.8205578512396694,4840,12.206672025982707,400,15.159986976006332,464,9.548432506733098,195
pooled_per_language_pair,en-is_IS,pooled grouped holdout; per-language subset,catboost,F3,1000,29,10,19,5,13.281243432415234,,,17.430738132712023,0.8327356345851427,0.8308072640761819,0.8676081200353045,4532,12.816946655811627,562,14.87167592083112,322,11.115860046047237,116
pooled_per_language_pair,en-it_IT,pooled grouped holdout; per-language subset,catboost,F3,858,25,10,18,7,14.453999999142772,,,19.028669713186556,0.8545971568975291,0.8410726434214133,0.8488436123348018,3632,26.52234675011417,243,12.003143068683393,291,7.603972549382366,324
pooled_per_language_pair,en-ja_JP,pooled grouped holdout; per-language subset,catboost,F3,927,26,9,19,38,10.818548544296851,,,13.775279941593363,0.6986050830582601,0.5104890322423556,0.7381843706130089,4274,20.39631915208742,88,10.277862370132793,229,9.639816282654225,610
pooled_per_language_pair,en-mas_KE,pooled grouped holdout; per-language subset,catboost,F3,1167,35,11,19,4,6.904405974824337,,,9.600309745242944,0.3625310137463337,0.04635384398174235,0.5841764467826791,2471,6.267178153577508,1144,34.9311040980174,21,77.1183894344833,2
pooled_per_language_pair,en-ru_RU,pooled grouped holdout; per-language subset,catboost,F3,997,29,10,19,6,11.204632945440562,,,16.424089744524487,0.8081892926810966,0.8695141735109235,0.8315571987820791,4598,18.572215647963205,361,9.055790881649141,312,5.064945810540098,324
pooled_per_language_pair,en-sr_Cyrl_RS,pooled grouped holdout; per-language subset,catboost,F3,929,26,9,19,4,20.391954498083958,,,28.521280040427136,0.693918588371235,0.7704321498221685,0.7961565668474416,4241,25.74560432200337,513,19.024624986789174,265,4.603344967106872,151
pooled_per_language_pair,en-uk_UA,pooled grouped holdout; per-language subset,catboost,F3,968,29,10,19,2,4.38420831404147,,,6.035524998827878,0.784021885942732,0.6763874703009944,0.7388042474607571,4332,7.7060879535887,93,4.842275871146749,208,3.778192034647482,667
pooled_per_language_pair,en-zh_CN,pooled grouped holdout; per-language subset,catboost,F3,664,20,9,19,35,10.989884964140364,,,14.851261841875319,0.6953101705737331,0.6347096674516205,0.7665441176470589,3264,22.911383497709455,94,10.81836013186341,206,8.008327967694095,364
