experiment_scope,fold,model,feature_set,validation_rmse,alpha,depth,l2_leaf_reg,iterations
en_bho_cv,fold_1,ridge,F1,29.96158352561813,0.01,,,
en_bho_cv,fold_1,catboost,F1,23.764297418911337,,4.0,3.0,499.0
en_bho_cv,fold_1,ridge,F2,13.867580915885796,0.01,,,
en_bho_cv,fold_1,catboost,F2,12.628584762157418,,4.0,3.0,492.0
en_bho_cv,fold_1,ridge,F3,13.708866439755472,0.01,,,
en_bho_cv,fold_1,catboost,F3,12.674173559370535,,4.0,3.0,429.0
en_bho_cv,fold_2,ridge,F1,29.128259473425988,0.01,,,
en_bho_cv,fold_2,catboost,F1,24.37946406614344,,4.0,3.0,376.0
en_bho_cv,fold_2,ridge,F2,15.278756791485726,100.0,,,
en_bho_cv,fold_2,catboost,F2,13.177821735832689,,4.0,8.0,496.0
en_bho_cv,fold_2,ridge,F3,15.49769249617056,10.0,,,
en_bho_cv,fold_2,catboost,F3,13.504256170983815,,3.0,3.0,423.0
en_bho_cv,fold_3,ridge,F1,30.667665948934417,1000.0,,,
en_bho_cv,fold_3,catboost,F1,27.12030909663056,,3.0,3.0,420.0
en_bho_cv,fold_3,ridge,F2,15.739345396960859,0.01,,,
en_bho_cv,fold_3,catboost,F2,15.076182298734807,,4.0,8.0,346.0
en_bho_cv,fold_3,ridge,F3,15.798248480439751,0.01,,,
en_bho_cv,fold_3,catboost,F3,14.997511193104561,,3.0,3.0,137.0
en_bho_cv,fold_4,ridge,F1,28.880943175492146,0.01,,,
en_bho_cv,fold_4,catboost,F1,24.016468229440143,,3.0,3.0,232.0
en_bho_cv,fold_4,ridge,F2,17.628884927685764,100.0,,,
en_bho_cv,fold_4,catboost,F2,17.272509972970784,,3.0,3.0,425.0
en_bho_cv,fold_4,ridge,F3,16.94597894002412,1000.0,,,
en_bho_cv,fold_4,catboost,F3,16.12165870549009,,4.0,8.0,450.0
en_bho_cv,fold_5,ridge,F1,28.942919946017383,1000.0,,,
en_bho_cv,fold_5,catboost,F1,24.88787881672848,,3.0,3.0,243.0
en_bho_cv,fold_5,ridge,F2,13.503556285004176,0.01,,,
en_bho_cv,fold_5,catboost,F2,11.911892792595234,,4.0,3.0,438.0
en_bho_cv,fold_5,ridge,F3,13.578714479284077,0.01,,,
en_bho_cv,fold_5,catboost,F3,12.043657659263557,,3.0,3.0,425.0
pooled_holdout,holdout,ridge,F1,30.03530533858369,0.01,,,
pooled_holdout,holdout,catboost,F1,23.925163864371566,,3.0,3.0,134.0
pooled_holdout,holdout,ridge,F2,17.167819738751227,0.01,,,
pooled_holdout,holdout,catboost,F2,15.354748802074456,,4.0,3.0,488.0
pooled_holdout,holdout,ridge,F3,15.996826534771884,0.01,,,
pooled_holdout,holdout,catboost,F3,15.24789531322529,,4.0,3.0,303.0
