phase,pool,metric,tree_index,value
saved_model,learn,RMSE,1,29.104679208979466
saved_model,learn,RMSE,2,28.80682367185555
saved_model,learn,RMSE,3,28.51934958849137
saved_model,learn,RMSE,4,28.246011887068693
saved_model,learn,RMSE,5,27.98933642235564
saved_model,learn,RMSE,6,27.74224924297621
saved_model,learn,RMSE,7,27.50927363125406
saved_model,learn,RMSE,8,27.288628624325383
saved_model,learn,RMSE,9,27.076671640732688
saved_model,learn,RMSE,10,26.87671973163715
saved_model,learn,RMSE,11,26.6776232492963
saved_model,learn,RMSE,12,26.495870580067827
saved_model,learn,RMSE,13,26.318446697877473
saved_model,learn,RMSE,14,26.15012982027157
saved_model,learn,RMSE,15,25.987724016107315
saved_model,learn,RMSE,16,25.83529447963694
saved_model,learn,RMSE,17,25.692070398574096
saved_model,learn,RMSE,18,25.55841996363552
saved_model,learn,RMSE,19,25.42128911286127
saved_model,learn,RMSE,20,25.299535480489915
saved_model,learn,RMSE,21,25.173688932035606
saved_model,learn,RMSE,22,25.06181846463899
saved_model,learn,RMSE,23,24.959714937581808
saved_model,learn,RMSE,24,24.85901779282353
saved_model,learn,RMSE,25,24.764572378633968
saved_model,learn,RMSE,26,24.66829604698317
saved_model,learn,RMSE,27,24.57918160747683
saved_model,learn,RMSE,28,24.490158155109302
saved_model,learn,RMSE,29,24.41403557555397
saved_model,learn,RMSE,30,24.335194388041664
saved_model,learn,RMSE,31,24.25821785983696
saved_model,learn,RMSE,32,24.187073627681567
saved_model,learn,RMSE,33,24.124346099340872
saved_model,learn,RMSE,34,24.063723956042487
saved_model,learn,RMSE,35,24.00419992326681
saved_model,learn,RMSE,36,23.951098704846316
saved_model,learn,RMSE,37,23.89359854144697
saved_model,learn,RMSE,38,23.837291124708443
saved_model,learn,RMSE,39,23.78536606804058
saved_model,learn,RMSE,40,23.737747867972107
saved_model,learn,RMSE,41,23.695495964013425
saved_model,learn,RMSE,42,23.650359018853297
saved_model,learn,RMSE,43,23.605852548545947
saved_model,learn,RMSE,44,23.570472521894335
saved_model,learn,RMSE,45,23.52994246997692
saved_model,learn,RMSE,46,23.49640172150162
saved_model,learn,RMSE,47,23.45871100554569
saved_model,learn,RMSE,48,23.424441626638412
saved_model,learn,RMSE,49,23.391893975741063
saved_model,learn,RMSE,50,23.36244015173088
saved_model,learn,RMSE,51,23.334614498761887
saved_model,learn,RMSE,52,23.308857730367748
saved_model,learn,RMSE,53,23.281505753200445
saved_model,learn,RMSE,54,23.25729241435215
saved_model,learn,RMSE,55,23.23286270416445
saved_model,learn,RMSE,56,23.211072281908933
saved_model,learn,RMSE,57,23.19060498694093
saved_model,learn,RMSE,58,23.16924454813249
saved_model,learn,RMSE,59,23.14574810390571
saved_model,learn,RMSE,60,23.12415170242752
saved_model,learn,RMSE,61,23.10439339602386
saved_model,learn,RMSE,62,23.08710612109008
saved_model,learn,RMSE,63,23.070209072239305
saved_model,learn,RMSE,64,23.055780127023375
saved_model,learn,RMSE,65,23.041429678682213
saved_model,learn,RMSE,66,23.026173496045043
saved_model,learn,RMSE,67,23.01194203424755
saved_model,learn,RMSE,68,22.998838297575343
saved_model,learn,RMSE,69,22.984190679655487
saved_model,learn,RMSE,70,22.97164943696701
saved_model,learn,RMSE,71,22.95826779997644
saved_model,learn,RMSE,72,22.947642661251805
saved_model,learn,RMSE,73,22.93622131040475
saved_model,learn,RMSE,74,22.926411974729536
saved_model,learn,RMSE,75,22.91321027280087
saved_model,learn,RMSE,76,22.90224222755495
saved_model,learn,RMSE,77,22.893764137625137
saved_model,learn,RMSE,78,22.884481432069368
saved_model,learn,RMSE,79,22.87227318314586
saved_model,learn,RMSE,80,22.862485109270935
saved_model,learn,RMSE,81,22.85177888845167
saved_model,learn,RMSE,82,22.84355751515127
saved_model,learn,RMSE,83,22.83543249142215
saved_model,learn,RMSE,84,22.828223853288076
saved_model,learn,RMSE,85,22.81901463117674
saved_model,learn,RMSE,86,22.81155266550049
saved_model,learn,RMSE,87,22.80480326746359
saved_model,learn,RMSE,88,22.79747090934468
saved_model,learn,RMSE,89,22.791261939860497
saved_model,learn,RMSE,90,22.78311100064337
saved_model,learn,RMSE,91,22.777546559348693
saved_model,learn,RMSE,92,22.76946187767713
saved_model,learn,RMSE,93,22.76433798091933
saved_model,learn,RMSE,94,22.759234913248655
saved_model,learn,RMSE,95,22.75373505410798
saved_model,learn,RMSE,96,22.747321696167457
saved_model,learn,RMSE,97,22.742572981335975
saved_model,learn,RMSE,98,22.738325723190716
saved_model,learn,RMSE,99,22.732424778507184
saved_model,learn,RMSE,100,22.72628032287611
saved_model,learn,RMSE,101,22.720354603686076
saved_model,learn,RMSE,102,22.71477233013055
saved_model,learn,RMSE,103,22.710195435099944
saved_model,learn,RMSE,104,22.70603342358871
saved_model,learn,RMSE,105,22.70039833651822
saved_model,learn,RMSE,106,22.69692864392087
saved_model,learn,RMSE,107,22.693374343756695
saved_model,learn,RMSE,108,22.689865449967343
saved_model,learn,RMSE,109,22.685054086279223
saved_model,learn,RMSE,110,22.679564826185935
saved_model,learn,RMSE,111,22.676063258637836
saved_model,learn,RMSE,112,22.6708984174671
saved_model,learn,RMSE,113,22.667114590342248
saved_model,learn,RMSE,114,22.66202506368616
saved_model,learn,RMSE,115,22.657479710780592
saved_model,learn,RMSE,116,22.653041663385228
saved_model,learn,RMSE,117,22.649029115465257
saved_model,learn,RMSE,118,22.645726689158373
saved_model,learn,RMSE,119,22.64197632693146
saved_model,learn,RMSE,120,22.638358931587053
saved_model,learn,RMSE,121,22.634190754619976
saved_model,learn,RMSE,122,22.628705765088448
saved_model,learn,RMSE,123,22.625664452789053
saved_model,learn,RMSE,124,22.620713919130907
saved_model,learn,RMSE,125,22.61750368519699
saved_model,learn,RMSE,126,22.61438258104952
saved_model,learn,RMSE,127,22.611556308821687
saved_model,learn,RMSE,128,22.608732997738883
saved_model,learn,RMSE,129,22.604979488224032
saved_model,learn,RMSE,130,22.60182767427801
saved_model,learn,RMSE,131,22.598158014547806
saved_model,learn,RMSE,132,22.59546746314075
saved_model,learn,RMSE,133,22.592195109326937
saved_model,learn,RMSE,134,22.58903605931873
saved_model,learn,RMSE,135,22.58640886204798
saved_model,learn,RMSE,136,22.58414192671174
saved_model,learn,RMSE,137,22.58183484774738
saved_model,learn,RMSE,138,22.579462910523414
saved_model,learn,RMSE,139,22.57779642048907
saved_model,learn,RMSE,140,22.573987373167277
saved_model,learn,RMSE,141,22.57042094866784
saved_model,learn,RMSE,142,22.568885504040814
saved_model,learn,RMSE,143,22.56698623818328
saved_model,learn,RMSE,144,22.56448386211948
saved_model,learn,RMSE,145,22.561844533490515
saved_model,learn,RMSE,146,22.55967358942173
saved_model,learn,RMSE,147,22.55779546545928
saved_model,learn,RMSE,148,22.554784579726498
saved_model,learn,RMSE,149,22.552110517093155
saved_model,learn,RMSE,150,22.549562655927662
saved_model,learn,RMSE,151,22.54800818564514
saved_model,learn,RMSE,152,22.545298997791058
saved_model,learn,RMSE,153,22.542300701560457
saved_model,learn,RMSE,154,22.539634707879312
saved_model,learn,RMSE,155,22.536213900310106
saved_model,learn,RMSE,156,22.53410761136729
saved_model,learn,RMSE,157,22.532504028506963
saved_model,learn,RMSE,158,22.529165827801663
saved_model,learn,RMSE,159,22.52648612387672
saved_model,learn,RMSE,160,22.525367555048852
saved_model,learn,RMSE,161,22.52087280359673
saved_model,learn,RMSE,162,22.51915308333495
saved_model,learn,RMSE,163,22.517324807207615
saved_model,learn,RMSE,164,22.514138220819373
saved_model,learn,RMSE,165,22.511756830126625
saved_model,learn,RMSE,166,22.50934823443246
saved_model,learn,RMSE,167,22.507716409885735
saved_model,learn,RMSE,168,22.505636149234792
saved_model,learn,RMSE,169,22.503841781982203
saved_model,learn,RMSE,170,22.502567692834035
saved_model,learn,RMSE,171,22.49940563720082
saved_model,learn,RMSE,172,22.498311069316177
saved_model,learn,RMSE,173,22.4960706134482
saved_model,learn,RMSE,174,22.493357557022243
saved_model,learn,RMSE,175,22.491638335636058
saved_model,learn,RMSE,176,22.488723002862223
saved_model,learn,RMSE,177,22.487170186858148
saved_model,learn,RMSE,178,22.48445041721656
saved_model,learn,RMSE,179,22.482616764233573
saved_model,learn,RMSE,180,22.480495472359912
saved_model,learn,RMSE,181,22.479677527834458
saved_model,learn,RMSE,182,22.476305257273076
saved_model,learn,RMSE,183,22.47458728489453
saved_model,learn,RMSE,184,22.472889164356744
saved_model,learn,RMSE,185,22.470797004613154
saved_model,learn,RMSE,186,22.46884731040335
saved_model,learn,RMSE,187,22.465415057311443
saved_model,learn,RMSE,188,22.46413159169957
saved_model,learn,RMSE,189,22.46172372501503
saved_model,learn,RMSE,190,22.45896810214529
saved_model,learn,RMSE,191,22.457575163651775
saved_model,learn,RMSE,192,22.45474880892026
saved_model,learn,RMSE,193,22.45198580031802
saved_model,learn,RMSE,194,22.44878605128457
saved_model,learn,RMSE,195,22.44649506840777
saved_model,learn,RMSE,196,22.44584045734262
saved_model,learn,RMSE,197,22.4443843160134
saved_model,learn,RMSE,198,22.442724595150462
saved_model,learn,RMSE,199,22.44093745947998
saved_model,learn,RMSE,200,22.43808254546301
saved_model,learn,RMSE,201,22.436969226667262
saved_model,learn,RMSE,202,22.434478193406797
saved_model,learn,RMSE,203,22.43322697483453
saved_model,learn,RMSE,204,22.43124316713577
saved_model,learn,RMSE,205,22.428699056321445
saved_model,learn,RMSE,206,22.426142680336127
saved_model,learn,RMSE,207,22.425377635936247
saved_model,learn,RMSE,208,22.42154908497796
saved_model,learn,RMSE,209,22.420060719790417
saved_model,learn,RMSE,210,22.418331585810733
saved_model,learn,RMSE,211,22.41711903941893
saved_model,learn,RMSE,212,22.413687259274315
saved_model,learn,RMSE,213,22.41248822643119
saved_model,learn,RMSE,214,22.40978161666959
saved_model,learn,RMSE,215,22.407762764959323
saved_model,learn,RMSE,216,22.405193823843813
saved_model,learn,RMSE,217,22.404105178103375
saved_model,learn,RMSE,218,22.40272658172521
saved_model,learn,RMSE,219,22.401424805185187
saved_model,learn,RMSE,220,22.400049037348587
saved_model,learn,RMSE,221,22.399216842853676
saved_model,learn,RMSE,222,22.39766349777882
saved_model,learn,RMSE,223,22.39631171849101
saved_model,learn,RMSE,224,22.394168979178588
saved_model,learn,RMSE,225,22.393418069149774
saved_model,learn,RMSE,226,22.391485972482865
saved_model,learn,RMSE,227,22.38864646530332
saved_model,learn,RMSE,228,22.387590654140748
saved_model,learn,RMSE,229,22.38610343300384
saved_model,learn,RMSE,230,22.385031124110792
saved_model,learn,RMSE,231,22.38288774634613
saved_model,learn,RMSE,232,22.37977392946752
saved_model,learn,RMSE,233,22.37877288800996
saved_model,learn,RMSE,234,22.375906391680413
saved_model,learn,RMSE,235,22.373411510355524
saved_model,learn,RMSE,236,22.371569888794728
saved_model,learn,RMSE,237,22.37003791921632
saved_model,learn,RMSE,238,22.368513625350865
saved_model,learn,RMSE,239,22.366918287458837
saved_model,learn,RMSE,240,22.366782415575983
saved_model,learn,RMSE,241,22.36481995767706
saved_model,learn,RMSE,242,22.362615046411996
saved_model,learn,RMSE,243,22.36023974577004
saved_model,learn,RMSE,244,22.35916763465426
saved_model,learn,RMSE,245,22.35679678434636
saved_model,learn,RMSE,246,22.355318674125716
saved_model,learn,RMSE,247,22.354054175789607
saved_model,learn,RMSE,248,22.352516368757488
saved_model,learn,RMSE,249,22.351027041833905
saved_model,learn,RMSE,250,22.348946856643256
saved_model,learn,RMSE,251,22.347922477566858
saved_model,learn,RMSE,252,22.346418274540568
saved_model,learn,RMSE,253,22.34458133562036
saved_model,learn,RMSE,254,22.34190669732614
saved_model,learn,RMSE,255,22.340727928673967
saved_model,learn,RMSE,256,22.338968516300397
saved_model,learn,RMSE,257,22.33689614897073
saved_model,learn,RMSE,258,22.33495946045764
saved_model,learn,RMSE,259,22.332704771829253
saved_model,learn,RMSE,260,22.33132710860745
saved_model,learn,RMSE,261,22.32934314106036
saved_model,learn,RMSE,262,22.32840130970076
saved_model,learn,RMSE,263,22.32569573434927
saved_model,learn,RMSE,264,22.324400127777675
saved_model,learn,RMSE,265,22.323389603487588
saved_model,learn,RMSE,266,22.32114527466934
saved_model,learn,RMSE,267,22.319249118737165
saved_model,learn,RMSE,268,22.317743414679303
saved_model,learn,RMSE,269,22.315554387887943
saved_model,learn,RMSE,270,22.31370639088326
saved_model,learn,RMSE,271,22.311703425072466
saved_model,learn,RMSE,272,22.310896251553764
saved_model,learn,RMSE,273,22.30987843989953
saved_model,learn,RMSE,274,22.30790096940867
saved_model,learn,RMSE,275,22.305385909568347
saved_model,learn,RMSE,276,22.30393806189155
saved_model,learn,RMSE,277,22.3028275693924
saved_model,learn,RMSE,278,22.30189561365617
saved_model,learn,RMSE,279,22.300906693827997
saved_model,learn,RMSE,280,22.300287140586892
saved_model,learn,RMSE,281,22.299033676766157
saved_model,learn,RMSE,282,22.298018864025035
saved_model,learn,RMSE,283,22.29666664633847
saved_model,learn,RMSE,284,22.295297933041372
saved_model,learn,RMSE,285,22.294362253489084
saved_model,learn,RMSE,286,22.293298177106134
saved_model,learn,RMSE,287,22.291178017340663
saved_model,learn,RMSE,288,22.289719053086586
saved_model,learn,RMSE,289,22.288983348471415
saved_model,learn,RMSE,290,22.28726434286824
saved_model,learn,RMSE,291,22.286199358571334
saved_model,learn,RMSE,292,22.28474660524126
saved_model,learn,RMSE,293,22.28345344608689
saved_model,learn,RMSE,294,22.28171255073881
saved_model,learn,RMSE,295,22.280237001012576
saved_model,learn,RMSE,296,22.27907762862753
saved_model,learn,RMSE,297,22.27832129199717
saved_model,learn,RMSE,298,22.27687593047016
saved_model,learn,RMSE,299,22.275723591241704
saved_model,learn,RMSE,300,22.274437617590557
saved_model,learn,RMSE,301,22.272976983439627
saved_model,learn,RMSE,302,22.270611910944453
saved_model,learn,RMSE,303,22.27002015173826
saved_model,learn,RMSE,304,22.268856513956532
saved_model,learn,RMSE,305,22.266146336932746
saved_model,learn,RMSE,306,22.264232202100168
saved_model,learn,RMSE,307,22.26226835455646
saved_model,learn,RMSE,308,22.262155986927503
saved_model,learn,RMSE,309,22.2596263958654
saved_model,learn,RMSE,310,22.25899371559208
saved_model,learn,RMSE,311,22.25732205611018
saved_model,learn,RMSE,312,22.255297378023023
saved_model,learn,RMSE,313,22.254875574576342
saved_model,learn,RMSE,314,22.25424871862704
saved_model,learn,RMSE,315,22.252711081621182
saved_model,learn,RMSE,316,22.250722127908432
saved_model,learn,RMSE,317,22.249502291364895
saved_model,learn,RMSE,318,22.248957569384658
saved_model,learn,RMSE,319,22.24842922704664
saved_model,learn,RMSE,320,22.24716475029259
saved_model,learn,RMSE,321,22.24665314336068
saved_model,learn,RMSE,322,22.245615939275577
saved_model,learn,RMSE,323,22.243685501711315
saved_model,learn,RMSE,324,22.24250332370935
saved_model,learn,RMSE,325,22.24127579691348
saved_model,learn,RMSE,326,22.23868157045597
saved_model,learn,RMSE,327,22.238095718769475
saved_model,learn,RMSE,328,22.23670971933858
saved_model,learn,RMSE,329,22.2346125246498
saved_model,learn,RMSE,330,22.233393947784684
saved_model,learn,RMSE,331,22.233123832196227
saved_model,learn,RMSE,332,22.2318155062704
saved_model,learn,RMSE,333,22.230048898155545
saved_model,learn,RMSE,334,22.229364631456203
saved_model,learn,RMSE,335,22.227871952204467
saved_model,learn,RMSE,336,22.226681813501425
saved_model,learn,RMSE,337,22.22625507335925
saved_model,learn,RMSE,338,22.225304597556914
saved_model,learn,RMSE,339,22.223140777512615
saved_model,learn,RMSE,340,22.22173754061653
saved_model,learn,RMSE,341,22.221144331680776
saved_model,learn,RMSE,342,22.219966260333607
saved_model,learn,RMSE,343,22.218268323236007
saved_model,learn,RMSE,344,22.21734258202273
saved_model,learn,RMSE,345,22.21613723315623
saved_model,learn,RMSE,346,22.215498623606177
saved_model,learn,RMSE,347,22.214072589827843
saved_model,learn,RMSE,348,22.212535522349366
saved_model,learn,RMSE,349,22.21112966599177
saved_model,learn,RMSE,350,22.20994755987638
saved_model,learn,RMSE,351,22.20901573208244
saved_model,learn,RMSE,352,22.206622154907585
saved_model,learn,RMSE,353,22.20579422890074
saved_model,learn,RMSE,354,22.20460674472262
saved_model,learn,RMSE,355,22.20434683415076
saved_model,learn,RMSE,356,22.2040964649264
saved_model,learn,RMSE,357,22.203112771472775
saved_model,learn,RMSE,358,22.20228598156739
saved_model,learn,RMSE,359,22.20157277158053
saved_model,learn,RMSE,360,22.199770314840947
saved_model,learn,RMSE,361,22.198470672523168
saved_model,learn,RMSE,362,22.19770616904622
saved_model,learn,RMSE,363,22.196688681108615
saved_model,learn,RMSE,364,22.19473792672869
saved_model,learn,RMSE,365,22.193013109870304
saved_model,learn,RMSE,366,22.192330946630292
saved_model,learn,RMSE,367,22.19174190148811
saved_model,learn,RMSE,368,22.190679729264183
saved_model,learn,RMSE,369,22.19008662385085
saved_model,learn,RMSE,370,22.189586056904183
saved_model,learn,RMSE,371,22.188165303424423
saved_model,learn,RMSE,372,22.186969171722975
saved_model,learn,RMSE,373,22.185244676145125
saved_model,learn,RMSE,374,22.18374603659858
saved_model,learn,RMSE,375,22.182066190942837
saved_model,learn,RMSE,376,22.180003325151684
saved_model,learn,RMSE,377,22.179353547169132
saved_model,learn,RMSE,378,22.177077241164852
saved_model,learn,RMSE,379,22.176968836057902
saved_model,learn,RMSE,380,22.176090631635073
saved_model,learn,RMSE,381,22.17516749378227
saved_model,learn,RMSE,382,22.173469217119223
saved_model,learn,RMSE,383,22.172110923551887
saved_model,learn,RMSE,384,22.170624381269405
saved_model,learn,RMSE,385,22.169328532263723
saved_model,learn,RMSE,386,22.168616832543655
saved_model,learn,RMSE,387,22.16846937271896
saved_model,learn,RMSE,388,22.167442121769227
saved_model,learn,RMSE,389,22.16536030481855
saved_model,learn,RMSE,390,22.16381302479395
saved_model,learn,RMSE,391,22.16263628124444
saved_model,learn,RMSE,392,22.16115861155227
saved_model,learn,RMSE,393,22.15920460035751
saved_model,learn,RMSE,394,22.15818477469333
saved_model,learn,RMSE,395,22.157748387166187
saved_model,learn,RMSE,396,22.15616777327916
saved_model,learn,RMSE,397,22.155269211276977
saved_model,learn,RMSE,398,22.154460050052663
saved_model,learn,RMSE,399,22.153906131918564
saved_model,learn,RMSE,400,22.152302159309777
saved_model,learn,RMSE,401,22.15109507668806
saved_model,learn,RMSE,402,22.149881275945287
saved_model,learn,RMSE,403,22.148124215228812
saved_model,learn,RMSE,404,22.146659592124
saved_model,learn,RMSE,405,22.14592294138924
saved_model,learn,RMSE,406,22.14484480915879
saved_model,learn,RMSE,407,22.143145791609975
saved_model,learn,RMSE,408,22.14218298563737
saved_model,learn,RMSE,409,22.141405527851457
saved_model,learn,RMSE,410,22.139726959548824
saved_model,learn,RMSE,411,22.13742175533375
saved_model,learn,RMSE,412,22.13654007541029
saved_model,learn,RMSE,413,22.135708965488217
saved_model,learn,RMSE,414,22.134748519442855
saved_model,learn,RMSE,415,22.13467574241194
saved_model,learn,RMSE,416,22.133434028048125
saved_model,learn,RMSE,417,22.132041422353197
saved_model,learn,RMSE,418,22.13126668866558
saved_model,learn,RMSE,419,22.13024889119736
saved_model,learn,RMSE,420,22.129436240342052
saved_model,learn,RMSE,421,22.128979748611787
saved_model,learn,RMSE,422,22.12681869598423
saved_model,learn,RMSE,423,22.126441952003933
saved_model,learn,RMSE,424,22.12548699825224
saved_model,learn,RMSE,425,22.123960622921885
saved_model,learn,RMSE,426,22.12288955783908
saved_model,learn,RMSE,427,22.12210407205876
saved_model,learn,RMSE,428,22.120831746992007
saved_model,learn,RMSE,429,22.12003569592229
saved_model,learn,RMSE,430,22.119782127480228
saved_model,learn,RMSE,431,22.118923129912485
saved_model,learn,RMSE,432,22.117066029105352
saved_model,learn,RMSE,433,22.115034658986744
saved_model,learn,RMSE,434,22.11363246509374
saved_model,learn,RMSE,435,22.111747604600787
saved_model,learn,RMSE,436,22.110846178151085
saved_model,learn,RMSE,437,22.10860318194478
saved_model,learn,RMSE,438,22.106887372668567
saved_model,learn,RMSE,439,22.10561586947705
saved_model,learn,RMSE,440,22.10506402602784
saved_model,learn,RMSE,441,22.103713857585777
saved_model,learn,RMSE,442,22.1014078548423
saved_model,learn,RMSE,443,22.099276849084653
saved_model,learn,RMSE,444,22.097460577648416
saved_model,learn,RMSE,445,22.096285639727572
saved_model,learn,RMSE,446,22.095003218126433
saved_model,learn,RMSE,447,22.094152805857952
saved_model,learn,RMSE,448,22.092972251129396
saved_model,learn,RMSE,449,22.091839698243852
saved_model,learn,RMSE,450,22.091243253435845
saved_model,learn,RMSE,451,22.089074096517784
saved_model,learn,RMSE,452,22.087284572563828
saved_model,learn,RMSE,453,22.086502341071252
continuation_fit,learn,RMSE,454,22.08505395083692
continuation_fit,learn,RMSE,455,22.08403390744401
continuation_fit,learn,RMSE,456,22.08345020209649
continuation_fit,learn,RMSE,457,22.08230913563741
continuation_fit,learn,RMSE,458,22.081316932148184
continuation_fit,learn,RMSE,459,22.080442573321168
continuation_fit,learn,RMSE,460,22.078518938735705
continuation_fit,learn,RMSE,461,22.077871907936835
continuation_fit,learn,RMSE,462,22.07639409913051
continuation_fit,learn,RMSE,463,22.075505084063312
continuation_fit,learn,RMSE,464,22.074348427197922
continuation_fit,learn,RMSE,465,22.073461484249407
continuation_fit,learn,RMSE,466,22.071632683669378
continuation_fit,learn,RMSE,467,22.070826633162593
continuation_fit,learn,RMSE,468,22.06986108140433
continuation_fit,learn,RMSE,469,22.069190267942403
continuation_fit,learn,RMSE,470,22.068795443380278
continuation_fit,learn,RMSE,471,22.06801940116584
continuation_fit,learn,RMSE,472,22.067183129752546
continuation_fit,learn,RMSE,473,22.06660151561321
continuation_fit,learn,RMSE,474,22.06527520698006
continuation_fit,learn,RMSE,475,22.063719694560813
continuation_fit,learn,RMSE,476,22.06292579089396
continuation_fit,learn,RMSE,477,22.0621547698728
continuation_fit,learn,RMSE,478,22.061710137294018
continuation_fit,learn,RMSE,479,22.05966339357455
continuation_fit,learn,RMSE,480,22.058924394515973
continuation_fit,learn,RMSE,481,22.05779071294052
continuation_fit,learn,RMSE,482,22.056755890150075
continuation_fit,learn,RMSE,483,22.055419349840708
continuation_fit,learn,RMSE,484,22.053834482932263
continuation_fit,learn,RMSE,485,22.052593876332462
continuation_fit,learn,RMSE,486,22.052265535624056
continuation_fit,learn,RMSE,487,22.05183561202067
continuation_fit,learn,RMSE,488,22.051208887888475
continuation_fit,learn,RMSE,489,22.04974124987002
continuation_fit,learn,RMSE,490,22.04866228493878
continuation_fit,learn,RMSE,491,22.047567804689663
continuation_fit,learn,RMSE,492,22.047154656791864
continuation_fit,learn,RMSE,493,22.046408897679193
continuation_fit,learn,RMSE,494,22.04586807140515
continuation_fit,learn,RMSE,495,22.0451740327199
continuation_fit,learn,RMSE,496,22.044043341084716
continuation_fit,learn,RMSE,497,22.042559705497144
continuation_fit,learn,RMSE,498,22.041843418822406
continuation_fit,learn,RMSE,499,22.04104682295451
continuation_fit,learn,RMSE,500,22.040320359642166
continuation_fit,learn,RMSE,501,22.03977336728479
continuation_fit,learn,RMSE,502,22.03832291339984
continuation_fit,learn,RMSE,503,22.037646234437993
continuation_fit,learn,RMSE,504,22.03684868478764
continuation_fit,learn,RMSE,505,22.03612401328802
continuation_fit,learn,RMSE,506,22.034655840255393
continuation_fit,learn,RMSE,507,22.033465124206085
continuation_fit,learn,RMSE,508,22.03301843984852
continuation_fit,learn,RMSE,509,22.03236050684699
continuation_fit,learn,RMSE,510,22.03133097547448
continuation_fit,learn,RMSE,511,22.030751468199416
continuation_fit,learn,RMSE,512,22.02920002673119
continuation_fit,learn,RMSE,513,22.027767755143437
continuation_fit,learn,RMSE,514,22.026705788729423
continuation_fit,learn,RMSE,515,22.026501322164
continuation_fit,learn,RMSE,516,22.02533206996452
continuation_fit,learn,RMSE,517,22.024835826310657
continuation_fit,learn,RMSE,518,22.02343793245472
continuation_fit,learn,RMSE,519,22.022733280661214
continuation_fit,learn,RMSE,520,22.022110100668836
continuation_fit,learn,RMSE,521,22.021944288758707
continuation_fit,learn,RMSE,522,22.021229910945618
continuation_fit,learn,RMSE,523,22.020734203070216
continuation_fit,learn,RMSE,524,22.01981876977889
continuation_fit,learn,RMSE,525,22.018727738778825
continuation_fit,learn,RMSE,526,22.0180527819168
continuation_fit,learn,RMSE,527,22.017682346635436
continuation_fit,learn,RMSE,528,22.01667888065615
continuation_fit,learn,RMSE,529,22.015996685976997
continuation_fit,learn,RMSE,530,22.015106254094064
continuation_fit,learn,RMSE,531,22.01403791738798
continuation_fit,learn,RMSE,532,22.01304092917472
continuation_fit,learn,RMSE,533,22.012607462227628
continuation_fit,learn,RMSE,534,22.012059174459402
continuation_fit,learn,RMSE,535,22.010974537206152
continuation_fit,learn,RMSE,536,22.010194168815133
continuation_fit,learn,RMSE,537,22.009390436990863
continuation_fit,learn,RMSE,538,22.00886098681513
continuation_fit,learn,RMSE,539,22.007828776229243
continuation_fit,learn,RMSE,540,22.00749923570457
continuation_fit,learn,RMSE,541,22.00666923133433
continuation_fit,learn,RMSE,542,22.00599533676617
continuation_fit,learn,RMSE,543,22.005122065296565
continuation_fit,learn,RMSE,544,22.004133035941546
continuation_fit,learn,RMSE,545,22.0026387671734
continuation_fit,learn,RMSE,546,22.00201740417387
continuation_fit,learn,RMSE,547,22.00064379146188
continuation_fit,learn,RMSE,548,21.999658042093234
continuation_fit,learn,RMSE,549,21.99886378448199
continuation_fit,learn,RMSE,550,21.99847412919809
continuation_fit,learn,RMSE,551,21.997940035734473
continuation_fit,learn,RMSE,552,21.99743391599376
continuation_fit,learn,RMSE,553,21.996922134596574
continuation_fit,learn,RMSE,554,21.996023729469357
continuation_fit,learn,RMSE,555,21.99526800114561
continuation_fit,learn,RMSE,556,21.99403305900958
continuation_fit,learn,RMSE,557,21.993051334029353
continuation_fit,learn,RMSE,558,21.99214709901915
continuation_fit,learn,RMSE,559,21.99113202233202
continuation_fit,learn,RMSE,560,21.99067162398154
continuation_fit,learn,RMSE,561,21.990073449494098
continuation_fit,learn,RMSE,562,21.989440672395133
continuation_fit,learn,RMSE,563,21.98827933451916
continuation_fit,learn,RMSE,564,21.987899414286588
continuation_fit,learn,RMSE,565,21.98759612828786
continuation_fit,learn,RMSE,566,21.987002740127735
continuation_fit,learn,RMSE,567,21.98605944916055
continuation_fit,learn,RMSE,568,21.985483993373244
continuation_fit,learn,RMSE,569,21.984468367240442
continuation_fit,learn,RMSE,570,21.98378015125369
continuation_fit,learn,RMSE,571,21.98318397190558
continuation_fit,learn,RMSE,572,21.98236219755828
continuation_fit,learn,RMSE,573,21.981527870803372
continuation_fit,learn,RMSE,574,21.98091819238905
continuation_fit,learn,RMSE,575,21.980207617371722
continuation_fit,learn,RMSE,576,21.97914348020508
continuation_fit,learn,RMSE,577,21.978256873375248
continuation_fit,learn,RMSE,578,21.97761547017477
continuation_fit,learn,RMSE,579,21.97623098404923
continuation_fit,learn,RMSE,580,21.97494187566868
continuation_fit,learn,RMSE,581,21.9744150433954
continuation_fit,learn,RMSE,582,21.97346060056766
continuation_fit,learn,RMSE,583,21.97249774277556
continuation_fit,learn,RMSE,584,21.97149067663178
continuation_fit,learn,RMSE,585,21.970565878061173
continuation_fit,learn,RMSE,586,21.96936352692534
continuation_fit,learn,RMSE,587,21.968656586715102
continuation_fit,learn,RMSE,588,21.968216594175644
continuation_fit,learn,RMSE,589,21.966760454627778
continuation_fit,learn,RMSE,590,21.965945755234404
continuation_fit,learn,RMSE,591,21.965204519778595
continuation_fit,learn,RMSE,592,21.96447953299388
continuation_fit,learn,RMSE,593,21.96393937220701
continuation_fit,learn,RMSE,594,21.963433107461395
continuation_fit,learn,RMSE,595,21.96279511227927
continuation_fit,learn,RMSE,596,21.961710863652158
continuation_fit,learn,RMSE,597,21.961256947818246
continuation_fit,learn,RMSE,598,21.959793354569328
continuation_fit,learn,RMSE,599,21.958333939932135
continuation_fit,learn,RMSE,600,21.957881543817315
continuation_fit,learn,RMSE,601,21.957077844585566
continuation_fit,learn,RMSE,602,21.956488143569924
continuation_fit,learn,RMSE,603,21.95521963023559
continuation_fit,learn,RMSE,604,21.9542228027719
continuation_fit,learn,RMSE,605,21.953449320243585
continuation_fit,learn,RMSE,606,21.95293014522363
continuation_fit,learn,RMSE,607,21.951974979048927
continuation_fit,learn,RMSE,608,21.95152939873752
continuation_fit,learn,RMSE,609,21.951231648573362
continuation_fit,learn,RMSE,610,21.950268329552756
continuation_fit,learn,RMSE,611,21.949144111930835
continuation_fit,learn,RMSE,612,21.948691091893007
continuation_fit,learn,RMSE,613,21.948103214840305
continuation_fit,validation,RMSE,454,21.731879003389665
continuation_fit,validation,RMSE,455,21.731270032207732
continuation_fit,validation,RMSE,456,21.731758932776795
continuation_fit,validation,RMSE,457,21.731153201844563
continuation_fit,validation,RMSE,458,21.732859303199128
continuation_fit,validation,RMSE,459,21.732331096083918
continuation_fit,validation,RMSE,460,21.731950971227093
continuation_fit,validation,RMSE,461,21.731891472936077
continuation_fit,validation,RMSE,462,21.73107009617434
continuation_fit,validation,RMSE,463,21.729701203126627
continuation_fit,validation,RMSE,464,21.730138426341146
continuation_fit,validation,RMSE,465,21.72875272143572
continuation_fit,validation,RMSE,466,21.726872695861687
continuation_fit,validation,RMSE,467,21.727734636668558
continuation_fit,validation,RMSE,468,21.727399488812008
continuation_fit,validation,RMSE,469,21.727277502143096
continuation_fit,validation,RMSE,470,21.726621835696687
continuation_fit,validation,RMSE,471,21.72551992123689
continuation_fit,validation,RMSE,472,21.725394167308007
continuation_fit,validation,RMSE,473,21.72563987303697
continuation_fit,validation,RMSE,474,21.726023355642337
continuation_fit,validation,RMSE,475,21.7251190222874
continuation_fit,validation,RMSE,476,21.72396285104735
continuation_fit,validation,RMSE,477,21.723721377347736
continuation_fit,validation,RMSE,478,21.723757586690574
continuation_fit,validation,RMSE,479,21.723942757912898
continuation_fit,validation,RMSE,480,21.723691874387402
continuation_fit,validation,RMSE,481,21.722978226318155
continuation_fit,validation,RMSE,482,21.721736835292376
continuation_fit,validation,RMSE,483,21.720996731527727
continuation_fit,validation,RMSE,484,21.7218532432458
continuation_fit,validation,RMSE,485,21.72245783627828
continuation_fit,validation,RMSE,486,21.721978210967205
continuation_fit,validation,RMSE,487,21.721765564541315
continuation_fit,validation,RMSE,488,21.721074911088643
continuation_fit,validation,RMSE,489,21.721359594003594
continuation_fit,validation,RMSE,490,21.720497875089077
continuation_fit,validation,RMSE,491,21.72113377849106
continuation_fit,validation,RMSE,492,21.720253976121306
continuation_fit,validation,RMSE,493,21.720212551461316
continuation_fit,validation,RMSE,494,21.719983944049112
continuation_fit,validation,RMSE,495,21.720303666176644
continuation_fit,validation,RMSE,496,21.720449168316748
continuation_fit,validation,RMSE,497,21.71972167908647
continuation_fit,validation,RMSE,498,21.7189744563367
continuation_fit,validation,RMSE,499,21.72129657182943
continuation_fit,validation,RMSE,500,21.721096332567797
continuation_fit,validation,RMSE,501,21.721035589815266
continuation_fit,validation,RMSE,502,21.72169607301849
continuation_fit,validation,RMSE,503,21.72145995656945
continuation_fit,validation,RMSE,504,21.722920862734494
continuation_fit,validation,RMSE,505,21.722840286195332
continuation_fit,validation,RMSE,506,21.72192876513737
continuation_fit,validation,RMSE,507,21.721003385375493
continuation_fit,validation,RMSE,508,21.720589616442485
continuation_fit,validation,RMSE,509,21.720442699505952
continuation_fit,validation,RMSE,510,21.71959103511581
continuation_fit,validation,RMSE,511,21.718846763430104
continuation_fit,validation,RMSE,512,21.719215483231526
continuation_fit,validation,RMSE,513,21.71883126641763
continuation_fit,validation,RMSE,514,21.719086861085287
continuation_fit,validation,RMSE,515,21.71932224755415
continuation_fit,validation,RMSE,516,21.718962089014365
continuation_fit,validation,RMSE,517,21.719240750345058
continuation_fit,validation,RMSE,518,21.719162251944013
continuation_fit,validation,RMSE,519,21.720218026710192
continuation_fit,validation,RMSE,520,21.72012418361305
continuation_fit,validation,RMSE,521,21.721553543605747
continuation_fit,validation,RMSE,522,21.721983263702622
continuation_fit,validation,RMSE,523,21.724830632054303
continuation_fit,validation,RMSE,524,21.724629861818197
continuation_fit,validation,RMSE,525,21.725013006532613
continuation_fit,validation,RMSE,526,21.7243336444753
continuation_fit,validation,RMSE,527,21.723923829682708
continuation_fit,validation,RMSE,528,21.723533158290252
continuation_fit,validation,RMSE,529,21.723484760542984
continuation_fit,validation,RMSE,530,21.722671355819617
continuation_fit,validation,RMSE,531,21.722277824566852
continuation_fit,validation,RMSE,532,21.722187860737055
continuation_fit,validation,RMSE,533,21.72425904821752
continuation_fit,validation,RMSE,534,21.723607652833273
continuation_fit,validation,RMSE,535,21.723222631008944
continuation_fit,validation,RMSE,536,21.7247824756276
continuation_fit,validation,RMSE,537,21.72410515353768
continuation_fit,validation,RMSE,538,21.723871013447592
continuation_fit,validation,RMSE,539,21.72277453603079
continuation_fit,validation,RMSE,540,21.723091249050707
continuation_fit,validation,RMSE,541,21.72250004706491
continuation_fit,validation,RMSE,542,21.72252937926687
continuation_fit,validation,RMSE,543,21.72268913012333
continuation_fit,validation,RMSE,544,21.72154652504299
continuation_fit,validation,RMSE,545,21.72152110460425
continuation_fit,validation,RMSE,546,21.72145358221806
continuation_fit,validation,RMSE,547,21.721859771998773
continuation_fit,validation,RMSE,548,21.721726733983388
continuation_fit,validation,RMSE,549,21.72120143566224
continuation_fit,validation,RMSE,550,21.720998743473363
continuation_fit,validation,RMSE,551,21.722400519227026
continuation_fit,validation,RMSE,552,21.722816057609148
continuation_fit,validation,RMSE,553,21.723786053115195
continuation_fit,validation,RMSE,554,21.723923979723747
continuation_fit,validation,RMSE,555,21.723469692168017
continuation_fit,validation,RMSE,556,21.724436980763663
continuation_fit,validation,RMSE,557,21.72404693742578
continuation_fit,validation,RMSE,558,21.723964768535076
continuation_fit,validation,RMSE,559,21.724275599052252
continuation_fit,validation,RMSE,560,21.723785510106165
continuation_fit,validation,RMSE,561,21.723641084557084
continuation_fit,validation,RMSE,562,21.723667416472757
continuation_fit,validation,RMSE,563,21.72434923622051
continuation_fit,validation,RMSE,564,21.724109796096755
continuation_fit,validation,RMSE,565,21.724293673540004
continuation_fit,validation,RMSE,566,21.72501778896817
continuation_fit,validation,RMSE,567,21.723442370302195
continuation_fit,validation,RMSE,568,21.723253178697775
continuation_fit,validation,RMSE,569,21.721962718830707
continuation_fit,validation,RMSE,570,21.72200568419904
continuation_fit,validation,RMSE,571,21.721237833359922
continuation_fit,validation,RMSE,572,21.720488956927777
continuation_fit,validation,RMSE,573,21.72121140133287
continuation_fit,validation,RMSE,574,21.72217215393186
continuation_fit,validation,RMSE,575,21.72183044513448
continuation_fit,validation,RMSE,576,21.72215174064585
continuation_fit,validation,RMSE,577,21.7224171399597
continuation_fit,validation,RMSE,578,21.723873415589733
continuation_fit,validation,RMSE,579,21.72455547332671
continuation_fit,validation,RMSE,580,21.72480701756708
continuation_fit,validation,RMSE,581,21.724970515297247
continuation_fit,validation,RMSE,582,21.725585100025913
continuation_fit,validation,RMSE,583,21.72452254477167
continuation_fit,validation,RMSE,584,21.72506032460173
continuation_fit,validation,RMSE,585,21.723966256922747
continuation_fit,validation,RMSE,586,21.72431955500667
continuation_fit,validation,RMSE,587,21.723939386644943
continuation_fit,validation,RMSE,588,21.72464539469211
continuation_fit,validation,RMSE,589,21.724024910573366
continuation_fit,validation,RMSE,590,21.723205160261422
continuation_fit,validation,RMSE,591,21.723560393130644
continuation_fit,validation,RMSE,592,21.722912304588093
continuation_fit,validation,RMSE,593,21.7225694222014
continuation_fit,validation,RMSE,594,21.72197732587754
continuation_fit,validation,RMSE,595,21.722189270251015
continuation_fit,validation,RMSE,596,21.722869823409084
continuation_fit,validation,RMSE,597,21.724117155960858
continuation_fit,validation,RMSE,598,21.723606229593717
continuation_fit,validation,RMSE,599,21.723271512049124
continuation_fit,validation,RMSE,600,21.72293583144541
continuation_fit,validation,RMSE,601,21.722786661622614
continuation_fit,validation,RMSE,602,21.72221505459867
continuation_fit,validation,RMSE,603,21.722642604045404
continuation_fit,validation,RMSE,604,21.722613964731828
continuation_fit,validation,RMSE,605,21.722939578352587
continuation_fit,validation,RMSE,606,21.72340976702025
continuation_fit,validation,RMSE,607,21.723282145686895
continuation_fit,validation,RMSE,608,21.722660505645816
continuation_fit,validation,RMSE,609,21.722516435807886
continuation_fit,validation,RMSE,610,21.7220518229285
continuation_fit,validation,RMSE,611,21.721624679529853
continuation_fit,validation,RMSE,612,21.722164849906815
continuation_fit,validation,RMSE,613,21.723273069374123
