feature,importance,feature_set,training_scope
total_error_coverage,58.94773111382782,F3,en_bho_cv_full_data_after_oof_evaluation
max_error_span_length,9.101356731050483,F3,en_bho_cv_full_data_after_oof_evaluation
error_density,7.577336563260503,F3,en_bho_cv_full_data_after_oof_evaluation
n_total,5.83209870838325,F3,en_bho_cv_full_data_after_oof_evaluation
minor_coverage,4.229893313467442,F3,en_bho_cv_full_data_after_oof_evaluation
major_fraction,3.1513715988088276,F3,en_bho_cv_full_data_after_oof_evaluation
mean_error_span_length,3.0017397389964335,F3,en_bho_cv_full_data_after_oof_evaluation
major_coverage,2.5395927807433343,F3,en_bho_cv_full_data_after_oof_evaluation
n_major,1.8536870397794751,F3,en_bho_cv_full_data_after_oof_evaluation
has_major_error,1.8334533129603503,F3,en_bho_cv_full_data_after_oof_evaluation
n_minor,0.7060210722149969,F3,en_bho_cv_full_data_after_oof_evaluation
source_word_length,0.4667159357688205,F3,en_bho_cv_full_data_after_oof_evaluation
has_zero_errors,0.21295839965798546,F3,en_bho_cv_full_data_after_oof_evaluation
target_word_length,0.20047737621204953,F3,en_bho_cv_full_data_after_oof_evaluation
source_char_length,0.19902071849689074,F3,en_bho_cv_full_data_after_oof_evaluation
target_char_length,0.14654559637133524,F3,en_bho_cv_full_data_after_oof_evaluation
