target,stratum,model,n_translations,mae,rmse,pearson,spearman,mean_bias_pred_minus_human,within_10_points_pct
independent_annotator_b,major_errors_in_input_annotation,mean_cross,51,26.266860107648025,32.54103511497413,0.042821262516117856,-0.0800253888589238,5.874479271778524,15.686274509803921
independent_annotator_b,major_errors_in_input_annotation,fixed_penalty,51,32.294117647058826,44.78598345158326,-0.16974241936591022,-0.24215013536373034,17.745098039215687,35.294117647058826
independent_annotator_b,major_errors_in_input_annotation,ridge_cross_F3,51,20.964123871717284,25.295913835498503,0.6293508801128878,0.40572718055211604,-3.9984668652519115,23.52941176470588
independent_annotator_b,major_errors_in_input_annotation,catboost_cross_F3,51,20.059385997906087,25.167231638964147,0.6255319071013714,0.4463678596090951,-2.563038180780921,25.49019607843137
independent_annotator_b,major_errors_in_input_annotation,Luna_feature_only,51,19.45098039215686,26.958210215799113,0.6044918736065927,0.44345574894675455,-1.7647058823529411,43.13725490196079
independent_annotator_b,major_errors_in_input_annotation,Luna_context_aware,51,24.725490196078432,31.657170918896643,0.2893525555627699,0.32406987596037734,-2.5294117647058822,25.49019607843137
independent_annotator_b,minor_only_in_input_annotation,mean_cross,36,24.93148346309455,30.8062831278293,-0.22310451606176734,-0.22088836009343515,0.39248812935427796,16.666666666666664
independent_annotator_b,minor_only_in_input_annotation,fixed_penalty,36,28.27777777777778,41.713973145165106,-0.1290694227268504,-0.019093787501369124,28.0,44.44444444444444
independent_annotator_b,minor_only_in_input_annotation,ridge_cross_F3,36,21.99027312153594,29.378725956945562,0.3788381673944681,0.10753677488893432,7.4985494382292615,25.0
independent_annotator_b,minor_only_in_input_annotation,catboost_cross_F3,36,22.474066840016953,29.72601902603959,0.34755963966906867,0.1557607003187442,7.489430261668932,25.0
independent_annotator_b,minor_only_in_input_annotation,Luna_feature_only,36,25.22222222222222,38.73987322872621,0.023373685837390187,0.056345022308840455,22.77777777777778,55.55555555555556
independent_annotator_b,minor_only_in_input_annotation,Luna_context_aware,36,16.666666666666668,22.791323885295572,0.6960319308511849,0.5097609807701549,5.333333333333333,41.66666666666667
independent_annotator_b,zero_errors_in_input_annotation,mean_cross,13,23.433113738128334,24.428834591548334,-0.03658890753808399,0.13982151708938842,-14.914283916314426,0.0
independent_annotator_b,zero_errors_in_input_annotation,fixed_penalty,13,14.846153846153847,24.361066037050563,,,14.846153846153847,61.53846153846154
independent_annotator_b,zero_errors_in_input_annotation,ridge_cross_F3,13,13.399248819781349,19.4735791127525,-0.03700174033358924,-0.053080081056786306,1.240840638188236,53.84615384615385
independent_annotator_b,zero_errors_in_input_annotation,catboost_cross_F3,13,13.6159599643831,19.400182152651247,-0.05815903109829014,0.13288285957996146,0.16483396279667334,53.84615384615385
independent_annotator_b,zero_errors_in_input_annotation,Luna_feature_only,13,14.846153846153847,24.361066037050563,,,14.846153846153847,61.53846153846154
independent_annotator_b,zero_errors_in_input_annotation,Luna_context_aware,13,16.692307692307693,21.677709217605926,-0.12744817169317843,0.10253456241628472,-1.0,38.46153846153847
