target,model,n_translations,n_documents,mae,rmse,pearson,spearman,mean_bias_pred_minus_human,within_10_points_pct,document_bootstrap_mae_ci_low,document_bootstrap_mae_ci_high
independent_annotator_b,mean_cross,100,29,25.417737487571216,30.972217492946836,-0.10172657429990331,-0.14100733424173617,1.1984232460537123,14.000000000000002,22.52951794624234,28.555247700654338
independent_annotator_b,fixed_penalty,100,29,28.58,41.55141393502753,-0.037364810158491066,0.13204514999569145,21.06,42.0,21.525656565656565,37.08158214394169
independent_annotator_b,ridge_cross_F3,100,29,20.350103844900328,26.198445217059817,0.5400797078744686,0.3486203852401376,0.8215689794485296,28.000000000000004,16.663183609832476,24.059729049928535
independent_annotator_b,catboost_cross_F3,100,29,20.091025716708014,26.269096349508228,0.5337013462191229,0.3752501068127442,1.4104738371661134,28.999999999999996,16.174220096581795,23.68615736382682
independent_annotator_b,Luna_feature_only,100,29,20.93,31.433580769616434,0.451904548580222,0.33276836445798774,9.23,50.0,15.809415584415586,25.83387096774193
independent_annotator_b,Luna_context_aware,100,29,20.78,27.55358415887124,0.4710961336709802,0.4408920524525412,0.5,33.0,17.870949273577935,25.127441424554828
input_annotator_a,mean_cross,100,29,24.298846034379473,29.66797156383808,-0.04446195683471016,-0.048393152022394234,1.2784232460537124,20.0,20.4176968470916,29.11219718882218
input_annotator_a,fixed_penalty,100,29,24.26,36.70830968595531,0.2637643829146719,0.522337412694404,21.14,48.0,19.49985632183908,29.558370445344128
input_annotator_a,ridge_cross_F3,100,29,14.801380116626026,16.777483149260476,0.842408408056508,0.7771181053692658,0.9015689794485299,25.0,12.783954070543762,17.332142033822844
input_annotator_a,catboost_cross_F3,100,29,16.084815951573557,18.225282809028442,0.8077662742078819,0.759440316344162,1.4904738371661128,18.0,14.18096773041123,18.27867124321655
input_annotator_a,Luna_feature_only,100,29,14.05,20.504389773899636,0.7915235958676012,0.7520743331094346,9.31,50.0,10.864811870694224,16.658749999999998
input_annotator_a,Luna_context_aware,100,29,17.84,23.85036687348855,0.5939995145072531,0.602561144514795,0.58,43.0,14.714879310344827,20.738895348837207
mean_of_a_and_b,mean_cross,100,29,19.87765701749671,26.199110606498714,-0.08536047003136316,-0.14390839856251966,1.2384232460537123,33.0,17.030465604022147,23.562097856908537
mean_of_a_and_b,fixed_penalty,100,29,25.37,36.10637062901781,0.1274316920239458,0.39134692690557116,21.1,33.0,20.463614864864862,31.68173366543095
mean_of_a_and_b,ridge_cross_F3,100,29,12.718623795656947,15.829757935846708,0.7969297965669309,0.6406523672566757,0.8615689794485296,44.0,10.127402594096193,14.935651936884323
mean_of_a_and_b,catboost_cross_F3,100,29,12.789190787265733,16.666528680094334,0.7735195082240148,0.6572209167818529,1.4504738371661134,47.0,10.36609965860269,15.156386460532394
mean_of_a_and_b,Luna_feature_only,100,29,14.73,21.700460824600018,0.715941748303598,0.6286815284608599,9.27,51.0,11.135828108672937,18.447326014913003
mean_of_a_and_b,Luna_context_aware,100,29,14.72,20.752831132161223,0.6153148560410635,0.6303643432962718,0.54,49.0,12.1851314484127,18.101580725462302
